timestamp,frame_idx,did_infer,detections,capture_ms,infer_ms,draw_ms,encode_ms,emit_ms,loop_ms,display_fps
2026-04-24 10:17:22,1,0,0,620.065,0.0,3.773,1.722,0.363,681.987,0.16
2026-04-24 10:17:22,2,0,0,2.523,0.0,2.523,0.872,0.219,6.422,1.622
2026-04-24 10:17:23,3,1,1,3.675,480.431,3.327,1.117,0.242,489.661,1.664
2026-04-24 10:17:23,4,0,1,2.543,0.0,2.887,0.994,0.216,6.941,6.351
2026-04-24 10:17:23,5,0,1,10.783,0.0,2.43,1.072,0.243,14.822,11.443
2026-04-24 10:17:23,6,1,1,33.696,113.17,2.943,0.81,0.165,151.387,10.944
2026-04-24 10:17:23,7,0,1,2.177,0.0,2.486,1.171,0.251,6.372,14.249
2026-04-24 10:17:23,8,0,1,14.904,0.0,2.532,0.982,0.232,18.95,16.277
2026-04-24 10:17:23,9,1,1,18.639,115.006,3.043,1.035,0.192,138.56,15.345
2026-04-24 10:17:23,10,0,1,1.895,0.0,2.468,1.005,0.217,5.855,19.031
2026-04-24 10:17:23,11,0,1,17.611,0.0,13.496,1.377,0.466,34.605,19.648
2026-04-24 10:17:24,12,1,1,2.157,165.159,3.843,1.123,0.247,173.453,18.201
2026-04-24 10:17:24,13,0,1,1.906,0.0,2.862,1.001,0.229,6.323,22.475
2026-04-24 10:17:24,14,0,1,2.006,0.0,3.398,1.105,0.219,7.011,26.617
2026-04-24 10:17:24,15,1,1,2.6,123.411,3.177,0.848,0.161,130.812,24.666
2026-04-24 10:17:24,16,0,1,1.908,0.0,3.182,1.189,0.244,6.868,27.788
2026-04-24 10:17:24,17,0,1,1.742,0.0,3.946,1.148,0.25,7.52,30.535
2026-04-24 10:17:24,18,1,1,2.388,151.208,4.535,1.418,0.285,160.694,28.064
2026-04-24 10:17:24,19,0,1,2.748,0.0,3.851,1.266,0.276,8.458,29.962
2026-04-24 10:17:24,20,0,1,5.265,0.0,3.596,1.43,0.318,10.899,32.712
2026-04-24 10:17:24,21,1,1,1.593,123.575,3.97,1.07,0.207,131.084,30.169
2026-04-24 10:17:24,22,0,1,1.762,0.0,3.006,1.159,0.227,6.445,31.505
2026-04-24 10:17:24,23,0,1,2.493,0.0,3.305,1.13,0.245,7.453,33.694
2026-04-24 10:17:24,24,1,1,16.234,113.098,3.12,1.03,0.194,134.294,31.035
2026-04-24 10:17:24,25,0,1,1.644,0.0,2.74,0.812,0.182,5.642,33.4
2026-04-24 10:17:24,26,0,1,2.516,0.0,3.189,1.013,0.225,7.239,36.317
2026-04-24 10:17:24,27,1,1,1.718,133.763,2.902,1.17,0.251,140.423,33.36
2026-04-24 10:17:24,28,0,1,2.012,0.0,3.209,1.236,0.248,6.994,35.325
2026-04-24 10:17:24,29,0,1,2.071,0.0,3.848,1.748,0.276,8.305,37.0
2026-04-24 10:17:25,30,1,1,2.178,136.055,3.206,1.06,0.201,143.436,33.951
2026-04-24 10:17:25,31,0,1,2.242,0.0,3.051,1.148,0.265,7.045,35.522
2026-04-24 10:17:25,32,0,1,2.289,0.0,2.985,1.136,0.262,6.969,37.178
2026-04-24 10:17:25,33,1,1,1.706,120.715,2.664,0.799,0.15,126.614,34.206
2026-04-24 10:17:25,34,0,1,1.984,0.0,3.314,1.169,0.258,7.039,35.744
2026-04-24 10:17:25,35,0,1,11.236,0.0,4.316,1.369,0.279,17.507,35.727
2026-04-24 10:17:25,36,1,1,1.762,203.834,3.337,1.123,0.218,210.99,32.611
2026-04-24 10:17:25,37,0,1,2.04,0.0,3.265,1.325,0.307,7.268,34.082
2026-04-24 10:17:25,38,0,1,2.337,0.0,2.842,1.11,0.242,6.815,36.493
2026-04-24 10:17:25,39,1,1,2.751,162.76,3.01,1.058,0.203,170.404,33.401
2026-04-24 10:17:25,40,0,1,1.429,0.0,3.167,1.286,0.221,6.389,36.011
2026-04-24 10:17:25,41,0,1,2.356,0.0,2.602,1.063,0.233,6.556,37.89
2026-04-24 10:17:26,42,1,1,7.51,139.29,3.067,1.088,0.219,151.836,34.72
2026-04-24 10:17:26,43,0,1,2.455,0.0,2.876,0.787,0.228,6.64,36.95
2026-04-24 10:17:26,44,0,1,2.615,0.0,2.863,1.182,0.251,7.203,39.974
2026-04-24 10:17:26,45,1,1,15.575,207.089,3.176,1.118,0.261,227.891,36.37
2026-04-24 10:17:26,46,0,1,1.83,0.0,2.836,1.212,0.257,6.48,38.095
2026-04-24 10:17:26,47,0,1,4.392,0.0,3.406,1.161,0.275,9.566,39.116
2026-04-24 10:17:26,48,1,1,14.156,188.387,3.308,1.163,0.237,207.942,35.661
2026-04-24 10:17:26,49,0,1,1.764,0.0,3.005,1.123,0.387,6.58,37.448
2026-04-24 10:17:26,50,0,1,2.525,0.0,3.757,1.148,0.244,7.935,39.7
2026-04-24 10:17:26,51,1,1,1.596,195.388,3.807,1.233,0.261,203.043,36.198
2026-04-24 10:17:26,52,0,1,1.668,0.0,3.664,1.115,0.33,7.088,37.833
2026-04-24 10:17:26,53,0,1,2.457,0.0,3.439,1.414,0.35,8.066,39.479
2026-04-24 10:17:27,54,1,1,2.252,218.528,3.155,1.2,0.232,226.032,35.955
2026-04-24 10:17:27,55,0,1,2.888,0.0,3.011,1.072,0.211,7.466,37.346
2026-04-24 10:17:27,56,0,1,2.383,0.0,2.598,1.117,0.275,6.827,40.108
2026-04-24 10:17:27,57,1,1,2.402,136.733,3.158,0.718,0.186,143.844,36.775
2026-04-24 10:17:27,58,0,1,2.486,0.0,3.384,1.183,0.243,7.607,36.328
2026-04-24 10:17:27,59,0,1,2.474,0.0,3.089,1.001,0.206,7.112,38.873
2026-04-24 10:17:27,60,1,1,2.447,242.169,5.051,1.498,0.289,252.185,35.37
2026-04-24 10:17:27,61,0,1,2.533,0.0,3.022,1.161,0.231,7.224,36.148
2026-04-24 10:17:27,62,0,1,2.438,0.0,2.639,0.85,0.189,6.38,37.669
2026-04-24 10:17:27,63,1,1,2.436,130.195,2.971,0.831,0.167,137.297,34.582
2026-04-24 10:17:27,64,0,1,7.665,0.0,3.061,1.116,0.23,12.368,41.371
2026-04-24 10:17:27,65,0,1,2.062,0.0,2.693,0.919,0.204,6.154,40.56
2026-04-24 10:17:27,66,1,1,2.374,120.767,2.576,1.087,0.201,127.65,37.261
2026-04-24 10:17:27,67,0,1,2.43,0.0,3.067,1.368,0.291,7.517,38.001
2026-04-24 10:17:27,68,0,1,2.493,0.0,2.889,1.008,0.22,6.891,40.496
2026-04-24 10:17:28,69,1,1,3.362,114.377,3.206,1.089,0.204,122.916,37.252
2026-04-24 10:17:28,70,0,1,2.709,0.0,4.163,1.105,0.227,8.485,36.755
2026-04-24 10:17:28,71,0,1,1.955,0.0,4.0,1.637,0.549,8.542,36.646
2026-04-24 10:17:28,72,1,1,2.456,125.361,2.536,0.805,0.177,131.861,33.687
2026-04-24 10:17:28,73,0,1,2.384,0.0,2.511,0.944,0.232,6.35,36.348
2026-04-24 10:17:28,74,0,1,2.639,0.0,1.661,0.703,0.158,5.391,38.691
2026-04-24 10:17:28,75,1,1,2.467,113.137,2.93,0.742,0.179,120.053,35.605
2026-04-24 10:17:28,76,0,1,1.526,0.0,3.875,1.159,0.252,7.149,36.902
2026-04-24 10:17:28,77,0,1,2.492,0.0,2.654,0.952,0.212,6.609,39.16
2026-04-24 10:17:28,78,1,1,1.924,110.72,3.261,0.822,0.158,117.534,36.039
2026-04-24 10:17:28,79,0,1,1.794,0.0,3.226,1.07,0.245,6.652,37.618
2026-04-24 10:17:28,80,0,1,1.705,0.0,3.465,1.018,0.224,6.695,38.641
2026-04-24 10:17:28,81,1,1,15.145,114.623,3.133,1.026,0.211,134.78,35.464
2026-04-24 10:17:28,82,0,1,2.381,0.0,2.573,0.988,0.223,6.574,38.189
2026-04-24 10:17:28,83,0,1,4.18,0.0,2.83,0.975,0.214,8.481,37.866
2026-04-24 10:17:28,84,1,1,18.222,122.805,3.205,1.231,0.229,146.356,34.739
2026-04-24 10:17:29,85,0,1,2.438,0.0,3.038,1.105,0.239,7.13,35.979
2026-04-24 10:17:29,86,0,1,16.769,0.0,2.924,1.036,0.216,21.223,35.237
2026-04-24 10:17:29,87,1,1,8.391,112.123,2.685,0.926,0.16,124.842,32.43
2026-04-24 10:17:29,88,0,1,1.728,0.0,2.94,1.031,0.236,6.253,33.947
2026-04-24 10:17:29,89,0,1,15.968,0.0,3.125,0.968,0.213,20.56,33.764
2026-04-24 10:17:29,90,1,1,6.946,112.379,3.135,1.089,0.188,124.379,31.089
2026-04-24 10:17:29,91,0,1,2.438,0.0,2.555,0.977,0.249,6.516,32.786
2026-04-24 10:17:29,92,0,1,15.198,0.0,2.809,0.931,0.206,19.419,32.922
2026-04-24 10:17:29,93,1,1,17.107,111.595,2.903,1.011,0.182,133.409,30.341
2026-04-24 10:17:29,94,0,1,2.003,0.0,2.818,1.078,0.227,6.443,32.451
2026-04-24 10:17:29,95,0,1,1.583,0.0,3.367,1.029,0.224,6.492,34.962
2026-04-24 10:17:29,96,1,1,2.593,118.882,3.098,1.098,0.206,126.537,32.199
2026-04-24 10:17:29,97,0,1,2.138,0.0,3.068,1.309,0.345,7.19,35.321
2026-04-24 10:17:29,98,0,1,2.436,0.0,3.97,1.52,0.258,8.494,37.331
2026-04-24 10:17:29,99,1,1,2.038,125.311,2.8,0.81,0.164,131.753,34.317
2026-04-24 10:17:29,100,0,1,2.62,0.0,2.598,1.027,0.214,6.76,34.135
2026-04-24 10:17:29,101,0,1,2.627,0.0,3.061,1.035,0.225,7.446,36.733
2026-04-24 10:17:30,102,1,1,2.594,116.971,3.292,0.976,0.187,124.726,33.815
2026-04-24 10:17:30,103,0,1,2.431,0.0,2.476,0.965,0.208,6.362,35.407
2026-04-24 10:17:30,104,0,1,1.64,0.0,3.155,0.747,0.175,6.018,36.102
2026-04-24 10:17:30,105,1,1,13.048,115.851,2.899,1.009,0.184,133.593,33.198
2026-04-24 10:17:30,106,0,1,2.486,0.0,2.659,1.007,0.218,6.669,32.95
2026-04-24 10:17:30,107,0,1,2.447,0.0,2.75,0.967,0.208,6.65,35.593
2026-04-24 10:17:30,108,1,1,12.721,112.387,2.873,0.779,0.148,129.545,32.755
2026-04-24 10:17:30,109,0,1,2.468,0.0,2.711,1.013,0.231,6.748,33.965
2026-04-24 10:17:30,110,0,1,2.562,0.0,2.963,1.086,0.293,7.264,36.656
2026-04-24 10:17:30,111,1,1,3.371,117.396,3.163,1.129,0.231,125.968,33.779
2026-04-24 10:17:30,112,0,1,2.417,0.0,3.355,1.139,0.305,7.535,34.64
2026-04-24 10:17:30,113,0,1,2.12,0.0,3.233,1.029,0.257,6.982,37.031
2026-04-24 10:17:30,114,1,1,2.172,121.2,2.69,0.803,0.184,127.712,34.058
2026-04-24 10:17:30,115,0,1,2.057,0.0,2.777,1.015,0.219,6.362,36.95
2026-04-24 10:17:30,116,0,1,10.641,0.0,3.311,0.955,0.21,15.435,37.31
2026-04-24 10:17:31,117,1,1,2.047,168.941,4.124,1.957,0.347,178.531,34.086
2026-04-24 10:17:31,118,0,1,2.23,0.0,4.957,2.056,0.359,10.1,33.12
2026-04-24 10:17:31,119,0,1,2.244,0.0,4.62,1.917,0.412,9.649,33.866
2026-04-24 10:17:31,120,1,1,1.598,157.27,4.713,1.868,0.355,166.693,31.025
2026-04-24 10:17:31,121,0,1,2.403,0.0,4.769,1.936,0.38,9.999,31.96
2026-04-24 10:17:31,122,0,1,4.643,0.0,4.664,1.811,0.36,11.975,32.542
2026-04-24 10:17:31,123,1,1,26.88,149.98,5.341,1.551,0.358,185.207,29.791
2026-04-24 10:17:31,124,0,1,2.219,0.0,5.016,2.034,0.358,10.098,30.941
2026-04-24 10:17:31,125,0,1,2.675,0.0,5.218,1.737,0.363,10.469,32.581
2026-04-24 10:17:31,126,1,1,2.69,152.972,5.087,1.931,0.373,164.288,29.881
2026-04-24 10:17:31,127,0,1,2.189,0.0,4.569,1.745,0.364,9.43,31.489
2026-04-24 10:17:31,128,0,1,2.308,0.0,2.851,1.269,0.291,7.128,33.247
2026-04-24 10:17:32,129,1,1,2.287,171.609,4.177,1.459,0.159,180.651,30.444
2026-04-24 10:17:32,130,0,1,1.656,0.0,3.684,1.552,0.339,7.666,33.278
2026-04-24 10:17:32,131,0,1,9.721,0.0,3.718,1.252,0.237,15.375,33.316
2026-04-24 10:17:32,132,1,1,16.311,154.891,3.42,1.453,0.198,177.134,30.518
2026-04-24 10:17:32,133,0,1,2.328,0.0,4.333,1.777,0.475,9.42,32.281
2026-04-24 10:17:32,134,0,1,2.684,0.0,2.926,1.31,0.387,7.758,33.568
2026-04-24 10:17:32,135,1,1,2.092,163.233,4.94,1.851,0.396,173.404,30.739
2026-04-24 10:17:32,136,0,1,2.145,0.0,4.392,1.788,0.356,9.156,32.123
2026-04-24 10:17:32,137,0,1,1.783,0.0,4.717,1.801,0.361,9.173,33.041
2026-04-24 10:17:32,138,1,1,1.868,150.724,4.872,1.778,0.339,160.564,30.336
2026-04-24 10:17:32,139,0,1,3.222,0.0,4.817,1.737,0.355,10.623,30.565
2026-04-24 10:17:32,140,0,1,4.701,0.0,4.942,1.792,0.368,12.289,31.263
2026-04-24 10:17:32,141,1,1,24.827,167.846,3.532,1.196,0.348,198.706,28.61
2026-04-24 10:17:32,142,0,1,1.777,0.0,3.75,1.115,0.251,7.297,30.403
2026-04-24 10:17:33,143,0,1,1.78,0.0,4.184,1.083,0.364,7.862,32.805
2026-04-24 10:17:33,144,1,1,1.66,164.242,3.575,1.443,0.318,172.207,30.062
2026-04-24 10:17:33,145,0,1,2.238,0.0,3.554,1.677,0.347,8.226,31.393
2026-04-24 10:17:33,146,0,1,1.947,0.0,3.835,2.166,0.371,8.728,32.708
2026-04-24 10:17:33,147,1,1,1.928,157.757,3.795,1.134,0.363,165.941,29.998
2026-04-24 10:17:33,148,0,1,1.662,0.0,2.418,0.805,0.18,5.464,31.437
2026-04-24 10:17:33,149,0,1,1.885,0.0,2.455,0.796,0.177,5.72,31.707
2026-04-24 10:17:33,150,1,1,2.323,152.521,3.934,1.229,0.205,161.305,29.112
2026-04-24 10:17:33,151,0,1,1.899,0.0,3.772,1.841,0.351,8.319,30.575
2026-04-24 10:17:33,152,0,1,2.513,0.0,4.071,1.916,0.338,9.27,32.073
2026-04-24 10:17:33,153,1,1,2.545,160.503,4.149,0.865,0.344,169.454,29.425
2026-04-24 10:17:33,154,0,1,1.773,0.0,3.656,1.305,0.193,7.357,30.582
2026-04-24 10:17:33,155,0,1,2.235,0.0,4.601,1.928,0.42,9.719,32.55
2026-04-24 10:17:34,156,1,1,1.54,157.889,4.766,1.725,0.336,167.146,29.848
2026-04-24 10:17:34,157,0,1,2.422,0.0,4.408,2.077,0.346,9.679,30.475
2026-04-24 10:17:34,158,0,1,5.061,0.0,2.659,0.926,0.231,9.29,31.081
2026-04-24 10:17:34,159,1,1,29.381,190.971,5.159,1.717,0.356,228.607,28.39
2026-04-24 10:17:34,160,0,1,1.92,0.0,3.4,1.275,0.276,7.302,29.99
2026-04-24 10:17:34,161,0,1,1.392,0.0,3.552,1.436,0.289,7.114,31.799
2026-04-24 10:17:34,162,1,1,1.738,174.71,4.117,1.707,0.318,183.5,29.129
2026-04-24 10:17:34,163,0,1,1.973,0.0,4.927,1.474,0.427,9.219,30.618
2026-04-24 10:17:34,164,0,1,3.573,0.0,3.524,1.249,0.292,8.957,31.532
2026-04-24 10:17:34,165,1,1,48.654,195.31,4.328,1.744,0.314,251.266,28.779
2026-04-24 10:17:34,166,0,1,2.015,0.0,4.957,1.839,0.375,9.589,29.825
2026-04-24 10:17:34,167,0,1,1.889,0.0,5.088,1.8,0.361,9.558,30.97
2026-04-24 10:17:35,168,1,1,2.532,160.09,3.777,1.907,0.352,169.384,28.416
2026-04-24 10:17:35,169,0,1,2.042,0.0,4.073,1.54,0.347,8.403,29.804
2026-04-24 10:17:35,170,0,1,1.742,0.0,4.292,1.737,0.351,8.527,29.207
2026-04-24 10:17:35,171,1,1,1.934,156.243,4.752,1.762,0.278,165.739,26.848
2026-04-24 10:17:35,172,0,1,2.021,0.0,4.986,1.762,0.37,9.549,26.993
2026-04-24 10:17:35,173,0,1,2.11,0.0,4.648,1.257,0.34,8.679,28.883
2026-04-24 10:17:35,174,1,1,1.87,157.793,4.292,1.359,0.264,166.554,26.545
2026-04-24 10:17:35,175,0,1,2.221,0.0,4.606,1.826,0.35,9.432,28.42
2026-04-24 10:17:35,176,0,1,2.377,0.0,5.013,1.807,0.338,9.948,29.553
2026-04-24 10:17:35,177,1,1,1.75,153.426,3.82,1.4,0.204,161.6,27.165
2026-04-24 10:17:35,178,0,1,1.996,0.0,4.456,1.785,0.323,9.013,29.256
2026-04-24 10:17:35,179,0,1,1.812,0.0,4.819,1.964,0.417,9.871,30.775
2026-04-24 10:17:36,180,1,1,2.035,210.646,4.438,1.634,0.342,220.303,28.121
2026-04-24 10:17:36,181,0,1,2.24,0.0,4.801,2.04,0.439,10.087,29.673
2026-04-24 10:17:36,182,0,1,1.602,0.0,3.795,1.776,0.343,7.941,31.005
2026-04-24 10:17:36,183,1,1,2.187,159.018,3.869,1.155,0.278,167.188,28.457
2026-04-24 10:17:36,184,0,1,2.258,0.0,4.449,1.713,0.369,9.218,28.592
2026-04-24 10:17:36,185,0,1,1.998,0.0,4.377,1.344,0.409,8.591,30.515
2026-04-24 10:17:36,186,1,1,2.367,152.256,4.326,1.811,0.378,162.087,28.004
2026-04-24 10:17:36,187,0,1,1.853,0.0,3.438,1.275,0.305,7.423,29.442
2026-04-24 10:17:36,188,0,1,5.314,0.0,4.557,1.48,0.378,12.192,32.171
2026-04-24 10:17:36,189,1,1,4.867,162.068,6.429,0.987,0.23,175.588,29.477
2026-04-24 10:17:36,190,0,1,2.044,0.0,7.766,1.715,0.44,12.521,29.834
2026-04-24 10:17:36,191,0,1,1.674,0.0,7.73,1.925,0.456,12.312,30.154
2026-04-24 10:17:37,192,1,0,1.762,163.527,4.67,1.252,0.366,172.099,27.652
2026-04-24 10:17:37,193,0,0,2.276,0.0,3.878,1.438,0.437,8.625,28.797
2026-04-24 10:17:37,194,0,0,1.702,0.0,6.159,1.67,0.219,10.023,30.262
2026-04-24 10:17:37,195,1,1,1.693,158.365,3.925,1.827,0.381,167.25,27.778
2026-04-24 10:17:37,196,0,1,2.64,0.0,5.04,2.081,0.425,10.743,28.965
2026-04-24 10:17:37,197,0,1,2.38,0.0,4.863,1.535,0.227,9.408,29.816
2026-04-24 10:17:37,198,1,0,2.395,155.727,5.089,2.015,0.381,166.141,27.355
2026-04-24 10:17:37,199,0,0,1.641,0.0,4.363,1.793,0.448,8.748,28.891
2026-04-24 10:17:37,200,0,0,2.634,0.0,4.219,1.755,0.429,9.612,30.294
2026-04-24 10:17:37,201,1,0,1.83,154.213,5.369,1.695,0.371,163.969,27.831
2026-04-24 10:17:37,202,0,0,1.982,0.0,3.488,1.559,0.401,7.919,28.746
2026-04-24 10:17:37,203,0,0,2.208,0.0,5.711,1.969,0.449,11.256,30.345
2026-04-24 10:17:38,204,1,1,4.454,159.434,4.589,1.768,0.362,171.657,27.851
2026-04-24 10:17:38,205,0,1,1.876,0.0,3.653,1.616,0.288,7.928,29.215
2026-04-24 10:17:38,206,0,1,1.44,0.0,4.22,1.822,0.395,8.36,30.198
2026-04-24 10:17:38,207,1,0,2.099,171.194,4.841,1.415,0.368,180.41,27.693
2026-04-24 10:17:38,208,0,0,1.845,0.0,4.809,2.07,0.358,9.51,28.852
2026-04-24 10:17:38,209,0,0,1.61,0.0,4.654,1.947,0.387,9.074,30.116
2026-04-24 10:17:38,210,1,0,1.84,159.722,5.359,1.876,0.37,169.696,27.649
2026-04-24 10:17:38,211,0,0,1.552,0.0,4.093,1.459,0.42,8.04,28.75
2026-04-24 10:17:38,212,0,0,5.355,0.0,5.732,2.0,0.423,13.904,29.745
2026-04-24 10:17:38,213,1,1,10.866,155.853,4.586,1.875,0.364,174.739,27.296
2026-04-24 10:17:38,214,0,1,2.375,0.0,3.341,1.364,0.308,8.202,28.819
2026-04-24 10:17:38,215,0,1,2.018,0.0,4.352,1.757,0.363,9.003,31.094
2026-04-24 10:17:38,216,1,1,2.086,160.031,4.089,1.425,0.33,168.917,28.53
2026-04-24 10:17:38,217,0,1,1.621,0.0,2.82,1.258,0.373,6.462,31.357
2026-04-24 10:17:39,218,0,1,1.632,0.0,4.646,1.88,0.481,9.206,33.179
2026-04-24 10:17:39,219,1,1,2.673,164.864,5.019,1.795,0.329,175.789,30.394
2026-04-24 10:17:39,220,0,1,1.672,0.0,5.058,1.788,0.368,9.359,31.586
2026-04-24 10:17:39,221,0,1,3.408,0.0,4.864,1.635,0.43,11.018,32.876
2026-04-24 10:17:39,222,1,1,3.041,155.573,3.02,1.419,0.337,164.61,30.12
2026-04-24 10:17:39,223,0,1,1.588,0.0,5.023,1.758,0.371,9.259,31.616
2026-04-24 10:17:39,224,0,1,2.195,0.0,4.937,1.944,0.219,9.746,32.961
2026-04-24 10:17:39,225,1,1,2.478,158.475,4.738,1.791,0.389,168.973,30.218
2026-04-24 10:17:39,226,0,1,2.649,0.0,5.205,1.352,0.383,10.221,29.63
2026-04-24 10:17:39,227,0,1,1.785,0.0,4.313,1.781,0.371,8.763,30.641
2026-04-24 10:17:39,228,1,1,2.745,171.748,4.924,1.637,0.454,182.461,28.094
2026-04-24 10:17:39,229,0,1,2.606,0.0,4.906,1.901,0.368,10.307,29.338
2026-04-24 10:17:39,230,0,1,1.664,0.0,3.803,1.349,0.211,7.477,30.661
2026-04-24 10:17:40,231,1,1,23.506,193.533,3.911,1.504,0.38,223.661,28.035
2026-04-24 10:17:40,232,0,1,1.847,0.0,2.819,2.079,0.377,7.562,30.043
2026-04-24 10:17:40,233,0,1,21.341,0.0,5.064,1.853,0.355,29.038,29.547
2026-04-24 10:17:40,234,1,1,9.272,166.576,4.829,1.18,0.33,183.315,27.106
2026-04-24 10:17:40,235,0,1,2.31,0.0,4.874,1.757,0.37,9.829,28.128
2026-04-24 10:17:40,236,0,1,2.576,0.0,5.172,1.175,0.36,9.709,29.828
2026-04-24 10:17:40,237,1,1,2.551,151.152,4.28,2.01,0.347,161.593,27.412
2026-04-24 10:17:40,238,0,1,2.284,0.0,4.667,1.863,0.448,9.76,28.906
2026-04-24 10:17:40,239,0,1,1.622,0.0,4.742,1.781,0.363,8.996,30.286
2026-04-24 10:17:40,240,1,1,1.529,158.614,4.989,1.758,0.176,168.008,27.796
2026-04-24 10:17:40,241,0,1,2.203,0.0,14.017,1.835,0.399,18.998,29.452
2026-04-24 10:17:40,242,0,1,1.656,0.0,4.424,1.953,0.271,8.907,29.566
2026-04-24 10:17:41,243,1,0,1.917,190.164,5.243,2.442,0.44,200.708,27.075
2026-04-24 10:17:41,244,0,0,2.092,0.0,5.421,1.633,0.335,9.987,28.208
2026-04-24 10:17:41,245,0,0,1.456,0.0,5.216,1.235,0.21,8.504,29.686
2026-04-24 10:17:41,246,1,0,2.208,164.02,5.334,1.058,0.263,173.293,27.214
2026-04-24 10:17:41,247,0,0,2.254,0.0,4.268,1.021,0.351,8.405,29.15
2026-04-24 10:17:41,248,0,0,1.732,0.0,5.399,1.935,0.409,10.004,30.384
2026-04-24 10:17:41,249,1,0,1.957,163.857,5.393,1.605,0.35,173.653,27.893
2026-04-24 10:17:41,250,0,0,2.554,0.0,5.614,1.87,0.434,11.035,27.93
2026-04-24 10:17:41,251,0,0,1.7,0.0,5.796,1.895,0.421,10.37,28.621
2026-04-24 10:17:41,252,1,0,2.128,159.171,4.106,1.391,0.341,167.686,26.303
2026-04-24 10:17:41,253,0,0,2.141,0.0,4.0,1.337,0.318,8.301,26.897
2026-04-24 10:17:41,254,0,0,2.314,0.0,6.12,1.917,0.399,11.283,28.493
2026-04-24 10:17:42,255,1,1,1.735,160.234,7.592,1.856,0.387,172.977,26.17
2026-04-24 10:17:42,256,0,1,2.196,0.0,7.592,1.892,0.547,12.634,27.158
2026-04-24 10:17:42,257,0,1,2.429,0.0,7.991,1.82,0.432,13.25,27.752
2026-04-24 10:17:42,258,1,2,2.421,159.523,10.108,1.943,0.461,175.948,25.506
2026-04-24 10:17:42,259,0,2,2.644,0.0,10.91,1.207,0.232,15.625,25.808
2026-04-24 10:17:42,260,0,2,1.889,0.0,10.307,2.172,0.534,15.471,26.164
2026-04-24 10:17:42,261,1,1,2.68,311.56,8.305,1.485,0.431,325.663,23.834
2026-04-24 10:17:42,262,0,1,2.444,0.0,8.03,1.803,0.33,13.101,24.753
2026-04-24 10:17:42,263,0,1,1.93,0.0,5.437,2.084,0.741,10.696,24.964
2026-04-24 10:17:43,264,1,1,3.633,164.08,5.84,1.91,0.531,177.208,22.951
2026-04-24 10:17:43,265,0,1,1.83,0.0,6.87,1.138,0.328,10.727,24.452
2026-04-24 10:17:43,266,0,1,1.637,0.0,6.676,1.84,0.526,11.695,25.364
2026-04-24 10:17:43,267,1,1,1.932,169.256,8.433,1.96,0.426,183.002,23.333
2026-04-24 10:17:43,268,0,1,1.651,0.0,5.857,1.97,0.436,10.588,24.668
2026-04-24 10:17:43,269,0,1,1.869,0.0,7.845,1.814,0.419,12.631,26.459
2026-04-24 10:17:43,270,1,1,1.805,322.929,8.038,2.536,0.385,336.727,24.097
2026-04-24 10:17:43,271,0,1,1.786,0.0,7.874,1.65,0.472,12.351,25.014
2026-04-24 10:17:43,272,0,1,3.363,0.0,5.622,1.532,0.389,11.406,25.583
2026-04-24 10:17:44,273,1,1,2.253,230.898,7.675,1.696,0.368,243.753,23.408
2026-04-24 10:17:44,274,0,1,1.784,0.0,5.264,1.227,0.396,9.026,24.776
2026-04-24 10:17:44,275,0,1,1.863,0.0,7.33,1.743,0.258,11.692,26.518
2026-04-24 10:17:44,276,1,1,1.915,407.879,6.801,1.382,0.315,419.267,24.096
2026-04-24 10:17:44,277,0,1,1.798,0.0,7.06,1.847,0.51,11.683,25.59
2026-04-24 10:17:44,278,0,1,4.763,0.0,7.903,1.648,0.382,15.251,26.204
2026-04-24 10:17:44,279,1,1,1.772,209.089,8.626,2.059,0.421,223.101,23.985
2026-04-24 10:17:44,280,0,1,1.575,0.0,5.973,1.065,0.259,9.361,24.906
2026-04-24 10:17:44,281,0,1,1.697,0.0,9.567,2.055,0.458,14.256,25.725
2026-04-24 10:17:45,282,1,1,2.619,247.69,7.07,1.444,0.35,260.366,23.506
2026-04-24 10:17:45,283,0,1,1.709,0.0,8.099,2.117,0.492,12.937,24.451
2026-04-24 10:17:45,284,0,1,2.573,0.0,9.04,2.054,0.216,14.289,25.501
2026-04-24 10:17:45,285,1,1,1.987,296.715,8.414,1.432,0.297,309.798,23.252
2026-04-24 10:17:45,286,0,1,2.053,0.0,7.417,1.832,0.249,12.082,24.435
2026-04-24 10:17:45,287,0,1,1.99,0.0,23.908,2.055,0.432,28.898,24.924
2026-04-24 10:17:45,288,1,1,1.486,228.379,6.33,1.592,0.31,239.001,22.794
2026-04-24 10:17:45,289,0,1,4.264,0.0,8.216,1.633,0.463,15.184,24.266
2026-04-24 10:17:45,290,0,1,1.845,0.0,7.279,0.96,0.27,10.837,25.221
2026-04-24 10:17:46,291,1,1,1.708,213.399,6.57,1.607,0.281,224.682,23.115
2026-04-24 10:17:46,292,0,1,1.864,0.0,5.803,1.481,0.294,9.969,24.446
2026-04-24 10:17:46,293,0,1,1.954,0.0,7.04,1.71,0.407,11.604,25.947
2026-04-24 10:17:46,294,1,1,2.353,237.731,6.602,1.381,0.298,249.454,23.731
2026-04-24 10:17:46,295,0,1,1.745,0.0,6.118,1.462,0.363,10.146,24.174
2026-04-24 10:17:46,296,0,1,1.658,0.0,6.435,1.511,0.315,10.411,25.407
2026-04-24 10:17:46,297,1,1,2.301,236.441,7.939,1.948,0.425,250.144,23.247
2026-04-24 10:17:46,298,0,1,1.933,0.0,7.017,1.951,0.475,11.937,24.452
2026-04-24 10:17:46,299,0,1,1.592,0.0,6.166,2.308,0.493,10.956,25.493
2026-04-24 10:17:47,300,1,1,1.858,198.485,7.896,1.321,0.379,210.832,23.385
2026-04-24 10:17:47,301,0,1,2.186,0.0,7.365,1.274,0.272,11.53,24.367
2026-04-24 10:17:47,302,0,1,1.535,0.0,9.11,2.014,0.48,13.698,25.272
2026-04-24 10:17:47,303,1,1,2.341,164.03,6.807,1.422,0.394,176.002,23.256
2026-04-24 10:17:47,304,0,1,2.085,0.0,7.827,1.806,0.411,13.037,24.312
2026-04-24 10:17:47,305,0,1,1.994,0.0,7.873,1.906,0.397,12.819,25.289
2026-04-24 10:17:47,306,1,1,2.041,164.763,8.539,1.988,0.438,178.935,23.285
2026-04-24 10:17:47,307,0,1,1.868,0.0,5.346,1.095,0.364,9.182,24.559
2026-04-24 10:17:47,308,0,1,1.765,0.0,7.532,1.402,0.362,11.539,26.062
2026-04-24 10:17:47,309,1,1,2.053,175.277,8.318,1.033,0.422,188.338,23.945
2026-04-24 10:17:47,310,0,1,4.999,0.0,8.281,1.936,0.373,16.093,24.903
2026-04-24 10:17:47,311,0,1,1.983,0.0,7.965,1.959,0.53,13.011,25.912
2026-04-24 10:17:48,312,1,1,1.917,463.6,7.926,1.951,0.437,476.854,23.524
2026-04-24 10:17:48,313,0,1,2.085,0.0,7.6,2.048,0.469,12.718,24.406
2026-04-24 10:17:48,314,0,1,1.853,0.0,7.901,1.689,0.404,12.414,25.655
2026-04-24 10:17:48,315,1,1,1.86,215.397,7.55,2.013,0.484,228.141,23.496
2026-04-24 10:17:48,316,0,1,1.832,0.0,9.436,1.938,0.621,14.358,24.346
2026-04-24 10:17:48,317,0,1,2.142,0.0,8.163,2.134,0.527,13.501,24.922
2026-04-24 10:17:49,318,1,1,2.044,206.19,7.571,1.044,0.334,218.203,22.85
2026-04-24 10:17:49,319,0,1,3.658,0.0,8.565,2.032,0.492,15.321,23.999
2026-04-24 10:17:49,320,0,1,2.775,0.0,9.294,2.052,0.471,15.143,24.745
2026-04-24 10:17:49,321,1,1,1.74,212.951,6.872,1.773,0.4,224.745,22.679
2026-04-24 10:17:49,322,0,1,2.525,0.0,7.766,1.886,0.513,13.107,24.041
2026-04-24 10:17:49,323,0,1,1.807,0.0,8.607,1.76,0.314,13.035,25.049
2026-04-24 10:17:49,324,1,1,2.029,193.549,7.36,1.408,0.423,205.844,22.986
2026-04-24 10:17:49,325,0,1,2.04,0.0,6.284,1.309,0.317,10.5,24.257
2026-04-24 10:17:49,326,0,1,2.067,0.0,7.214,1.4,0.288,11.546,25.572
2026-04-24 10:17:49,327,1,1,1.709,181.443,6.793,1.212,0.236,192.499,23.492
2026-04-24 10:17:49,328,0,1,2.55,0.0,8.094,1.845,0.512,13.863,25.024
2026-04-24 10:17:49,329,0,1,1.646,0.0,8.184,1.783,0.426,12.601,25.684
2026-04-24 10:17:50,330,1,1,2.201,204.281,7.831,1.813,0.411,217.596,23.539
2026-04-24 10:17:50,331,0,1,1.913,0.0,6.789,1.827,0.431,11.494,24.348
2026-04-24 10:17:50,332,0,1,2.481,0.0,7.325,2.001,0.423,12.8,24.146
2026-04-24 10:17:50,333,1,1,1.792,167.622,7.573,1.505,0.256,179.848,22.195
2026-04-24 10:17:50,334,0,1,7.572,0.0,7.565,1.654,0.381,17.651,23.758
2026-04-24 10:17:50,335,0,1,1.754,0.0,6.722,1.431,0.289,10.595,24.041
2026-04-24 10:17:50,336,1,1,1.578,176.797,8.405,1.896,0.308,189.959,22.129
2026-04-24 10:17:50,337,0,1,1.602,0.0,8.122,1.204,0.291,11.935,23.896
2026-04-24 10:17:50,338,0,1,1.678,0.0,7.951,1.76,0.401,12.323,25.064
2026-04-24 10:17:51,339,1,1,1.759,167.755,5.704,1.327,0.401,178.07,23.027
2026-04-24 10:17:51,340,0,1,1.804,0.0,7.146,1.568,0.431,11.481,24.777
2026-04-24 10:17:51,341,0,1,2.232,0.0,6.469,1.447,0.351,10.977,26.181
2026-04-24 10:17:51,342,1,1,2.052,176.901,8.133,1.883,0.428,190.593,24.053
2026-04-24 10:17:51,343,0,1,2.342,0.0,7.327,2.035,0.456,12.74,25.474
2026-04-24 10:17:51,344,0,1,2.021,0.0,7.172,1.519,0.319,11.602,26.331
2026-04-24 10:17:51,345,1,1,2.724,160.695,7.433,1.715,0.439,174.162,24.22
2026-04-24 10:17:51,346,0,1,1.904,0.0,7.417,1.428,0.392,11.709,25.761
2026-04-24 10:17:51,347,0,1,2.868,0.0,8.464,1.418,0.252,13.516,26.346
2026-04-24 10:17:51,348,1,1,1.905,165.119,8.344,1.895,0.443,178.788,24.226
2026-04-24 10:17:51,349,0,1,1.733,0.0,7.564,1.208,0.289,11.327,25.433
2026-04-24 10:17:51,350,0,1,1.785,0.0,8.169,1.802,0.421,12.74,26.753
2026-04-24 10:17:52,351,1,1,3.755,164.414,6.594,1.788,0.388,177.99,24.587
2026-04-24 10:17:52,352,0,1,1.88,0.0,7.832,1.334,0.262,11.792,26.039
2026-04-24 10:17:52,353,0,1,2.182,0.0,8.302,2.151,0.336,13.502,26.669
2026-04-24 10:17:52,354,1,1,1.597,166.927,7.441,1.34,0.328,178.747,24.49
2026-04-24 10:17:52,355,0,1,1.973,0.0,4.751,1.371,0.45,9.032,25.625
2026-04-24 10:17:52,356,0,1,1.581,0.0,6.902,1.173,0.343,10.484,27.007
2026-04-24 10:17:52,357,1,1,1.471,171.453,5.09,2.061,0.393,181.527,24.816
2026-04-24 10:17:52,358,0,1,1.706,0.0,3.331,1.236,0.449,7.257,26.412
2026-04-24 10:17:52,359,0,1,1.642,0.0,3.36,1.348,0.343,7.157,28.485
2026-04-24 10:17:52,360,1,2,1.741,175.48,8.863,1.682,0.48,190.118,26.129
2026-04-24 10:17:52,361,0,2,1.895,0.0,7.762,1.768,0.389,12.284,26.557
2026-04-24 10:17:52,362,0,2,7.022,0.0,9.123,1.642,0.414,18.778,27.157
2026-04-24 10:17:53,363,1,1,4.426,168.837,8.38,1.266,0.345,184.562,24.94
2026-04-24 10:17:53,364,0,1,1.914,0.0,8.146,1.848,0.439,12.882,26.053
2026-04-24 10:17:53,365,0,1,2.881,0.0,8.411,1.84,0.472,14.161,26.493
2026-04-24 10:17:53,366,1,2,3.888,191.679,7.085,1.734,0.45,206.258,24.291
2026-04-24 10:17:53,367,0,2,2.47,0.0,8.822,1.19,0.272,13.156,25.664
2026-04-24 10:17:53,368,0,2,2.684,0.0,6.357,1.36,0.441,11.429,25.504
2026-04-24 10:17:53,369,1,1,1.823,169.628,4.827,1.923,0.416,179.707,23.472
2026-04-24 10:17:53,370,0,1,2.667,0.0,5.045,2.073,0.403,10.752,24.936
2026-04-24 10:17:53,371,0,1,3.31,0.0,4.724,1.836,0.399,10.814,26.216
2026-04-24 10:17:53,372,1,1,2.244,164.342,3.152,1.561,0.384,172.67,24.112
2026-04-24 10:17:53,373,0,1,1.714,0.0,4.827,2.17,0.491,9.759,26.454
2026-04-24 10:17:53,374,0,1,2.078,0.0,4.578,1.215,0.314,8.57,28.076
2026-04-24 10:17:54,375,1,1,1.778,162.602,5.002,1.936,0.427,172.686,25.8
2026-04-24 10:17:54,376,0,1,1.901,0.0,4.581,0.91,0.211,8.083,27.032
2026-04-24 10:17:54,377,0,1,13.206,0.0,4.425,1.778,0.398,20.386,27.371
2026-04-24 10:17:54,378,1,2,5.592,171.259,9.672,2.001,0.485,190.804,25.121
2026-04-24 10:17:54,379,0,2,16.086,0.0,9.476,1.846,0.422,28.561,24.471
2026-04-24 10:17:54,380,0,2,2.496,0.0,8.015,1.467,0.366,12.613,28.186
2026-04-24 10:17:54,381,1,1,20.017,169.554,6.544,1.875,0.502,199.616,25.82
2026-04-24 10:17:54,382,0,1,1.676,0.0,6.358,1.331,0.332,10.2,26.889
2026-04-24 10:17:54,383,0,1,2.083,0.0,5.328,1.141,0.287,9.345,28.032
2026-04-24 10:17:54,384,1,1,2.436,168.638,7.51,1.614,0.329,181.422,25.738
2026-04-24 10:17:54,385,0,1,2.406,0.0,7.044,1.89,0.433,12.343,26.429
2026-04-24 10:17:54,386,0,1,1.771,0.0,5.63,0.975,0.237,9.107,27.345
2026-04-24 10:17:55,387,1,1,4.296,194.644,7.229,1.35,0.313,208.783,25.06
2026-04-24 10:17:55,388,0,1,1.673,0.0,7.358,1.259,0.373,11.155,26.497
2026-04-24 10:17:55,389,0,1,2.018,0.0,7.447,1.855,0.388,12.073,27.667
2026-04-24 10:17:55,390,1,1,1.542,161.748,7.75,1.832,0.391,174.442,25.424
2026-04-24 10:17:55,391,0,1,2.089,0.0,8.13,1.716,0.432,12.972,26.109
2026-04-24 10:17:55,392,0,1,1.851,0.0,8.25,1.941,0.426,13.75,26.891
2026-04-24 10:17:55,393,1,2,2.099,162.654,9.758,1.367,0.386,177.676,24.719
2026-04-24 10:17:55,394,0,2,1.943,0.0,6.95,1.304,0.417,11.167,25.587
2026-04-24 10:17:55,395,0,2,1.583,0.0,6.705,1.962,0.447,11.244,26.517
2026-04-24 10:17:55,396,1,2,1.61,164.633,6.966,1.311,0.34,176.363,24.366
2026-04-24 10:17:55,397,0,2,9.488,0.0,9.535,1.671,0.337,21.453,25.451
2026-04-24 10:17:56,398,0,2,2.05,0.0,8.416,1.408,0.487,12.718,25.55
2026-04-24 10:17:56,399,1,2,35.087,292.548,9.745,1.509,0.29,340.381,23.279
2026-04-24 10:17:56,400,0,2,2.112,0.0,8.707,1.951,0.48,13.901,24.38
2026-04-24 10:17:56,401,0,2,1.862,0.0,9.201,1.923,0.371,13.889,24.83
2026-04-24 10:17:56,402,1,2,1.784,167.817,9.14,1.087,0.265,181.541,22.836
2026-04-24 10:17:56,403,0,2,2.8,0.0,8.169,1.046,0.349,12.918,23.43
2026-04-24 10:17:56,404,0,2,2.329,0.0,8.516,1.503,0.526,13.483,24.233
2026-04-24 10:17:56,405,1,1,2.064,166.472,6.175,1.294,0.345,177.532,22.287
2026-04-24 10:17:56,406,0,1,2.654,0.0,7.291,1.96,0.235,12.738,23.315
2026-04-24 10:17:56,407,0,1,2.728,0.0,6.668,1.254,0.371,11.544,24.675
2026-04-24 10:17:57,408,1,1,2.52,168.355,6.73,1.992,0.228,180.808,22.704
2026-04-24 10:17:57,409,0,1,1.783,0.0,5.15,1.211,0.313,9.007,24.166
2026-04-24 10:17:57,410,0,1,2.0,0.0,7.197,1.865,0.309,11.857,25.815
2026-04-24 10:17:57,411,1,1,2.25,192.384,6.728,1.47,0.442,204.481,23.66
2026-04-24 10:17:57,412,0,1,1.983,0.0,6.062,1.47,0.341,10.231,24.958
2026-04-24 10:17:57,413,0,1,1.688,0.0,4.276,0.857,0.2,7.531,26.17
2026-04-24 10:17:57,414,1,1,1.92,172.84,6.799,2.09,0.324,184.916,24.054
2026-04-24 10:17:57,415,0,1,2.311,0.0,7.466,1.28,0.437,12.015,25.282
2026-04-24 10:17:57,416,0,1,2.551,0.0,7.981,1.402,0.32,12.74,26.249
2026-04-24 10:17:57,417,1,1,2.246,169.278,6.657,1.618,0.291,181.202,24.125
2026-04-24 10:17:57,418,0,1,1.656,0.0,7.978,1.825,0.436,12.484,25.239
2026-04-24 10:17:58,419,0,1,1.832,0.0,7.208,1.85,0.435,11.831,25.886
2026-04-24 10:17:58,420,1,1,2.022,165.259,6.935,1.763,0.498,177.623,23.805
2026-04-24 10:17:58,421,0,1,1.4,0.0,5.478,2.128,0.337,10.057,24.859
2026-04-24 10:17:58,422,0,1,1.845,0.0,3.976,0.746,0.217,7.251,25.933
2026-04-24 10:17:58,423,1,1,2.557,158.804,8.268,1.857,0.393,173.026,23.884
2026-04-24 10:17:58,424,0,1,2.382,0.0,8.307,2.016,0.432,13.755,24.606
2026-04-24 10:17:58,425,0,1,2.266,0.0,5.841,0.946,0.24,9.783,25.581
2026-04-24 10:17:58,426,1,1,2.247,169.236,8.117,1.562,0.395,182.664,23.506
2026-04-24 10:17:58,427,0,1,1.849,0.0,7.228,1.049,0.377,11.057,24.466
2026-04-24 10:17:58,428,0,1,2.054,0.0,7.245,2.077,0.447,12.485,25.487
2026-04-24 10:17:58,429,1,1,2.205,166.039,7.818,1.206,0.295,178.74,23.458
2026-04-24 10:17:59,430,0,1,2.417,0.0,8.075,1.888,0.425,13.375,24.454
2026-04-24 10:17:59,431,0,1,1.774,0.0,7.818,1.822,0.427,12.411,25.088
2026-04-24 10:17:59,432,1,1,1.872,161.477,5.526,1.032,0.268,171.268,23.093
2026-04-24 10:17:59,433,0,1,1.65,0.0,7.574,1.938,0.442,12.202,24.35
2026-04-24 10:17:59,434,0,1,2.256,0.0,7.791,1.819,0.441,12.912,25.479
2026-04-24 10:17:59,435,1,1,1.717,162.447,7.903,1.878,0.493,175.398,23.449
2026-04-24 10:17:59,436,0,1,2.697,0.0,7.993,2.013,0.516,13.754,24.569
2026-04-24 10:17:59,437,0,1,2.185,0.0,7.97,1.984,0.437,13.138,25.01
2026-04-24 10:17:59,438,1,1,1.734,195.854,26.888,1.185,0.346,227.179,22.934
2026-04-24 10:17:59,439,0,1,4.893,0.0,20.396,1.423,0.439,27.721,22.837
2026-04-24 10:17:59,440,0,1,2.067,0.0,6.266,0.963,0.28,10.17,22.918
2026-04-24 10:18:00,441,1,1,2.594,166.756,8.005,1.741,0.417,180.605,21.138
2026-04-24 10:18:00,442,0,1,1.98,0.0,6.319,1.146,0.286,10.045,22.801
2026-04-24 10:18:00,443,0,1,2.27,0.0,4.791,1.2,0.276,9.051,24.714
2026-04-24 10:18:00,444,1,1,1.697,168.286,7.703,1.864,0.408,181.29,22.761
2026-04-24 10:18:00,445,0,1,3.728,0.0,8.131,1.939,0.407,14.82,24.084
2026-04-24 10:18:00,446,0,1,2.02,0.0,6.749,1.291,0.417,10.831,25.312
2026-04-24 10:18:00,447,1,1,2.511,169.049,5.358,1.367,0.411,179.861,23.289
2026-04-24 10:18:00,448,0,1,2.921,0.0,8.822,1.53,0.351,14.134,24.738
2026-04-24 10:18:00,449,0,1,1.865,0.0,7.22,2.064,0.437,12.194,26.203
2026-04-24 10:18:00,450,1,1,1.717,159.795,7.111,1.805,0.209,171.662,24.105
2026-04-24 10:18:00,451,0,1,2.088,0.0,8.243,1.921,0.262,13.044,24.99
2026-04-24 10:18:00,452,0,1,5.177,0.0,7.344,1.86,0.426,15.315,25.805
2026-04-24 10:18:01,453,1,1,1.979,168.499,7.839,1.832,0.446,181.73,23.717
2026-04-24 10:18:01,454,0,1,1.88,0.0,6.737,1.685,0.321,11.133,24.771
2026-04-24 10:18:01,455,0,1,1.803,0.0,6.618,1.99,0.445,11.46,25.936
2026-04-24 10:18:01,456,1,1,2.199,191.849,7.902,1.401,0.434,204.826,23.796
2026-04-24 10:18:01,457,0,1,2.232,0.0,8.022,1.891,0.274,12.879,24.829
2026-04-24 10:18:01,458,0,1,2.44,0.0,5.558,1.005,0.29,9.804,25.438
2026-04-24 10:18:01,459,1,1,2.28,161.564,7.773,1.417,0.414,174.653,23.426
2026-04-24 10:18:01,460,0,1,1.636,0.0,7.332,1.822,0.427,11.792,24.741
2026-04-24 10:18:01,461,0,1,2.257,0.0,6.71,1.775,0.434,11.706,26.331
2026-04-24 10:18:01,462,1,1,20.816,168.959,6.448,1.32,0.461,199.142,24.151
2026-04-24 10:18:01,463,0,1,1.713,0.0,6.046,2.33,0.453,11.066,25.34
2026-04-24 10:18:01,464,0,1,5.694,0.0,6.657,1.833,0.445,15.121,26.759
2026-04-24 10:18:02,465,1,1,1.798,185.315,6.841,1.371,0.331,196.569,24.55
2026-04-24 10:18:02,466,0,1,3.628,0.0,7.522,1.698,0.248,13.579,25.99
2026-04-24 10:18:02,467,0,1,3.186,0.0,7.49,1.618,0.24,13.037,27.471
2026-04-24 10:18:02,468,1,1,1.738,167.931,6.986,1.973,0.433,180.399,25.233
2026-04-24 10:18:02,469,0,1,1.848,0.0,6.732,2.007,0.479,11.584,25.171
2026-04-24 10:18:02,470,0,1,17.108,0.0,5.822,1.344,0.342,25.141,26.017
2026-04-24 10:18:02,471,1,1,8.25,158.027,7.203,1.76,0.192,176.147,23.949
2026-04-24 10:18:02,472,0,1,1.832,0.0,7.071,1.227,0.45,11.082,24.761
2026-04-24 10:18:02,473,0,1,2.127,0.0,8.189,1.242,0.245,12.323,26.034
2026-04-24 10:18:02,474,1,1,1.739,176.328,7.281,1.511,0.304,188.197,23.921
2026-04-24 10:18:02,475,0,1,2.035,0.0,5.903,1.445,0.339,10.389,25.34
2026-04-24 10:18:02,476,0,1,2.079,0.0,8.496,1.366,0.448,12.867,26.507
2026-04-24 10:18:03,477,1,1,1.85,165.575,5.672,1.713,0.456,176.421,24.371
2026-04-24 10:18:03,478,0,1,3.194,0.0,8.461,1.21,0.457,13.851,26.037
2026-04-24 10:18:03,479,0,1,1.983,0.0,6.899,1.749,0.443,11.645,26.906
2026-04-24 10:18:03,480,1,1,1.82,164.708,8.044,1.941,0.451,178.047,24.731
2026-04-24 10:18:03,481,0,1,2.714,0.0,7.961,1.558,1.09,27.444,25.334
2026-04-24 10:18:03,482,0,1,2.216,0.0,7.933,1.415,0.423,12.438,25.845
2026-04-24 10:18:03,483,1,1,2.709,161.761,8.482,1.324,0.242,175.652,23.776
2026-04-24 10:18:03,484,0,1,2.195,0.0,7.89,0.952,0.254,11.561,25.474
2026-04-24 10:18:03,485,0,1,2.442,0.0,8.215,1.875,0.438,13.685,26.399
2026-04-24 10:18:03,486,1,1,1.755,162.734,5.062,1.122,0.286,172.177,24.291
2026-04-24 10:18:03,487,0,1,1.697,0.0,6.577,1.213,0.37,10.358,25.83
2026-04-24 10:18:03,488,0,1,2.389,0.0,7.964,2.084,0.435,13.456,26.619
2026-04-24 10:18:04,489,1,1,2.656,161.907,8.434,1.924,0.447,176.595,24.469
2026-04-24 10:18:04,490,0,1,1.939,0.0,7.55,1.9,0.431,12.372,25.625
2026-04-24 10:18:04,491,0,1,2.06,0.0,6.326,1.924,0.494,11.249,26.482
2026-04-24 10:18:04,492,1,1,2.442,163.704,5.52,1.551,0.439,174.774,24.36
2026-04-24 10:18:04,493,0,1,2.111,0.0,7.574,1.846,0.429,12.524,26.902
2026-04-24 10:18:04,494,0,1,2.273,0.0,6.881,1.077,0.354,10.923,27.141
2026-04-24 10:18:04,495,1,1,1.872,242.327,6.99,1.946,0.432,254.756,24.801
2026-04-24 10:18:04,496,0,1,2.225,0.0,7.927,1.105,0.295,11.919,26.022
2026-04-24 10:18:04,497,0,1,1.996,0.0,7.854,1.816,0.435,12.846,26.441
2026-04-24 10:18:04,498,1,1,1.759,160.146,8.204,1.447,0.485,173.374,24.326
2026-04-24 10:18:04,499,0,1,2.014,0.0,7.957,1.468,0.443,12.419,25.495
2026-04-24 10:18:05,500,0,1,2.749,0.0,7.915,1.853,0.594,13.626,26.222
2026-04-24 10:18:05,501,1,1,2.985,165.653,5.465,1.385,0.419,177.044,24.104
2026-04-24 10:18:05,502,0,1,2.503,0.0,7.617,1.325,0.231,12.233,25.127
2026-04-24 10:18:05,503,0,1,2.206,0.0,8.074,0.997,0.32,12.148,26.137
2026-04-24 10:18:05,504,1,1,2.187,173.894,7.77,1.958,0.426,188.011,24.002
2026-04-24 10:18:05,505,0,1,9.227,0.0,7.508,1.243,0.513,19.051,25.184
2026-04-24 10:18:05,506,0,1,5.581,0.0,8.565,2.026,0.467,17.131,26.266
2026-04-24 10:18:05,507,1,1,2.131,165.235,7.843,1.875,0.424,178.57,24.137
2026-04-24 10:18:05,508,0,1,1.935,0.0,7.958,1.819,0.428,12.722,25.441
2026-04-24 10:18:05,509,0,1,2.031,0.0,8.26,1.822,0.429,13.114,25.985
2026-04-24 10:18:05,510,1,1,2.874,160.287,7.576,1.819,0.446,174.208,23.9
2026-04-24 10:18:06,511,0,1,1.814,0.0,7.321,1.593,0.399,11.613,23.366
2026-04-24 10:18:06,512,0,1,2.758,0.0,6.927,0.98,0.248,11.436,25.177
2026-04-24 10:18:06,513,1,1,2.714,163.218,8.15,1.829,0.389,177.456,23.167
2026-04-24 10:18:06,514,0,1,2.008,0.0,6.428,1.346,0.347,10.716,23.052
2026-04-24 10:18:06,515,0,1,2.366,0.0,8.546,1.882,0.448,13.829,23.25
2026-04-24 10:18:06,516,1,1,1.881,185.382,8.057,1.696,0.463,198.548,21.375
2026-04-24 10:18:06,517,0,1,2.124,0.0,8.076,1.686,0.25,12.644,23.385
2026-04-24 10:18:06,518,0,1,7.434,0.0,7.08,1.527,0.303,16.862,24.55
2026-04-24 10:18:06,519,1,1,2.19,169.433,8.658,1.887,0.439,183.826,22.602
2026-04-24 10:18:06,520,0,1,1.885,0.0,5.982,1.359,0.376,10.31,23.882
2026-04-24 10:18:06,521,0,1,2.178,0.0,7.96,1.609,0.311,12.595,25.367
2026-04-24 10:18:07,522,1,1,1.917,168.087,28.187,1.854,0.452,201.761,23.323
2026-04-24 10:18:07,523,0,1,2.157,0.0,7.552,1.944,0.47,12.531,23.125
2026-04-24 10:18:07,524,0,1,2.756,0.0,7.374,1.2,0.434,12.389,23.039
2026-04-24 10:18:07,525,1,1,2.514,169.475,8.216,1.244,0.337,182.76,21.232
2026-04-24 10:18:07,526,0,1,1.556,0.0,6.391,1.025,0.266,9.55,23.194
2026-04-24 10:18:07,527,0,1,1.929,0.0,6.046,1.267,0.325,10.076,24.786
2026-04-24 10:18:07,528,1,1,2.238,171.015,7.012,1.907,0.448,183.706,22.806
2026-04-24 10:18:07,529,0,1,2.663,0.0,7.872,1.999,0.434,13.514,23.96
2026-04-24 10:18:07,530,0,1,1.99,0.0,8.229,1.83,0.428,13.058,25.358
2026-04-24 10:18:07,531,1,1,2.134,164.863,7.451,1.851,0.418,177.771,23.325
2026-04-24 10:18:07,532,0,1,2.217,0.0,5.77,1.063,0.232,9.811,24.356
2026-04-24 10:18:07,533,0,1,1.778,0.0,6.624,1.796,0.498,11.254,26.353
2026-04-24 10:18:08,534,1,1,2.625,159.601,7.854,1.416,0.223,172.934,24.258
2026-04-24 10:18:08,535,0,1,2.211,0.0,8.147,1.544,0.394,12.844,25.213
2026-04-24 10:18:08,536,0,1,2.667,0.0,8.118,1.843,0.445,13.456,26.054
2026-04-24 10:18:08,537,1,1,3.099,153.717,7.875,2.013,0.284,167.957,23.966
2026-04-24 10:18:08,538,0,1,1.743,0.0,5.521,1.882,0.623,10.219,24.692
2026-04-24 10:18:08,539,0,1,2.23,0.0,8.012,2.152,0.441,13.368,25.917
2026-04-24 10:18:08,540,1,1,6.615,172.749,7.602,1.837,0.406,190.422,23.82
2026-04-24 10:18:08,541,0,1,2.415,0.0,7.571,1.05,0.26,11.9,24.754
2026-04-24 10:18:08,542,0,1,1.69,0.0,6.868,1.909,0.415,11.434,25.89
2026-04-24 10:18:08,543,1,1,1.954,223.122,7.803,1.856,0.449,236.464,23.699
2026-04-24 10:18:08,544,0,1,7.796,0.0,7.449,1.287,0.318,17.241,24.926
2026-04-24 10:18:08,545,0,1,6.251,0.0,7.454,1.856,0.44,16.541,26.054
2026-04-24 10:18:09,546,1,1,2.089,308.518,8.144,2.071,0.421,323.02,23.742
2026-04-24 10:18:09,547,0,1,2.438,0.0,22.07,1.833,0.414,27.329,28.138
2026-04-24 10:18:09,548,0,1,2.215,0.0,7.368,1.103,0.308,11.532,27.723
2026-04-24 10:18:09,549,1,1,2.08,178.711,5.369,1.49,0.273,188.735,25.439
2026-04-24 10:18:09,550,0,1,2.21,0.0,8.463,1.33,0.285,12.793,26.299
2026-04-24 10:18:09,551,0,1,1.88,0.0,7.209,1.26,0.285,10.924,27.41
2026-04-24 10:18:09,552,1,1,2.075,161.258,7.692,1.848,0.428,174.621,25.192
2026-04-24 10:18:09,553,0,1,1.829,0.0,8.06,1.805,0.431,12.714,25.492
2026-04-24 10:18:09,554,0,1,5.154,0.0,5.518,1.936,0.439,13.614,26.06
2026-04-24 10:18:10,555,1,1,1.926,166.891,8.13,1.85,0.636,180.643,23.961
2026-04-24 10:18:10,556,0,1,1.703,0.0,6.177,1.206,0.23,9.821,24.87
2026-04-24 10:18:10,557,0,1,1.726,0.0,8.623,1.894,0.447,13.251,26.201
2026-04-24 10:18:10,558,1,1,2.356,160.492,6.067,1.936,0.307,172.112,24.106
2026-04-24 10:18:10,559,0,1,1.955,0.0,4.971,1.943,0.407,9.769,25.794
2026-04-24 10:18:10,560,0,1,1.904,0.0,5.487,1.421,0.338,9.693,27.035
2026-04-24 10:18:10,561,1,1,2.211,175.244,8.058,1.533,0.476,188.765,24.823
2026-04-24 10:18:10,562,0,1,1.837,0.0,8.051,1.408,0.349,12.166,25.84
2026-04-24 10:18:10,563,0,1,2.271,0.0,7.629,1.819,0.441,12.738,26.81
2026-04-24 10:18:10,564,1,1,2.097,164.746,5.875,1.861,0.448,176.339,24.642
2026-04-24 10:18:10,565,0,1,1.986,0.0,7.292,1.361,0.442,11.671,25.66
2026-04-24 10:18:10,566,0,1,1.91,0.0,6.52,1.71,0.407,11.06,27.308
2026-04-24 10:18:11,567,1,1,1.581,174.121,7.279,1.556,0.433,186.073,25.064
2026-04-24 10:18:11,568,0,1,2.277,0.0,8.561,1.343,0.376,13.091,26.166
2026-04-24 10:18:11,569,0,1,1.99,0.0,6.973,1.306,0.456,11.215,27.098
2026-04-24 10:18:11,570,1,1,1.994,163.811,7.407,1.839,0.412,176.685,24.91
2026-04-24 10:18:11,571,0,1,1.76,0.0,7.263,1.85,0.436,11.892,26.207
2026-04-24 10:18:11,572,0,1,1.729,0.0,5.962,1.105,0.236,9.512,26.727
2026-04-24 10:18:11,573,1,1,1.623,173.192,7.067,1.084,0.35,184.275,24.56
2026-04-24 10:18:11,574,0,1,1.848,0.0,8.419,1.69,0.297,12.745,25.466
2026-04-24 10:18:11,575,0,1,1.859,0.0,8.008,1.95,0.481,12.888,26.357
2026-04-24 10:18:11,576,1,1,2.198,161.866,7.453,1.74,0.242,174.418,24.235
2026-04-24 10:18:11,577,0,1,2.197,0.0,7.611,0.93,0.228,11.45,25.517
2026-04-24 10:18:11,578,0,1,1.952,0.0,8.021,1.609,0.256,12.368,26.219
2026-04-24 10:18:12,579,1,1,2.083,163.839,5.608,1.362,0.353,174.342,24.113
2026-04-24 10:18:12,580,0,1,1.217,0.0,8.179,1.96,0.55,12.393,25.909
2026-04-24 10:18:12,581,0,1,2.312,0.0,8.308,1.911,0.416,13.436,26.822
2026-04-24 10:18:12,582,1,1,2.131,154.701,7.166,1.021,0.334,166.144,24.68
2026-04-24 10:18:12,583,0,1,2.533,0.0,8.08,2.03,0.424,13.644,25.46
2026-04-24 10:18:12,584,0,1,1.407,0.0,7.984,1.829,0.452,12.04,26.416
2026-04-24 10:18:12,585,1,1,2.015,173.85,8.363,1.866,0.417,187.495,24.266
2026-04-24 10:18:12,586,0,1,2.296,0.0,5.951,0.994,0.229,9.842,25.318
2026-04-24 10:18:12,587,0,1,1.948,0.0,8.338,1.639,0.36,12.799,26.505
2026-04-24 10:18:12,588,1,1,2.89,158.545,6.811,1.369,0.3,171.063,24.387
2026-04-24 10:18:12,589,0,1,3.556,0.0,8.729,1.865,0.409,15.112,25.979
2026-04-24 10:18:12,590,0,1,1.798,0.0,7.663,1.012,0.234,11.225,25.911
2026-04-24 10:18:13,591,1,1,1.627,166.131,8.385,1.381,0.442,179.181,23.831
2026-04-24 10:18:13,592,0,1,3.036,0.0,7.654,1.387,0.343,13.179,24.804
2026-04-24 10:18:13,593,0,1,2.521,0.0,8.487,1.975,0.435,14.004,25.348
2026-04-24 10:18:13,594,1,1,2.737,160.168,7.246,1.82,0.432,173.445,23.333
2026-04-24 10:18:13,595,0,1,1.66,0.0,6.017,1.365,0.272,9.683,24.655
2026-04-24 10:18:13,596,0,1,7.029,0.0,6.777,1.279,0.267,15.93,26.066
2026-04-24 10:18:13,597,1,1,7.029,172.695,5.736,1.168,0.253,188.032,23.967
2026-04-24 10:18:13,598,0,1,1.964,0.0,6.6,1.31,0.287,10.664,24.365
2026-04-24 10:18:13,599,0,1,2.55,0.0,8.368,1.651,0.283,13.406,25.441
2026-04-24 10:18:13,600,1,1,2.192,157.85,8.028,1.872,0.445,171.656,23.425
2026-04-24 10:18:13,601,0,1,2.006,0.0,6.686,0.901,0.241,10.301,25.18
2026-04-24 10:18:13,602,0,1,1.942,0.0,7.428,1.861,0.447,12.263,26.154
2026-04-24 10:18:14,603,1,1,2.7,164.889,5.608,1.367,0.331,176.178,24.061
2026-04-24 10:18:14,604,0,1,2.022,0.0,8.624,1.95,0.469,13.723,25.3
2026-04-24 10:18:14,605,0,1,2.149,0.0,8.123,1.876,0.591,13.28,25.931
2026-04-24 10:18:14,606,1,1,1.774,167.596,5.9,1.329,0.307,177.851,23.846
2026-04-24 10:18:14,607,0,1,2.278,0.0,7.766,1.419,0.487,12.64,24.952
2026-04-24 10:18:14,608,0,1,1.662,0.0,8.066,1.973,0.36,12.596,25.876
2026-04-24 10:18:14,609,1,1,1.692,170.478,8.402,1.824,0.396,184.057,23.788
2026-04-24 10:18:14,610,0,1,3.893,0.0,8.198,1.872,0.454,14.962,25.237
2026-04-24 10:18:14,611,0,1,2.453,0.0,7.926,1.527,0.286,12.707,25.374
2026-04-24 10:18:14,612,1,1,2.227,168.91,5.887,1.861,0.418,180.524,23.341
2026-04-24 10:18:14,613,0,1,2.687,0.0,6.791,1.364,0.35,11.712,24.226
2026-04-24 10:18:14,614,0,1,2.439,0.0,8.159,1.888,0.506,13.573,24.571
2026-04-24 10:18:15,615,1,1,2.695,171.723,8.415,1.29,0.358,185.471,22.608
2026-04-24 10:18:15,616,0,1,3.498,0.0,6.495,1.413,0.366,12.237,22.254
2026-04-24 10:18:15,617,0,1,2.494,0.0,6.598,1.395,0.352,11.242,28.772
2026-04-24 10:18:15,618,1,1,2.724,199.186,5.799,1.353,0.365,210.587,26.359
2026-04-24 10:18:15,619,0,1,2.107,0.0,7.838,1.879,0.351,12.614,27.889
2026-04-24 10:18:15,620,0,1,2.244,0.0,8.169,1.853,0.424,13.279,28.544
2026-04-24 10:18:15,621,1,1,2.145,186.968,6.394,1.276,0.294,198.215,26.121
2026-04-24 10:18:15,622,0,1,2.052,0.0,7.269,1.95,0.228,11.825,26.919
2026-04-24 10:18:15,623,0,1,2.315,0.0,4.5,1.426,0.356,9.138,28.173
2026-04-24 10:18:16,624,1,1,2.129,170.485,8.492,1.972,0.389,184.499,25.855
2026-04-24 10:18:16,625,0,1,1.952,0.0,5.541,1.287,0.266,9.547,27.565
2026-04-24 10:18:16,626,0,1,1.594,0.0,6.424,1.086,0.31,9.877,28.419
2026-04-24 10:18:16,627,1,1,2.075,163.195,8.355,1.059,0.46,176.122,26.092
2026-04-24 10:18:16,628,0,1,2.007,0.0,7.851,1.917,0.611,12.955,25.562
2026-04-24 10:18:16,629,0,1,1.811,0.0,7.95,1.869,0.43,12.639,25.999
2026-04-24 10:18:16,630,1,1,2.129,162.205,8.212,1.806,0.335,175.721,23.917
2026-04-24 10:18:16,631,0,1,1.926,0.0,8.338,1.935,0.52,13.343,24.939
2026-04-24 10:18:16,632,0,1,1.938,0.0,7.858,1.831,0.441,12.648,26.327
2026-04-24 10:18:16,633,1,1,2.693,176.148,28.923,1.943,0.438,211.527,24.155
2026-04-24 10:18:16,634,0,1,2.176,0.0,7.755,1.861,0.292,12.447,24.148
2026-04-24 10:18:16,635,0,1,1.736,0.0,7.937,1.844,0.428,12.523,25.237
2026-04-24 10:18:17,636,1,1,2.122,164.221,7.492,1.815,0.437,177.452,23.227
2026-04-24 10:18:17,637,0,1,9.265,0.0,5.854,1.493,0.234,17.277,24.245
2026-04-24 10:18:17,638,0,1,2.864,0.0,7.43,1.033,0.246,12.092,25.893
2026-04-24 10:18:17,639,1,1,1.966,172.349,6.608,1.767,0.545,184.478,23.801
2026-04-24 10:18:17,640,0,1,2.223,0.0,5.718,1.079,0.321,9.834,25.856
2026-04-24 10:18:17,641,0,1,2.363,0.0,7.781,1.971,0.43,13.137,26.962
2026-04-24 10:18:17,642,1,1,2.573,156.488,8.371,1.996,0.454,171.126,24.784
2026-04-24 10:18:17,643,0,1,1.612,0.0,7.527,1.959,0.531,12.159,26.408
2026-04-24 10:18:17,644,0,1,1.627,0.0,6.428,1.09,0.43,10.097,27.356
2026-04-24 10:18:17,645,1,1,1.668,173.979,5.528,1.295,0.437,183.862,25.12
2026-04-24 10:18:17,646,0,1,2.681,0.0,8.256,1.482,0.798,13.638,26.461
2026-04-24 10:18:17,647,0,1,2.533,0.0,7.74,1.822,0.419,13.387,27.057
2026-04-24 10:18:18,648,1,1,1.852,196.645,8.048,1.957,0.439,210.063,24.79
2026-04-24 10:18:18,649,0,1,1.662,0.0,4.688,1.056,0.371,8.274,25.104
2026-04-24 10:18:18,650,0,1,3.11,0.0,6.906,0.963,0.285,11.567,26.587
2026-04-24 10:18:18,651,1,1,8.76,162.239,5.242,1.178,0.235,178.833,24.435
2026-04-24 10:18:18,652,0,1,1.844,0.0,7.722,2.075,0.579,12.871,26.182
2026-04-24 10:18:18,653,0,1,2.635,0.0,8.136,1.884,0.666,13.82,26.732
2026-04-24 10:18:18,654,1,1,1.735,157.708,7.586,2.053,0.487,170.735,24.555
2026-04-24 10:18:18,655,0,1,1.718,0.0,6.474,1.652,0.452,11.018,25.83
2026-04-24 10:18:18,656,0,1,5.127,0.0,8.252,2.328,0.342,16.58,26.14
2026-04-24 10:18:18,657,1,1,1.579,162.818,7.992,1.812,0.509,176.238,24.045
2026-04-24 10:18:18,658,0,1,2.277,0.0,6.568,1.362,0.456,11.095,25.352
2026-04-24 10:18:18,659,0,1,1.704,0.0,6.21,1.206,0.292,9.931,25.647
2026-04-24 10:18:19,660,1,1,1.814,157.826,7.395,1.218,0.437,170.246,23.614
2026-04-24 10:18:19,661,0,1,2.243,0.0,7.912,1.474,0.439,12.552,24.671
2026-04-24 10:18:19,662,0,1,2.194,0.0,5.922,1.715,0.345,10.7,25.414
2026-04-24 10:18:19,663,1,1,3.192,161.642,7.276,1.368,0.272,174.713,23.393
2026-04-24 10:18:19,664,0,1,1.776,0.0,6.848,1.871,0.431,11.505,24.486
2026-04-24 10:18:19,665,0,1,2.279,0.0,7.223,1.901,0.437,12.5,25.166
2026-04-24 10:18:19,666,1,1,1.723,156.829,7.633,1.83,0.426,169.806,23.19
2026-04-24 10:18:19,667,0,1,2.162,0.0,7.472,1.156,0.441,11.772,24.328
2026-04-24 10:18:19,668,0,1,1.766,0.0,6.986,2.048,0.329,11.494,25.38
2026-04-24 10:18:19,669,1,1,1.948,166.569,7.569,1.302,0.22,178.803,23.347
2026-04-24 10:18:19,670,0,1,1.785,0.0,8.067,1.815,0.429,12.667,24.28
2026-04-24 10:18:19,671,0,1,1.659,0.0,7.892,2.056,0.434,12.631,25.987
2026-04-24 10:18:20,672,1,1,1.791,161.322,6.451,1.311,0.4,172.284,23.903
2026-04-24 10:18:20,673,0,1,1.788,0.0,7.436,2.106,0.445,12.367,25.247
2026-04-24 10:18:20,674,0,1,1.62,0.0,7.152,1.417,0.269,11.002,26.398
2026-04-24 10:18:20,675,1,1,1.948,183.828,8.02,1.901,0.211,197.1,24.24
2026-04-24 10:18:20,676,0,1,2.088,0.0,6.656,1.991,0.515,11.851,25.739
2026-04-24 10:18:20,677,0,1,2.551,0.0,7.794,2.039,0.332,13.145,26.317
2026-04-24 10:18:20,678,1,1,1.792,173.792,8.054,1.741,0.355,186.875,24.184
2026-04-24 10:18:20,679,0,1,1.858,0.0,4.448,1.348,0.348,8.522,25.201
2026-04-24 10:18:20,680,0,1,1.642,0.0,6.244,1.68,0.411,10.504,26.121
2026-04-24 10:18:20,681,1,1,1.733,166.305,8.031,2.014,0.465,179.713,24.027
2026-04-24 10:18:20,682,0,1,1.618,0.0,7.071,1.755,0.344,11.192,24.769
2026-04-24 10:18:20,683,0,1,1.712,0.0,7.016,1.806,0.425,11.513,25.742
2026-04-24 10:18:21,684,1,1,1.985,167.844,7.84,1.855,0.47,181.128,23.67
2026-04-24 10:18:21,685,0,1,1.794,0.0,6.32,1.881,0.373,10.75,25.069
2026-04-24 10:18:21,686,0,1,7.246,0.0,7.205,1.887,0.438,17.31,26.475
2026-04-24 10:18:21,687,1,1,1.673,163.337,7.438,1.805,0.236,175.42,24.341
2026-04-24 10:18:21,688,0,1,1.543,0.0,6.956,1.159,0.262,10.455,25.611
2026-04-24 10:18:21,689,0,1,1.776,0.0,7.846,1.735,0.619,12.397,26.539
2026-04-24 10:18:21,690,1,1,2.65,173.548,5.869,1.361,0.307,184.656,24.374
2026-04-24 10:18:21,691,0,1,1.868,0.0,5.044,1.164,0.297,8.915,25.609
2026-04-24 10:18:21,692,0,1,3.312,0.0,8.849,1.662,0.466,14.778,26.786
2026-04-24 10:18:21,693,1,1,2.432,167.505,5.87,0.929,0.475,178.052,24.619
2026-04-24 10:18:21,694,0,1,2.06,0.0,4.987,1.329,0.326,9.495,25.275
2026-04-24 10:18:21,695,0,1,2.569,0.0,8.126,1.824,0.434,13.569,26.477
2026-04-24 10:18:22,696,1,1,2.133,175.622,5.415,1.63,0.285,186.082,24.325
2026-04-24 10:18:22,697,0,1,1.683,0.0,7.005,1.205,0.24,10.463,25.535
2026-04-24 10:18:22,698,0,1,1.964,0.0,6.287,1.456,0.258,10.279,26.94
2026-04-24 10:18:22,699,1,1,1.807,164.488,8.127,1.875,0.429,177.871,24.764
2026-04-24 10:18:22,700,0,1,1.688,0.0,5.567,1.062,0.344,9.198,26.034
2026-04-24 10:18:22,701,0,1,15.676,0.0,7.118,1.046,0.29,24.467,27.217
2026-04-24 10:18:22,702,1,1,8.241,186.718,8.037,1.861,0.448,206.456,24.957
2026-04-24 10:18:22,703,0,1,2.892,0.0,7.47,1.999,0.44,13.217,25.633
2026-04-24 10:18:22,704,0,1,2.233,0.0,25.362,1.563,0.402,29.955,25.966
2026-04-24 10:18:22,705,1,1,3.648,172.726,8.308,1.982,0.432,188.305,23.848
2026-04-24 10:18:22,706,0,1,1.912,0.0,7.373,1.882,0.448,12.214,25.534
2026-04-24 10:18:23,707,0,1,2.364,0.0,8.746,1.587,0.427,13.681,25.85
2026-04-24 10:18:23,708,1,1,1.934,175.282,7.918,1.425,0.474,188.248,23.76
2026-04-24 10:18:23,709,0,1,2.593,0.0,7.987,1.5,0.463,13.109,24.945
2026-04-24 10:18:23,710,0,1,2.164,0.0,6.885,1.353,0.249,11.173,25.935
2026-04-24 10:18:23,711,1,1,1.771,166.439,7.386,1.84,0.406,179.003,23.859
2026-04-24 10:18:23,712,0,1,1.784,0.0,7.073,1.429,0.35,11.152,24.666
2026-04-24 10:18:23,713,0,1,2.12,0.0,7.865,2.006,0.431,12.987,26.442
2026-04-24 10:18:23,714,1,1,2.464,166.943,5.853,1.316,0.226,177.731,24.297
2026-04-24 10:18:23,715,0,1,2.467,0.0,4.832,1.356,0.353,9.52,24.331
2026-04-24 10:18:23,716,0,1,2.798,0.0,7.996,1.997,0.492,13.87,25.137
2026-04-24 10:18:23,717,1,1,2.666,164.706,6.373,1.995,0.445,177.385,23.126
2026-04-24 10:18:24,718,0,1,5.568,0.0,5.75,1.353,0.341,13.515,24.963
2026-04-24 10:18:24,719,0,1,24.252,0.0,8.223,1.377,0.354,34.687,24.666
2026-04-24 10:18:24,720,1,1,2.448,154.1,7.299,1.844,0.416,167.315,22.736
2026-04-24 10:18:24,721,0,1,1.755,0.0,6.153,1.334,0.347,10.102,23.634
2026-04-24 10:18:24,722,0,1,2.174,0.0,7.195,1.34,0.35,11.579,24.607
2026-04-24 10:18:24,723,1,1,2.352,154.888,8.056,1.27,0.476,168.127,22.68
2026-04-24 10:18:24,724,0,1,3.121,0.0,8.178,1.864,0.434,14.164,23.463
2026-04-24 10:18:24,725,0,1,25.618,0.0,6.466,1.499,0.356,34.539,22.837
2026-04-24 10:18:24,726,1,1,24.896,232.815,6.541,1.274,0.432,266.756,20.925
2026-04-24 10:18:24,727,0,1,2.202,0.0,6.477,1.83,0.417,11.435,22.664
2026-04-24 10:18:24,728,0,1,1.495,0.0,6.734,2.112,0.444,11.377,24.353
2026-04-24 10:18:25,729,1,1,2.565,169.146,7.599,1.644,0.242,182.096,22.417
2026-04-24 10:18:25,730,0,1,1.101,0.0,8.948,1.45,0.362,12.146,23.063
2026-04-24 10:18:25,731,0,1,48.605,0.0,26.786,1.577,0.385,77.642,22.277
2026-04-24 10:18:25,732,1,1,15.163,169.947,7.541,1.872,0.457,196.191,20.521
2026-04-24 10:18:25,733,0,1,2.056,0.0,8.04,1.975,0.438,13.082,22.05
2026-04-24 10:18:25,734,0,1,3.617,0.0,6.79,2.01,0.49,13.48,23.051
2026-04-24 10:18:25,735,1,1,2.411,163.447,5.459,1.36,0.351,173.915,21.216
2026-04-24 10:18:25,736,0,1,1.45,0.0,8.068,1.215,0.327,11.559,22.923
2026-04-24 10:18:25,737,0,1,1.712,0.0,44.23,1.108,0.452,48.088,23.337
2026-04-24 10:18:25,738,1,1,2.115,160.32,8.286,1.334,0.375,173.498,21.465
2026-04-24 10:18:26,739,0,1,1.797,0.0,7.845,1.807,0.741,12.812,23.1
2026-04-24 10:18:26,740,0,1,2.185,0.0,4.791,1.618,0.408,9.747,24.082
2026-04-24 10:18:26,741,1,1,1.747,165.486,8.248,1.687,0.459,178.86,22.178
2026-04-24 10:18:26,742,0,1,1.762,0.0,8.24,1.048,0.238,11.906,23.85
2026-04-24 10:18:26,743,0,1,4.474,0.0,6.843,1.869,0.437,14.141,25.29
2026-04-24 10:18:26,744,1,1,1.641,160.624,6.184,1.897,0.438,172.068,23.292
2026-04-24 10:18:26,745,0,1,1.62,0.0,6.565,1.931,0.272,10.93,24.617
2026-04-24 10:18:26,746,0,1,1.625,0.0,5.625,0.992,0.476,9.328,25.642
2026-04-24 10:18:26,747,1,1,2.151,165.162,5.644,1.385,0.325,175.817,23.598
2026-04-24 10:18:26,748,0,1,2.601,0.0,7.68,1.83,0.469,13.173,25.156
2026-04-24 10:18:26,749,0,1,1.865,0.0,7.275,1.091,0.29,11.107,25.902
2026-04-24 10:18:26,750,1,1,9.373,165.114,8.583,1.57,0.223,186.185,23.819
2026-04-24 10:18:26,751,0,1,2.177,0.0,7.751,1.839,0.489,12.84,24.998
2026-04-24 10:18:27,752,0,1,1.682,0.0,6.34,1.34,0.331,10.075,26.382
2026-04-24 10:18:27,753,1,1,1.789,197.21,7.806,1.85,0.465,210.205,24.194
2026-04-24 10:18:27,754,0,1,2.442,0.0,7.192,0.897,0.253,11.242,25.84
2026-04-24 10:18:27,755,0,1,1.699,0.0,7.985,1.751,0.291,12.262,26.791
2026-04-24 10:18:27,756,1,1,2.302,171.685,8.339,1.815,0.452,185.652,24.609
2026-04-24 10:18:27,757,0,1,2.706,0.0,8.065,1.811,0.457,13.607,25.36
2026-04-24 10:18:27,758,0,1,1.625,0.0,7.53,1.601,0.434,11.708,26.609
2026-04-24 10:18:27,759,1,1,1.628,159.18,8.596,1.888,0.471,172.951,24.479
2026-04-24 10:18:27,760,0,1,1.755,0.0,6.946,4.612,3.076,16.924,25.998
2026-04-24 10:18:27,761,0,1,1.61,0.0,6.556,1.131,0.284,10.14,26.204
2026-04-24 10:18:27,762,1,1,2.397,160.77,7.528,1.966,0.455,174.132,24.112
2026-04-24 10:18:28,763,0,1,1.551,0.0,7.556,1.886,0.466,11.959,25.427
2026-04-24 10:18:28,764,0,1,2.197,0.0,4.762,0.916,0.249,8.672,26.862
2026-04-24 10:18:28,765,1,1,1.617,165.152,7.338,1.813,0.403,177.605,24.689
2026-04-24 10:18:28,766,0,1,1.966,0.0,7.977,2.01,0.45,12.858,24.633
2026-04-24 10:18:28,767,0,1,1.583,0.0,3.918,0.757,0.229,6.962,25.361
2026-04-24 10:18:28,768,1,1,1.753,161.464,8.011,1.158,0.393,173.986,23.367
2026-04-24 10:18:28,769,0,1,2.013,0.0,7.629,2.059,0.486,12.764,24.506
2026-04-24 10:18:28,770,0,1,2.602,0.0,5.393,1.462,0.454,10.393,25.224
2026-04-24 10:18:28,771,1,1,5.665,161.976,8.143,2.123,0.452,179.404,23.222
2026-04-24 10:18:28,772,0,1,2.098,0.0,7.776,1.82,0.425,12.826,24.378
2026-04-24 10:18:28,773,0,1,1.704,0.0,6.606,1.421,0.223,10.435,26.069
2026-04-24 10:18:29,774,1,1,1.6,169.047,7.917,2.021,0.418,182.172,23.972
2026-04-24 10:18:29,775,0,1,1.764,0.0,7.902,1.685,0.462,12.4,25.664
2026-04-24 10:18:29,776,0,1,2.512,0.0,8.13,1.965,0.451,13.701,25.756
2026-04-24 10:18:29,777,1,1,1.612,161.457,5.483,1.156,0.399,171.106,23.705
2026-04-24 10:18:29,778,0,1,1.607,0.0,5.494,1.168,0.311,9.069,25.602
2026-04-24 10:18:29,779,0,1,2.368,0.0,7.493,1.858,0.452,12.681,26.473
2026-04-24 10:18:29,780,1,1,1.825,166.379,7.981,1.852,0.257,179.312,24.344
2026-04-24 10:18:29,781,0,1,2.508,0.0,8.133,1.887,0.362,13.416,25.007
2026-04-24 10:18:29,782,0,1,2.003,0.0,5.911,1.846,0.447,10.777,26.395
2026-04-24 10:18:29,783,1,1,1.705,168.202,8.36,1.888,0.427,181.844,24.259
2026-04-24 10:18:29,784,0,1,2.154,0.0,7.461,1.822,0.281,12.219,25.318
2026-04-24 10:18:29,785,0,1,1.445,0.0,7.625,1.603,0.528,11.686,26.554
2026-04-24 10:18:30,786,1,1,2.61,169.1,7.511,1.928,0.242,182.213,24.4
2026-04-24 10:18:30,787,0,1,2.322,0.0,8.198,2.022,0.464,13.56,25.632
2026-04-24 10:18:30,788,0,1,2.597,0.0,7.23,1.972,0.475,12.812,26.659
2026-04-24 10:18:30,789,1,1,1.87,165.956,7.137,1.822,0.411,178.132,24.51
2026-04-24 10:18:30,790,0,1,2.222,0.0,8.062,1.866,0.43,13.157,25.186
2026-04-24 10:18:30,791,0,1,2.245,0.0,8.034,1.751,0.435,13.046,26.511
2026-04-24 10:18:30,792,1,1,1.772,159.866,6.206,1.887,0.405,171.289,24.374
2026-04-24 10:18:30,793,0,1,2.43,0.0,8.106,1.539,0.482,13.316,24.518
2026-04-24 10:18:30,794,0,1,2.546,0.0,8.367,1.887,0.597,13.789,25.206
2026-04-24 10:18:30,795,1,1,2.122,170.121,7.68,1.054,0.332,182.278,23.185
2026-04-24 10:18:30,796,0,1,1.947,0.0,7.462,1.871,0.421,12.286,24.095
2026-04-24 10:18:30,797,0,1,10.604,0.0,8.225,1.934,0.469,21.766,24.988
2026-04-24 10:18:31,798,1,1,4.765,159.205,7.923,1.251,0.37,174.383,23.011
2026-04-24 10:18:31,799,0,1,1.657,0.0,5.631,1.076,0.285,9.173,24.449
2026-04-24 10:18:31,800,0,1,1.853,0.0,6.09,1.874,0.446,10.762,25.42
2026-04-24 10:18:31,801,1,1,2.571,164.794,8.135,1.242,0.545,178.581,23.395
2026-04-24 10:18:31,802,0,1,2.83,0.0,8.142,1.874,0.494,14.132,24.589
2026-04-24 10:18:31,803,0,1,2.496,0.0,6.911,1.498,0.46,11.866,25.129
2026-04-24 10:18:31,804,1,1,1.758,152.75,7.594,1.818,0.432,165.639,23.175
2026-04-24 10:18:31,805,0,1,1.757,0.0,4.664,1.378,0.426,8.593,24.075
2026-04-24 10:18:31,806,0,1,2.134,0.0,7.623,1.348,0.369,11.831,25.75
2026-04-24 10:18:31,807,1,1,2.068,173.226,7.802,1.448,0.418,186.094,23.677
2026-04-24 10:18:31,808,0,1,2.055,0.0,7.44,1.091,0.236,11.346,24.673
2026-04-24 10:18:31,809,0,1,3.482,0.0,9.048,1.935,0.486,15.358,25.856
2026-04-24 10:18:32,810,1,1,2.165,161.081,8.507,1.474,0.375,174.715,23.787
2026-04-24 10:18:32,811,0,1,1.805,0.0,7.478,2.15,0.631,12.568,24.675
2026-04-24 10:18:32,812,0,1,1.912,0.0,7.909,1.979,0.59,13.004,25.159
2026-04-24 10:18:32,813,1,1,1.905,164.858,6.977,1.704,0.361,176.83,23.145
2026-04-24 10:18:32,814,0,1,1.715,0.0,6.952,1.269,0.369,10.799,24.729
2026-04-24 10:18:32,815,0,1,8.462,0.0,7.388,1.82,0.43,18.715,26.065
2026-04-24 10:18:32,816,1,1,1.982,163.667,8.304,1.829,0.414,177.483,23.979
2026-04-24 10:18:32,817,0,1,2.184,0.0,6.59,1.296,0.346,10.895,24.732
2026-04-24 10:18:32,818,0,1,2.93,0.0,6.46,1.357,0.344,11.645,25.63
2026-04-24 10:18:32,819,1,1,1.77,165.19,9.085,1.957,0.457,179.518,23.583
2026-04-24 10:18:32,820,0,1,1.57,0.0,5.649,1.229,0.339,9.305,24.539
2026-04-24 10:18:32,821,0,1,2.041,0.0,7.345,1.507,0.44,11.748,25.523
2026-04-24 10:18:33,822,1,1,12.134,166.249,8.118,1.305,0.376,189.356,23.496
2026-04-24 10:18:33,823,0,1,2.004,0.0,8.396,1.248,0.45,12.67,23.552
2026-04-24 10:18:33,824,0,1,1.57,0.0,7.951,1.826,0.443,12.648,24.608
2026-04-24 10:18:33,825,1,1,1.592,168.531,4.914,1.08,0.395,177.353,22.646
2026-04-24 10:18:33,826,0,1,2.825,0.0,5.77,1.412,0.344,10.898,24.106
2026-04-24 10:18:33,827,0,1,6.246,0.0,5.89,1.233,0.417,14.118,25.095
2026-04-24 10:18:33,828,1,1,15.791,179.862,7.175,1.366,0.424,205.751,23.053
2026-04-24 10:18:33,829,0,1,3.459,0.0,5.979,1.183,0.274,11.382,24.423
2026-04-24 10:18:33,830,0,1,2.21,0.0,6.69,1.831,0.207,11.457,26.114
2026-04-24 10:18:33,831,1,1,6.644,168.114,6.951,1.902,0.228,184.819,24.017
2026-04-24 10:18:33,832,0,1,2.813,0.0,7.456,2.54,3.056,16.709,24.378
2026-04-24 10:18:33,833,0,1,7.429,0.0,5.565,1.065,0.269,14.867,25.126
2026-04-24 10:18:34,834,1,1,1.639,180.05,6.62,1.668,0.49,191.587,23.104
2026-04-24 10:18:34,835,0,1,2.393,0.0,7.586,1.917,0.438,13.227,24.474
2026-04-24 10:18:34,836,0,1,2.13,0.0,7.998,2.079,0.469,13.246,25.243
2026-04-24 10:18:34,837,1,1,2.074,160.236,7.623,1.172,0.403,172.643,23.245
2026-04-24 10:18:34,838,0,1,2.098,0.0,5.32,1.263,0.27,9.452,24.671
2026-04-24 10:18:34,839,0,1,5.474,0.0,8.252,1.749,0.446,16.288,27.364
2026-04-24 10:18:34,840,1,1,1.48,159.586,8.224,1.886,0.437,172.907,25.142
2026-04-24 10:18:34,841,0,1,1.683,0.0,8.012,1.85,0.443,12.575,25.43
2026-04-24 10:18:34,842,0,1,28.177,0.0,6.29,1.544,0.401,36.903,24.641
2026-04-24 10:18:34,843,1,1,31.665,186.544,7.931,1.886,0.588,229.888,22.608
2026-04-24 10:18:34,844,0,1,7.169,0.0,8.415,1.08,0.29,17.524,23.871
2026-04-24 10:18:34,845,0,1,2.008,0.0,8.21,1.237,0.485,12.609,23.809
2026-04-24 10:18:35,846,1,1,3.765,167.842,8.136,1.841,0.531,183.084,21.947
2026-04-24 10:18:35,847,0,1,2.08,0.0,8.338,1.803,0.231,12.964,22.979
2026-04-24 10:18:35,848,0,1,2.575,0.0,8.028,1.879,0.454,13.527,24.349
2026-04-24 10:18:35,849,1,1,2.114,159.037,4.209,0.802,0.212,167.358,22.446
2026-04-24 10:18:35,850,0,1,8.396,0.0,7.895,1.312,0.294,18.394,24.546
2026-04-24 10:18:35,851,0,1,1.811,0.0,6.541,1.367,0.363,10.688,25.722
2026-04-24 10:18:35,852,1,1,2.18,163.18,8.04,1.701,0.297,176.439,23.66
2026-04-24 10:18:35,853,0,1,2.538,0.0,8.127,2.05,0.483,13.726,24.836
2026-04-24 10:18:35,854,0,1,2.027,0.0,7.126,1.937,0.456,12.204,24.852
2026-04-24 10:18:35,855,1,1,2.686,170.304,5.383,1.149,0.227,180.626,22.871
2026-04-24 10:18:35,856,0,1,4.533,0.0,7.769,1.883,0.427,15.115,24.779
2026-04-24 10:18:35,857,0,1,1.757,0.0,9.048,2.088,0.577,13.846,25.767
2026-04-24 10:18:36,858,1,1,1.776,202.371,6.876,1.761,0.445,214.253,23.622
2026-04-24 10:18:36,859,0,1,1.542,0.0,6.101,1.343,0.318,9.799,24.701
2026-04-24 10:18:36,860,0,1,1.669,0.0,6.545,1.186,0.3,10.216,26.039
2026-04-24 10:18:36,861,1,1,2.067,175.172,6.909,0.866,0.41,186.399,23.936
2026-04-24 10:18:36,862,0,1,2.273,0.0,6.691,1.858,0.446,11.748,25.249
2026-04-24 10:18:36,863,0,1,6.784,0.0,8.083,1.838,0.246,17.535,26.785
2026-04-24 10:18:36,864,1,1,1.65,168.019,8.003,1.842,0.428,181.073,24.607
2026-04-24 10:18:36,865,0,1,2.055,0.0,7.739,1.881,0.459,12.739,25.594
2026-04-24 10:18:36,866,0,1,2.251,0.0,6.646,1.025,0.259,10.659,26.208
2026-04-24 10:18:36,867,1,1,1.828,177.73,6.913,1.197,0.263,188.996,24.079
2026-04-24 10:18:37,868,0,1,2.127,0.0,4.488,1.161,0.329,8.507,24.137
2026-04-24 10:18:37,869,0,1,2.972,0.0,6.42,1.262,0.329,11.467,25.54
2026-04-24 10:18:37,870,1,1,1.711,298.264,6.594,1.356,0.422,309.358,23.294
2026-04-24 10:18:37,871,0,1,1.587,0.0,5.806,1.771,0.453,10.157,24.518
2026-04-24 10:18:37,872,0,1,1.48,0.0,7.303,1.471,0.304,11.059,25.795
2026-04-24 10:18:37,873,1,1,9.379,180.124,6.515,1.829,0.398,199.379,23.697
2026-04-24 10:18:37,874,0,1,2.04,0.0,7.845,1.925,0.438,12.691,24.909
2026-04-24 10:18:37,875,0,1,1.568,0.0,6.995,1.298,0.329,10.731,25.581
2026-04-24 10:18:37,876,1,1,2.514,172.313,7.089,1.886,0.442,185.315,23.528
2026-04-24 10:18:37,877,0,1,3.194,0.0,7.575,1.419,0.306,13.012,24.282
2026-04-24 10:18:37,878,0,1,2.181,0.0,7.779,1.682,0.479,12.665,25.38
2026-04-24 10:18:38,879,1,1,1.568,173.036,7.572,1.404,0.432,185.213,23.329
2026-04-24 10:18:38,880,0,1,1.584,0.0,7.74,1.637,0.604,11.861,24.437
2026-04-24 10:18:38,881,0,1,3.556,0.0,5.66,1.394,0.45,11.549,25.805
2026-04-24 10:18:38,882,1,1,2.624,174.579,6.215,1.935,0.419,186.841,23.712
2026-04-24 10:18:38,883,0,1,4.777,0.0,27.296,2.383,0.471,35.427,24.447
2026-04-24 10:18:38,884,0,1,1.748,0.0,7.454,1.753,0.233,11.568,23.944
2026-04-24 10:18:38,885,1,1,7.96,168.999,5.384,1.885,0.406,185.721,22.06
2026-04-24 10:18:38,886,0,1,2.658,0.0,5.214,2.056,0.442,10.889,23.867
2026-04-24 10:18:38,887,0,1,1.751,0.0,6.817,1.82,0.434,11.396,25.059
2026-04-24 10:18:38,888,1,1,2.284,170.804,5.972,1.034,0.256,181.298,23.062
2026-04-24 10:18:38,889,0,1,6.268,0.0,8.139,1.925,0.473,17.35,26.273
2026-04-24 10:18:39,890,0,1,2.982,0.0,8.247,1.814,0.463,13.975,26.632
2026-04-24 10:18:39,891,1,1,1.624,170.446,7.609,1.519,0.446,182.619,24.46
2026-04-24 10:18:39,892,0,1,2.045,0.0,7.519,1.729,0.304,11.995,25.467
2026-04-24 10:18:39,893,0,1,1.818,0.0,6.197,1.835,0.448,10.857,26.729
2026-04-24 10:18:39,894,1,1,2.285,153.816,8.334,1.755,0.403,167.627,24.595
2026-04-24 10:18:39,895,0,1,3.121,0.0,6.573,0.853,0.225,11.178,25.659
2026-04-24 10:18:39,896,0,1,5.942,0.0,6.929,1.331,0.339,15.078,27.046
2026-04-24 10:18:39,897,1,1,1.892,166.423,5.69,1.425,0.448,177.132,24.852
2026-04-24 10:18:39,898,0,1,8.268,0.0,8.438,1.277,0.408,18.933,26.47
2026-04-24 10:18:39,899,0,1,1.579,0.0,5.142,1.536,0.218,8.97,27.713
2026-04-24 10:18:39,900,1,1,6.481,176.084,7.348,2.536,0.322,194.078,25.418
2026-04-24 10:18:39,901,0,1,1.632,0.0,6.827,1.619,0.438,11.053,26.402
2026-04-24 10:18:40,902,0,1,3.091,0.0,7.072,1.681,0.45,12.788,27.658
2026-04-24 10:18:40,903,1,1,1.692,168.562,6.427,1.847,0.487,180.004,25.396
2026-04-24 10:18:40,904,0,1,2.481,0.0,7.657,1.354,0.38,12.387,26.575
2026-04-24 10:18:40,905,0,1,1.761,0.0,7.785,1.557,0.426,12.044,26.54
2026-04-24 10:18:40,906,1,1,2.531,161.225,7.796,1.839,0.432,174.841,24.404
2026-04-24 10:18:40,907,0,1,1.893,0.0,8.369,1.919,0.231,12.994,25.043
2026-04-24 10:18:40,908,0,1,3.019,0.0,6.01,1.285,0.307,10.923,25.826
2026-04-24 10:18:40,909,1,1,4.973,180.456,7.209,1.958,0.301,195.739,23.733
2026-04-24 10:18:40,910,0,1,1.686,0.0,7.061,1.62,0.349,11.127,23.8
2026-04-24 10:18:40,911,0,1,2.415,0.0,7.929,1.801,0.466,13.184,24.914
2026-04-24 10:18:41,912,1,1,4.4,175.437,8.511,1.155,0.412,191.117,22.916
2026-04-24 10:18:41,913,0,1,1.53,0.0,5.836,1.255,0.422,9.538,24.107
2026-04-24 10:18:41,914,0,1,1.716,0.0,6.74,1.485,0.351,10.72,25.531
2026-04-24 10:18:41,915,1,1,2.68,167.243,5.87,1.969,0.287,179.081,23.49
2026-04-24 10:18:41,916,0,1,1.994,0.0,7.448,1.337,0.285,11.557,24.825
2026-04-24 10:18:41,917,0,1,1.853,0.0,7.065,1.406,0.372,11.207,26.115
2026-04-24 10:18:41,918,1,1,2.421,164.691,8.299,2.045,0.457,179.016,24.029
2026-04-24 10:18:41,919,0,1,1.56,0.0,6.536,1.631,0.634,10.967,25.356
2026-04-24 10:18:41,920,0,1,2.357,0.0,4.979,1.501,0.442,9.779,26.416
2026-04-24 10:18:41,921,1,1,2.28,166.37,7.655,1.872,0.445,179.765,24.295
2026-04-24 10:18:41,922,0,1,2.048,0.0,7.171,1.667,0.24,11.642,24.214
2026-04-24 10:18:41,923,0,1,1.996,0.0,7.43,1.282,0.448,11.78,25.085
2026-04-24 10:18:42,924,1,1,1.964,174.565,6.283,1.795,0.452,185.954,23.074
2026-04-24 10:18:42,925,0,1,1.884,0.0,8.2,2.139,0.452,13.846,24.14
2026-04-24 10:18:42,926,0,1,1.848,0.0,7.772,2.04,0.429,12.743,23.958
2026-04-24 10:18:42,927,1,1,1.983,164.491,7.586,1.838,0.47,177.534,22.082
2026-04-24 10:18:42,928,0,1,1.776,0.0,5.545,0.953,0.373,9.163,23.781
2026-04-24 10:18:42,929,0,1,2.175,0.0,7.304,2.072,0.512,12.654,25.239
2026-04-24 10:18:42,930,1,1,2.422,167.825,8.445,1.913,0.44,182.259,23.208
2026-04-24 10:18:42,931,0,1,1.783,0.0,6.268,1.121,0.301,9.953,24.617
2026-04-24 10:18:42,932,0,1,1.84,0.0,6.922,1.347,0.356,11.009,25.956
2026-04-24 10:18:42,933,1,1,7.771,163.507,8.144,1.837,0.4,182.659,23.89
2026-04-24 10:18:42,934,0,1,1.951,0.0,7.999,1.972,0.429,12.926,24.627
2026-04-24 10:18:42,935,0,1,2.67,0.0,8.414,1.25,0.403,13.224,25.75
2026-04-24 10:18:43,936,1,1,1.76,202.746,19.643,1.551,0.296,227.03,23.6
2026-04-24 10:18:43,937,0,1,4.893,0.0,6.802,1.779,0.385,14.366,24.538
2026-04-24 10:18:43,938,0,1,6.948,0.0,8.062,1.906,0.537,18.196,25.564
2026-04-24 10:18:43,939,1,1,6.096,172.248,6.719,1.406,0.419,188.032,23.496
2026-04-24 10:18:43,940,0,1,1.631,0.0,7.972,1.379,0.447,11.936,24.77
2026-04-24 10:18:43,941,0,1,2.303,0.0,4.437,0.948,0.27,8.448,25.422
2026-04-24 10:18:43,942,1,1,1.817,166.088,7.195,1.402,0.272,177.902,23.402
2026-04-24 10:18:43,943,0,1,2.224,0.0,7.999,1.514,0.358,12.548,24.938
2026-04-24 10:18:43,944,0,1,1.534,0.0,5.318,1.5,0.417,9.136,25.518
2026-04-24 10:18:43,945,1,1,2.021,162.934,7.98,1.911,0.455,176.549,23.493
2026-04-24 10:18:43,946,0,1,1.943,0.0,7.637,1.979,0.341,12.466,24.707
2026-04-24 10:18:43,947,0,1,1.926,0.0,8.221,1.827,0.439,12.997,25.645
2026-04-24 10:18:44,948,1,1,2.02,186.606,7.337,1.832,0.413,199.534,23.544
2026-04-24 10:18:44,949,0,1,2.115,0.0,5.682,1.854,0.44,10.67,24.441
2026-04-24 10:18:44,950,0,1,1.557,0.0,6.292,1.072,0.265,9.675,25.295
2026-04-24 10:18:44,951,1,1,1.579,169.808,8.169,2.038,0.486,183.367,23.276
2026-04-24 10:18:44,952,0,1,1.624,0.0,7.517,1.922,0.444,12.092,24.305
2026-04-24 10:18:44,953,0,1,1.865,0.0,3.993,0.898,0.233,7.47,25.097
2026-04-24 10:18:44,954,1,1,5.111,245.283,6.568,1.783,0.403,260.432,22.944
2026-04-24 10:18:44,955,0,1,1.733,0.0,6.199,1.904,0.448,10.82,23.5
2026-04-24 10:18:44,956,0,1,2.003,0.0,6.51,1.445,0.286,10.776,24.735
2026-04-24 10:18:44,957,1,1,5.582,171.79,6.726,1.341,0.43,186.948,22.759
2026-04-24 10:18:45,958,0,1,1.849,0.0,6.287,1.612,0.366,10.657,24.381
2026-04-24 10:18:45,959,0,1,3.606,0.0,8.751,2.04,0.403,15.268,25.036
2026-04-24 10:18:45,960,1,1,1.688,174.026,7.222,1.606,0.352,185.833,23.022
2026-04-24 10:18:45,961,0,1,1.998,0.0,8.127,1.155,0.323,12.161,24.711
2026-04-24 10:18:45,962,0,1,2.258,0.0,6.776,1.185,0.31,11.061,25.555
2026-04-24 10:18:45,963,1,1,1.775,183.409,8.336,1.946,0.469,197.113,23.472
2026-04-24 10:18:45,964,0,1,2.68,0.0,7.859,1.223,0.428,12.759,24.171
2026-04-24 10:18:45,965,0,1,2.057,0.0,8.435,1.816,0.436,13.329,25.565
2026-04-24 10:18:45,966,1,1,1.786,169.172,5.31,1.824,0.439,179.708,23.473
2026-04-24 10:18:45,967,0,1,1.948,0.0,7.943,1.804,0.455,12.538,24.851
2026-04-24 10:18:45,968,0,1,1.591,0.0,6.956,1.924,0.471,11.45,25.897
2026-04-24 10:18:46,969,1,1,1.821,161.896,8.265,1.823,0.4,175.115,23.815
2026-04-24 10:18:46,970,0,1,1.548,0.0,7.112,1.343,0.444,10.913,25.093
2026-04-24 10:18:46,971,0,1,2.357,0.0,8.015,1.522,0.49,12.986,26.358
2026-04-24 10:18:46,972,1,1,2.415,159.424,26.353,1.491,0.415,191.194,24.219
2026-04-24 10:18:46,973,0,1,1.775,0.0,5.706,0.986,0.239,9.191,24.136
2026-04-24 10:18:46,974,0,1,1.895,0.0,7.457,1.833,0.52,12.022,26.061
2026-04-24 10:18:46,975,1,1,3.701,158.54,5.476,1.159,0.458,170.382,23.991
2026-04-24 10:18:46,976,0,1,1.764,0.0,6.172,1.359,0.353,10.075,25.473
2026-04-24 10:18:46,977,0,1,2.073,0.0,6.497,1.503,0.421,11.03,26.827
2026-04-24 10:18:46,978,1,1,3.107,160.922,7.533,1.822,0.431,174.842,24.677
2026-04-24 10:18:46,979,0,1,2.108,0.0,7.695,1.485,0.285,12.084,25.753
2026-04-24 10:18:46,980,0,1,1.797,0.0,6.745,0.933,0.446,10.287,26.681
2026-04-24 10:18:47,981,1,1,32.36,196.24,7.232,1.399,0.343,238.527,24.425
2026-04-24 10:18:47,982,0,1,1.565,0.0,6.657,1.61,0.451,10.735,25.54
2026-04-24 10:18:47,983,0,1,3.368,0.0,8.124,1.526,0.61,13.976,26.31
2026-04-24 10:18:47,984,1,1,2.106,182.828,6.149,1.836,0.338,194.398,24.142
2026-04-24 10:18:47,985,0,1,2.414,0.0,6.884,1.556,0.392,11.577,25.628
2026-04-24 10:18:47,986,0,1,2.615,0.0,19.265,1.475,0.474,24.323,28.131
2026-04-24 10:18:47,987,1,1,1.582,357.116,7.013,1.989,0.428,369.152,25.573
2026-04-24 10:18:47,988,0,1,2.029,0.0,5.885,1.106,0.377,9.909,26.717
2026-04-24 10:18:47,989,0,1,2.082,0.0,8.273,1.903,0.436,13.205,27.881
2026-04-24 10:18:48,990,1,1,3.492,169.442,5.609,1.549,0.261,181.484,25.594
2026-04-24 10:18:48,991,0,1,2.296,0.0,6.522,1.241,0.475,11.291,26.754
2026-04-24 10:18:48,992,0,1,1.692,0.0,8.131,2.16,0.428,12.985,27.828
2026-04-24 10:18:48,993,1,1,2.048,164.121,7.543,1.848,0.448,177.235,25.55
2026-04-24 10:18:48,994,0,1,2.862,0.0,7.03,1.831,0.411,12.597,27.316
2026-04-24 10:18:48,995,0,1,2.338,0.0,7.971,1.987,0.505,13.296,28.31
2026-04-24 10:18:48,996,1,1,2.618,156.982,8.395,1.847,0.407,171.398,26.015
2026-04-24 10:18:48,997,0,1,2.144,0.0,8.78,1.877,0.445,13.816,26.595
2026-04-24 10:18:48,998,0,1,1.866,0.0,8.053,0.927,0.233,11.55,27.58
2026-04-24 10:18:48,999,1,1,1.73,164.372,8.119,1.953,0.331,177.418,25.339
2026-04-24 10:18:48,1000,0,1,6.686,0.0,6.409,1.412,0.433,15.424,26.572
2026-04-24 10:18:48,1001,0,1,1.798,0.0,7.52,1.902,0.476,12.241,27.545
2026-04-24 10:18:49,1002,1,1,2.112,162.762,6.796,1.32,0.217,174.14,25.296
2026-04-24 10:18:49,1003,0,1,1.908,0.0,8.098,1.293,0.419,12.33,25.98
2026-04-24 10:18:49,1004,0,1,1.614,0.0,8.244,1.069,0.399,11.884,26.486
2026-04-24 10:18:49,1005,1,1,2.255,164.724,7.41,1.99,0.489,178.295,24.353
2026-04-24 10:18:49,1006,0,1,2.754,0.0,8.499,1.844,0.437,14.112,24.871
2026-04-24 10:18:49,1007,0,1,2.077,0.0,8.488,1.816,0.439,13.405,25.526
2026-04-24 10:18:49,1008,1,1,2.482,154.946,6.865,1.401,0.355,167.284,23.511
2026-04-24 10:18:49,1009,0,1,2.256,0.0,6.283,1.52,0.459,10.948,24.545
2026-04-24 10:18:49,1010,0,1,1.77,0.0,8.337,1.512,0.435,12.644,26.274
2026-04-24 10:18:49,1011,1,1,1.968,159.821,6.675,1.188,0.42,171.238,24.175
2026-04-24 10:18:49,1012,0,1,1.826,0.0,8.296,1.888,0.436,13.019,25.503
2026-04-24 10:18:49,1013,0,1,2.014,0.0,8.656,2.097,0.44,13.8,25.941
2026-04-24 10:18:50,1014,1,1,1.797,198.095,8.189,1.504,0.345,211.105,23.762
2026-04-24 10:18:50,1015,0,1,2.221,0.0,8.31,1.354,0.303,12.522,24.586
2026-04-24 10:18:50,1016,0,1,1.818,0.0,7.843,2.044,0.456,13.103,25.302
2026-04-24 10:18:50,1017,1,1,2.557,171.251,6.613,1.61,0.446,183.38,23.273
2026-04-24 10:18:50,1018,0,1,1.721,0.0,4.36,1.182,0.323,8.055,24.356
2026-04-24 10:18:50,1019,0,1,2.091,0.0,4.833,2.202,0.586,10.231,25.833
2026-04-24 10:18:50,1020,1,1,2.473,173.973,6.124,1.389,0.568,185.841,23.748
2026-04-24 10:18:50,1021,0,1,1.72,0.0,8.183,1.832,0.482,13.22,25.042
2026-04-24 10:18:50,1022,0,1,1.965,0.0,7.429,1.852,0.469,12.238,26.155
2026-04-24 10:18:50,1023,1,1,1.549,179.841,7.558,1.588,0.432,192.094,24.015
2026-04-24 10:18:50,1024,0,1,1.732,0.0,6.005,2.106,0.316,10.61,24.989
2026-04-24 10:18:50,1025,0,1,1.681,0.0,6.897,1.465,0.443,11.006,26.23
2026-04-24 10:18:51,1026,1,1,1.955,184.653,6.591,1.333,0.464,196.208,24.075
2026-04-24 10:18:51,1027,0,1,4.599,0.0,6.437,1.83,0.533,13.887,25.616
2026-04-24 10:18:51,1028,0,1,2.853,0.0,6.975,1.884,0.251,12.31,26.185
2026-04-24 10:18:51,1029,1,1,1.939,186.654,7.902,1.722,0.377,199.744,24.025
2026-04-24 10:18:51,1030,0,1,1.622,0.0,8.072,1.502,0.4,12.149,24.835
2026-04-24 10:18:51,1031,0,1,2.649,0.0,7.339,1.703,0.451,12.681,25.749
2026-04-24 10:18:51,1032,1,1,2.045,185.282,6.74,0.999,0.404,196.705,23.624
2026-04-24 10:18:51,1033,0,1,1.801,0.0,7.214,1.275,0.37,11.054,24.866
2026-04-24 10:18:51,1034,0,1,4.011,0.0,7.98,1.548,0.304,14.294,26.03
2026-04-24 10:18:51,1035,1,1,8.264,169.967,19.479,1.587,0.422,200.92,23.913
2026-04-24 10:18:52,1036,0,1,2.13,0.0,5.659,0.952,0.276,9.467,24.339
2026-04-24 10:18:52,1037,0,1,3.12,0.0,7.703,1.596,0.444,13.328,25.919
2026-04-24 10:18:52,1038,1,1,1.641,201.852,26.205,1.823,0.443,233.262,23.742
2026-04-24 10:18:52,1039,0,1,3.966,0.0,28.32,1.54,0.369,34.676,23.538
2026-04-24 10:18:52,1040,0,1,1.924,0.0,5.368,1.301,0.314,9.238,23.702
2026-04-24 10:18:52,1041,1,1,3.329,336.697,7.272,1.775,0.435,350.542,21.609
2026-04-24 10:18:52,1042,0,1,1.81,0.0,6.421,1.72,0.37,10.888,22.883
2026-04-24 10:18:52,1043,0,1,2.23,0.0,6.081,1.222,0.325,10.348,24.588
2026-04-24 10:18:52,1044,1,1,2.156,178.967,6.671,1.926,0.425,191.105,22.609
2026-04-24 10:18:53,1045,0,1,1.468,0.0,5.902,1.214,0.291,9.43,23.796
2026-04-24 10:18:53,1046,0,1,1.789,0.0,8.119,1.488,0.324,12.144,25.154
2026-04-24 10:18:53,1047,1,1,1.754,185.703,6.841,1.4,0.436,197.274,23.106
2026-04-24 10:18:53,1048,0,1,2.022,0.0,5.204,0.981,0.276,9.542,24.16
2026-04-24 10:18:53,1049,0,1,1.972,0.0,8.22,1.605,0.439,12.714,26.349
2026-04-24 10:18:53,1050,1,1,1.767,199.063,8.327,1.881,0.466,212.746,24.15
2026-04-24 10:18:53,1051,0,1,2.433,0.0,6.512,1.071,0.301,10.826,25.177
2026-04-24 10:18:53,1052,0,1,1.471,0.0,6.184,2.027,0.447,10.695,26.225
2026-04-24 10:18:53,1053,1,1,1.795,185.685,8.059,1.665,0.494,198.643,24.069
2026-04-24 10:18:53,1054,0,1,4.242,0.0,7.739,0.951,0.433,13.836,25.486
2026-04-24 10:18:53,1055,0,1,2.362,0.0,6.374,1.958,0.439,11.695,26.403
2026-04-24 10:18:54,1056,1,1,1.876,195.29,7.871,1.361,0.244,208.01,24.207
2026-04-24 10:18:54,1057,0,1,2.526,0.0,7.875,1.399,0.486,12.804,24.557
2026-04-24 10:18:54,1058,0,1,2.065,0.0,4.929,1.104,0.254,8.844,25.952
2026-04-24 10:18:54,1059,1,1,1.828,168.995,6.251,1.27,0.474,179.925,23.856
2026-04-24 10:18:54,1060,0,1,1.727,0.0,6.199,1.329,0.304,10.098,25.894
2026-04-24 10:18:54,1061,0,1,1.649,0.0,6.733,1.938,0.566,11.376,27.216
2026-04-24 10:18:54,1062,1,1,1.816,190.366,7.179,1.572,0.319,202.344,24.943
2026-04-24 10:18:54,1063,0,1,2.001,0.0,5.33,1.149,0.331,9.286,26.091
2026-04-24 10:18:54,1064,0,1,2.048,0.0,6.759,1.919,0.452,11.539,27.559
2026-04-24 10:18:54,1065,1,1,2.018,189.171,7.238,1.885,0.429,201.813,25.268
2026-04-24 10:18:54,1066,0,1,1.472,0.0,4.31,0.915,0.246,7.541,26.651
2026-04-24 10:18:54,1067,0,1,5.339,0.0,6.041,1.572,0.368,13.703,27.397
2026-04-24 10:18:55,1068,1,1,6.954,394.82,8.9,2.731,1.034,415.644,24.891
2026-04-24 10:18:55,1069,0,1,2.209,0.0,23.866,1.298,0.427,28.316,27.869
2026-04-24 10:18:55,1070,0,1,1.707,0.0,8.398,1.169,0.456,12.224,27.347
2026-04-24 10:18:55,1071,1,1,2.018,162.868,8.024,1.991,0.471,176.348,25.126
2026-04-24 10:18:55,1072,0,1,1.922,0.0,7.08,1.487,0.455,11.413,26.695
2026-04-24 10:18:55,1073,0,1,2.559,0.0,8.089,2.005,0.498,13.867,27.648
2026-04-24 10:18:55,1074,1,1,1.809,173.379,6.899,1.801,0.429,185.341,25.374
2026-04-24 10:18:55,1075,0,1,1.981,0.0,4.372,1.666,0.242,9.226,26.199
2026-04-24 10:18:55,1076,0,1,2.292,0.0,6.908,1.936,0.473,12.222,27.331
2026-04-24 10:18:56,1077,1,1,1.75,176.528,7.043,1.966,0.439,188.964,25.09
2026-04-24 10:18:56,1078,0,1,5.369,0.0,6.94,1.138,0.485,14.406,25.827
2026-04-24 10:18:56,1079,0,1,11.932,0.0,8.166,1.888,0.436,22.913,26.253
2026-04-24 10:18:56,1080,1,1,2.094,169.446,5.712,1.13,0.439,179.946,24.13
2026-04-24 10:18:56,1081,0,1,2.102,0.0,7.686,1.951,0.553,13.023,24.5
2026-04-24 10:18:56,1082,0,1,1.965,0.0,7.293,1.959,0.416,12.214,25.279
2026-04-24 10:18:56,1083,1,1,1.711,166.443,5.206,1.256,0.245,175.933,23.257
2026-04-24 10:18:56,1084,0,1,2.115,0.0,6.957,1.696,0.44,11.75,24.401
2026-04-24 10:18:56,1085,0,1,1.637,0.0,8.682,2.044,0.44,13.474,25.677
2026-04-24 10:18:56,1086,1,1,1.981,199.566,7.127,1.654,0.441,211.82,23.52
2026-04-24 10:18:56,1087,0,1,6.061,0.0,7.674,1.316,0.361,15.948,24.726
2026-04-24 10:18:57,1088,0,1,2.05,0.0,6.493,1.328,0.282,10.674,26.195
2026-04-24 10:18:57,1089,1,1,12.658,210.057,6.538,1.71,0.224,232.305,23.992
2026-04-24 10:18:57,1090,0,1,2.681,0.0,7.726,2.35,0.514,13.933,24.945
2026-04-24 10:18:57,1091,0,1,2.44,0.0,6.793,1.866,0.467,12.164,25.618
2026-04-24 10:18:57,1092,1,1,1.653,157.191,8.179,1.841,0.416,170.389,23.593
2026-04-24 10:18:57,1093,0,1,2.181,0.0,8.427,1.828,0.439,13.46,24.405
2026-04-24 10:18:57,1094,0,1,2.721,0.0,8.075,1.824,0.597,13.612,25.092
2026-04-24 10:18:57,1095,1,1,3.236,158.257,7.68,1.837,0.218,172.443,23.109
2026-04-24 10:18:57,1096,0,1,2.019,0.0,7.176,1.643,0.423,11.838,24.306
2026-04-24 10:18:57,1097,0,1,1.561,0.0,5.606,1.851,0.463,10.127,25.436
2026-04-24 10:18:58,1098,1,1,2.144,170.575,6.058,1.86,0.414,182.068,23.391
2026-04-24 10:18:58,1099,0,1,2.449,0.0,7.747,1.538,0.364,12.581,24.463
2026-04-24 10:18:58,1100,0,1,1.56,0.0,7.876,1.977,0.377,12.517,25.718
2026-04-24 10:18:58,1101,1,1,3.411,250.372,8.541,1.674,0.359,265.113,23.499
2026-04-24 10:18:58,1102,0,1,3.24,0.0,8.164,1.916,0.429,14.217,24.361
2026-04-24 10:18:58,1103,0,1,1.743,0.0,9.302,2.035,0.497,14.067,25.055
2026-04-24 10:18:58,1104,1,1,2.042,311.737,8.322,1.899,0.442,325.524,22.838
2026-04-24 10:18:58,1105,0,1,2.205,0.0,6.907,1.65,0.495,11.826,24.074
2026-04-24 10:18:58,1106,0,1,2.032,0.0,8.86,1.399,0.359,13.191,25.1
2026-04-24 10:18:59,1107,1,1,1.664,223.924,7.683,2.214,0.476,236.977,22.979
2026-04-24 10:18:59,1108,0,1,3.279,0.0,8.43,2.629,0.767,15.64,22.748
2026-04-24 10:18:59,1109,0,1,19.691,0.0,8.445,1.722,0.41,30.74,23.328
2026-04-24 10:18:59,1110,1,1,1.924,226.34,7.895,1.05,0.396,238.757,21.384
2026-04-24 10:18:59,1111,0,1,1.744,0.0,7.014,1.546,0.48,11.318,22.546
2026-04-24 10:18:59,1112,0,1,1.822,0.0,8.616,1.184,0.266,12.333,23.207
2026-04-24 10:18:59,1113,1,1,2.025,212.471,6.294,1.169,0.282,223.188,21.297
2026-04-24 10:18:59,1114,0,1,2.052,0.0,7.953,1.904,0.559,13.179,22.883
2026-04-24 10:18:59,1115,0,1,1.825,0.0,5.007,1.294,0.501,9.196,24.174
2026-04-24 10:19:00,1116,1,1,2.561,219.792,7.434,1.051,0.277,232.13,22.158
2026-04-24 10:19:00,1117,0,1,1.824,0.0,7.289,1.595,0.387,11.517,23.522
2026-04-24 10:19:00,1118,0,1,1.613,0.0,4.756,1.082,0.271,8.2,24.903
2026-04-24 10:19:00,1119,1,1,1.903,201.585,6.978,1.186,0.272,213.049,22.852
2026-04-24 10:19:00,1120,0,1,1.759,0.0,7.825,1.06,0.383,11.321,24.531
2026-04-24 10:19:00,1121,0,1,8.836,0.0,6.242,1.825,0.438,17.843,25.612
2026-04-24 10:19:00,1122,1,1,2.415,168.385,6.494,1.851,0.419,180.668,23.518
2026-04-24 10:19:00,1123,0,1,2.318,0.0,7.575,1.846,0.439,12.736,24.802
2026-04-24 10:19:00,1124,0,1,2.353,0.0,7.841,1.864,0.377,12.954,25.165
2026-04-24 10:19:00,1125,1,1,2.638,156.968,8.302,1.923,0.337,171.067,23.17
2026-04-24 10:19:00,1126,0,1,2.74,0.0,7.309,1.909,0.489,12.875,24.264
2026-04-24 10:19:00,1127,0,1,2.68,0.0,6.98,1.426,0.353,11.952,25.202
2026-04-24 10:19:01,1128,1,1,2.697,166.364,7.038,1.125,0.21,178.423,23.191
2026-04-24 10:19:01,1129,0,1,1.652,0.0,8.335,1.851,0.6,12.963,24.233
2026-04-24 10:19:01,1130,0,1,1.818,0.0,7.74,1.891,0.443,12.499,25.094
2026-04-24 10:19:01,1131,1,1,1.689,205.049,7.382,1.524,0.43,217.222,23.004
2026-04-24 10:19:01,1132,0,1,2.569,0.0,7.857,1.286,0.464,12.748,23.351
2026-04-24 10:19:01,1133,0,1,6.353,0.0,5.248,1.043,0.222,13.114,24.791
2026-04-24 10:19:01,1134,1,1,2.062,159.7,6.529,1.848,0.399,171.711,22.863
2026-04-24 10:19:01,1135,0,1,1.552,0.0,7.712,1.816,0.427,12.037,24.728
2026-04-24 10:19:01,1136,0,1,2.662,0.0,7.16,0.984,0.209,11.321,25.334
2026-04-24 10:19:01,1137,1,1,7.218,152.547,7.995,1.815,0.394,171.155,23.356
2026-04-24 10:19:01,1138,0,1,2.725,0.0,7.948,1.832,0.433,13.514,24.799
2026-04-24 10:19:01,1139,0,1,2.558,0.0,7.935,1.96,0.433,13.447,25.695
2026-04-24 10:19:02,1140,1,1,2.584,157.032,8.234,1.835,0.397,171.261,23.639
2026-04-24 10:19:02,1141,0,1,2.001,0.0,7.882,1.82,0.425,12.694,24.584
2026-04-24 10:19:02,1142,0,1,1.903,0.0,6.819,1.268,0.487,11.047,24.274
2026-04-24 10:19:02,1143,1,1,6.824,182.538,6.134,1.136,0.37,197.966,22.321
2026-04-24 10:19:02,1144,0,1,2.206,0.0,8.024,1.929,0.438,13.17,23.889
2026-04-24 10:19:02,1145,0,1,2.568,0.0,7.671,1.332,0.434,12.582,24.519
2026-04-24 10:19:02,1146,1,1,2.854,153.501,8.305,1.443,0.231,167.509,22.587
2026-04-24 10:19:02,1147,0,1,2.616,0.0,8.103,2.241,0.513,14.002,23.451
2026-04-24 10:19:02,1148,0,1,2.51,0.0,6.16,1.441,0.425,11.115,23.701
2026-04-24 10:19:02,1149,1,1,2.363,160.482,5.702,1.339,0.343,171.359,21.866
2026-04-24 10:19:02,1150,0,1,2.167,0.0,8.65,1.917,0.368,13.641,23.643
2026-04-24 10:19:02,1151,0,1,2.26,0.0,8.413,1.823,0.435,13.589,24.325
2026-04-24 10:19:03,1152,1,1,2.311,153.361,8.155,1.93,0.401,167.34,22.432
2026-04-24 10:19:03,1153,0,1,2.2,0.0,7.973,1.938,0.436,13.13,23.16
2026-04-24 10:19:03,1154,0,1,1.999,0.0,7.953,1.844,0.469,12.868,23.924
2026-04-24 10:19:03,1155,1,1,7.207,177.411,7.679,1.497,0.299,194.792,22.019
2026-04-24 10:19:03,1156,0,1,1.854,0.0,7.581,1.837,0.433,12.268,23.421
2026-04-24 10:19:03,1157,0,1,1.888,0.0,7.046,1.899,0.446,11.882,23.916
2026-04-24 10:19:03,1158,1,1,1.791,158.992,5.855,1.396,0.335,169.462,22.059
2026-04-24 10:19:03,1159,0,1,1.805,0.0,8.035,0.941,0.235,11.519,23.364
2026-04-24 10:19:03,1160,0,1,2.046,0.0,7.242,1.97,0.537,12.331,24.554
2026-04-24 10:19:04,1161,1,1,2.014,331.927,7.364,1.896,0.454,344.892,22.376
2026-04-24 10:19:04,1162,0,1,2.301,0.0,9.392,2.057,0.484,14.705,23.324
2026-04-24 10:19:04,1163,0,1,12.296,0.0,7.579,1.882,0.434,22.72,24.272
2026-04-24 10:19:04,1164,1,1,2.239,185.789,7.156,1.059,0.364,197.488,22.296
2026-04-24 10:19:04,1165,0,1,1.977,0.0,7.169,1.32,0.305,11.104,23.548
2026-04-24 10:19:04,1166,0,1,1.765,0.0,5.157,1.879,0.447,9.755,24.99
2026-04-24 10:19:04,1167,1,1,6.694,190.95,6.438,1.829,0.425,207.441,22.942
2026-04-24 10:19:04,1168,0,1,2.316,0.0,7.322,1.112,0.235,11.543,23.047
2026-04-24 10:19:04,1169,0,1,2.159,0.0,8.326,1.334,0.437,12.818,24.608
2026-04-24 10:19:04,1170,1,1,2.234,163.321,8.099,1.171,0.287,176.101,22.665
2026-04-24 10:19:04,1171,0,1,2.493,0.0,8.041,2.034,0.432,13.561,23.574
2026-04-24 10:19:04,1172,0,1,2.01,0.0,7.578,2.19,0.44,12.793,24.104
2026-04-24 10:19:05,1173,1,1,2.051,155.202,8.137,1.161,0.284,167.765,22.222
2026-04-24 10:19:05,1174,0,1,2.036,0.0,7.305,1.826,0.42,12.171,23.997
2026-04-24 10:19:05,1175,0,1,1.943,0.0,7.37,1.851,0.434,12.184,24.699
2026-04-24 10:19:05,1176,1,1,2.148,157.278,8.267,1.239,0.406,170.308,22.767
2026-04-24 10:19:05,1177,0,1,1.782,0.0,7.993,1.819,0.445,12.62,23.024
2026-04-24 10:19:05,1178,0,1,2.273,0.0,7.752,1.794,0.602,12.935,24.002
2026-04-24 10:19:05,1179,1,1,2.199,158.068,8.13,1.83,0.395,171.79,22.123
2026-04-24 10:19:05,1180,0,1,3.175,0.0,8.172,1.846,0.429,14.291,23.018
2026-04-24 10:19:05,1181,0,1,1.906,0.0,7.256,1.898,0.438,12.13,23.999
2026-04-24 10:19:05,1182,1,1,7.907,153.711,8.213,1.167,0.403,172.708,22.132
2026-04-24 10:19:05,1183,0,1,1.755,0.0,8.478,1.868,0.483,13.155,23.551
2026-04-24 10:19:05,1184,0,1,2.344,0.0,6.121,1.523,0.297,10.872,24.748
2026-04-24 10:19:06,1185,1,1,1.894,175.931,6.747,1.312,0.343,187.135,22.755
2026-04-24 10:19:06,1186,0,1,1.552,0.0,4.516,1.565,0.464,8.469,24.405
2026-04-24 10:19:06,1187,0,1,2.095,0.0,8.038,1.128,0.338,12.104,25.69
2026-04-24 10:19:06,1188,1,1,1.792,162.873,6.743,1.916,0.436,174.796,23.612
2026-04-24 10:19:06,1189,0,1,2.965,0.0,6.779,1.416,0.214,11.836,24.683
2026-04-24 10:19:06,1190,0,1,2.727,0.0,7.808,2.07,0.554,13.772,25.789
2026-04-24 10:19:06,1191,1,1,1.648,157.174,7.609,1.249,0.443,169.434,23.752
2026-04-24 10:19:06,1192,0,1,2.011,0.0,8.401,1.87,0.447,13.315,24.8
2026-04-24 10:19:06,1193,0,1,2.998,0.0,8.27,1.815,0.433,14.087,25.361
2026-04-24 10:19:06,1194,1,1,2.453,157.049,8.26,2.008,0.346,171.271,23.327
2026-04-24 10:19:06,1195,0,1,3.225,0.0,8.141,2.035,0.434,14.422,24.151
2026-04-24 10:19:07,1196,0,1,1.944,0.0,7.341,2.182,0.443,12.485,24.82
2026-04-24 10:19:07,1197,1,1,2.247,170.001,7.567,1.23,0.31,182.246,22.835
2026-04-24 10:19:07,1198,0,1,1.832,0.0,7.748,2.015,0.429,12.586,23.126
2026-04-24 10:19:07,1199,0,1,1.754,0.0,6.994,1.817,0.412,11.463,24.305
2026-04-24 10:19:07,1200,1,1,1.709,165.335,5.183,1.258,0.421,174.993,22.365
2026-04-24 10:19:07,1201,0,1,2.301,0.0,5.978,1.642,0.446,10.986,23.581
2026-04-24 10:19:07,1202,0,1,2.688,0.0,5.703,2.318,0.431,11.814,24.858
2026-04-24 10:19:07,1203,1,1,2.102,165.073,5.713,1.543,0.452,175.999,22.893
2026-04-24 10:19:07,1204,0,1,1.827,0.0,7.645,2.034,0.277,12.173,24.192
2026-04-24 10:19:07,1205,0,1,1.817,0.0,7.755,1.06,0.36,11.415,25.039
2026-04-24 10:19:07,1206,1,1,2.237,158.531,6.954,1.098,0.217,170.277,23.059
2026-04-24 10:19:08,1207,0,1,2.256,0.0,6.775,1.853,0.435,11.87,24.094
2026-04-24 10:19:08,1208,0,1,1.989,0.0,8.384,1.985,0.429,13.466,24.862
2026-04-24 10:19:08,1209,1,1,1.908,162.878,7.942,1.36,0.235,175.224,22.898
2026-04-24 10:19:08,1210,0,1,2.427,0.0,8.081,1.507,0.392,12.878,24.584
2026-04-24 10:19:08,1211,0,1,2.366,0.0,8.204,0.859,0.401,12.349,24.641
2026-04-24 10:19:08,1212,1,1,1.889,162.912,7.088,1.057,0.224,174.356,22.693
2026-04-24 10:19:08,1213,0,1,2.54,0.0,7.98,1.908,0.421,13.559,24.072
2026-04-24 10:19:08,1214,0,1,2.622,0.0,5.519,1.349,0.477,10.282,25.191
2026-04-24 10:19:08,1215,1,1,2.453,164.66,7.881,1.848,0.277,178.14,23.191
2026-04-24 10:19:08,1216,0,1,1.747,0.0,7.047,1.465,0.372,10.997,24.597
2026-04-24 10:19:08,1217,0,1,2.308,0.0,5.75,1.356,0.238,10.213,25.387
2026-04-24 10:19:09,1218,1,1,2.557,168.258,8.384,1.794,0.299,182.313,23.361
2026-04-24 10:19:09,1219,0,1,1.894,0.0,7.891,2.14,0.503,12.843,24.727
2026-04-24 10:19:09,1220,0,1,2.051,0.0,8.197,1.87,0.458,13.102,25.387
2026-04-24 10:19:09,1221,1,1,2.021,176.048,7.773,1.814,0.481,189.056,23.332
2026-04-24 10:19:09,1222,0,1,1.509,0.0,7.903,1.284,0.498,11.576,24.292
2026-04-24 10:19:09,1223,0,1,2.212,0.0,6.604,1.474,0.464,11.082,25.252
2026-04-24 10:19:09,1224,1,1,1.685,172.887,7.641,1.351,0.251,184.9,23.216
2026-04-24 10:19:09,1225,0,1,2.1,0.0,7.062,1.128,0.219,10.902,24.351
2026-04-24 10:19:09,1226,0,1,2.602,0.0,8.445,1.506,0.304,13.416,25.744
2026-04-24 10:19:09,1227,1,1,2.496,171.529,7.563,1.823,0.414,184.953,23.652
2026-04-24 10:19:09,1228,0,1,2.651,0.0,7.489,1.734,0.448,12.946,25.008
2026-04-24 10:19:09,1229,0,1,2.009,0.0,8.585,1.514,0.306,12.783,25.858
2026-04-24 10:19:10,1230,1,1,2.711,157.147,8.308,1.857,0.496,171.78,23.794
2026-04-24 10:19:10,1231,0,1,2.218,0.0,7.501,1.385,0.362,11.76,24.988
2026-04-24 10:19:10,1232,0,1,1.641,0.0,8.565,1.417,0.387,12.532,25.636
2026-04-24 10:19:10,1233,1,1,2.143,166.477,8.105,1.656,0.427,179.944,23.58
2026-04-24 10:19:10,1234,0,1,2.097,0.0,7.434,1.954,0.445,12.5,25.198
2026-04-24 10:19:10,1235,0,1,2.171,0.0,8.224,1.658,0.262,12.642,26.045
2026-04-24 10:19:10,1236,1,1,1.674,232.575,6.91,1.2,0.311,243.775,23.827
2026-04-24 10:19:10,1237,0,1,2.026,0.0,8.632,2.038,0.3,13.803,24.895
2026-04-24 10:19:10,1238,0,1,16.361,0.0,6.949,1.948,0.449,26.166,25.682
2026-04-24 10:19:10,1239,1,1,1.795,169.437,6.348,1.789,0.303,180.695,23.622
2026-04-24 10:19:10,1240,0,1,1.864,0.0,7.038,1.159,0.473,11.075,24.781
2026-04-24 10:19:10,1241,0,1,2.281,0.0,7.211,1.623,0.383,12.058,26.144
2026-04-24 10:19:11,1242,1,1,1.839,166.538,6.124,1.816,0.411,177.982,24.052
2026-04-24 10:19:11,1243,0,1,1.93,0.0,8.723,2.17,0.486,13.912,25.759
2026-04-24 10:19:11,1244,0,1,1.606,0.0,6.25,1.555,0.488,10.463,26.535
2026-04-24 10:19:11,1245,1,1,2.658,158.336,7.78,1.615,0.293,171.762,24.415
2026-04-24 10:19:11,1246,0,1,3.043,0.0,6.326,1.48,0.209,11.472,25.773
2026-04-24 10:19:11,1247,0,1,1.788,0.0,7.743,1.6,0.445,12.163,26.837
2026-04-24 10:19:11,1248,1,1,1.912,158.259,7.915,1.964,0.414,171.638,24.662
2026-04-24 10:19:11,1249,0,1,1.596,0.0,7.971,1.141,0.456,11.688,25.645
2026-04-24 10:19:11,1250,0,1,2.288,0.0,7.857,1.863,0.43,13.018,26.136
2026-04-24 10:19:11,1251,1,1,2.66,158.887,8.287,1.998,0.395,173.382,24.038
2026-04-24 10:19:11,1252,0,1,1.866,0.0,8.154,1.689,0.43,12.717,25.134
2026-04-24 10:19:11,1253,0,1,2.415,0.0,7.048,1.915,0.435,12.397,25.64
2026-04-24 10:19:12,1254,1,1,2.35,154.947,8.462,1.841,0.398,169.187,23.619
2026-04-24 10:19:12,1255,0,1,2.351,0.0,7.462,1.85,0.439,12.642,24.45
2026-04-24 10:19:12,1256,0,1,2.448,0.0,8.373,1.195,0.449,13.055,25.612
2026-04-24 10:19:12,1257,1,1,2.145,156.271,6.559,1.814,0.41,168.424,23.584
2026-04-24 10:19:12,1258,0,1,1.736,0.0,7.121,1.736,0.42,11.505,24.635
2026-04-24 10:19:12,1259,0,1,7.805,0.0,6.44,2.152,0.508,17.493,26.29
2026-04-24 10:19:12,1260,1,1,1.663,166.883,8.05,1.835,0.397,180.007,24.163
2026-04-24 10:19:12,1261,0,1,1.802,0.0,8.409,1.807,0.439,13.018,25.021
2026-04-24 10:19:12,1262,0,1,2.298,0.0,8.377,1.949,0.56,13.794,26.582
2026-04-24 10:19:12,1263,1,1,2.189,162.869,5.72,1.442,0.439,173.772,24.386
2026-04-24 10:19:12,1264,0,1,3.772,0.0,9.79,1.776,0.399,16.173,25.065
2026-04-24 10:19:12,1265,0,1,15.178,0.0,8.859,1.852,0.423,26.819,26.03
2026-04-24 10:19:13,1266,1,1,5.962,267.357,8.53,1.916,0.229,285.113,23.761
2026-04-24 10:19:13,1267,0,1,9.159,0.0,6.573,1.127,0.298,17.689,24.742
2026-04-24 10:19:13,1268,0,1,1.689,0.0,8.913,1.241,0.31,12.645,25.8
2026-04-24 10:19:13,1269,1,1,1.836,255.715,7.902,1.53,0.55,268.816,23.567
2026-04-24 10:19:13,1270,0,1,1.652,0.0,7.863,1.755,0.34,12.1,24.274
2026-04-24 10:19:13,1271,0,1,1.646,0.0,7.625,1.023,0.244,11.047,25.358
2026-04-24 10:19:13,1272,1,1,5.437,177.736,5.656,1.237,0.27,191.452,23.315
2026-04-24 10:19:13,1273,0,1,8.278,0.0,6.713,1.664,0.238,17.382,24.835
2026-04-24 10:19:13,1274,0,1,1.815,0.0,7.711,1.314,0.469,11.784,26.183
2026-04-24 10:19:14,1275,1,1,2.549,164.779,7.321,1.563,0.291,177.761,24.08
2026-04-24 10:19:14,1276,0,1,2.056,0.0,8.278,1.158,0.263,12.37,25.41
2026-04-24 10:19:14,1277,0,1,1.698,0.0,7.102,1.358,0.336,11.009,26.33
2026-04-24 10:19:14,1278,1,1,3.315,167.763,6.388,1.589,0.409,180.892,24.203
2026-04-24 10:19:14,1279,0,1,2.037,0.0,6.032,1.004,0.289,9.913,25.495
2026-04-24 10:19:14,1280,0,1,11.42,0.0,6.844,1.883,0.46,21.179,26.632
2026-04-24 10:19:14,1281,1,1,5.05,168.253,7.775,1.991,0.427,184.802,24.469
2026-04-24 10:19:14,1282,0,1,1.9,0.0,7.287,2.104,0.494,12.208,25.831
2026-04-24 10:19:14,1283,0,1,2.218,0.0,7.66,1.961,0.446,12.76,26.383
2026-04-24 10:19:14,1284,1,1,1.77,176.821,7.066,1.116,0.228,188.167,24.23
2026-04-24 10:19:14,1285,0,1,2.647,0.0,8.569,1.998,0.448,14.077,25.563
2026-04-24 10:19:14,1286,0,1,2.175,0.0,9.048,1.961,0.437,14.155,25.995
2026-04-24 10:19:15,1287,1,1,2.397,164.371,6.015,1.859,0.417,176.116,23.901
2026-04-24 10:19:15,1288,0,1,2.47,0.0,5.318,0.981,0.229,9.514,24.823
2026-04-24 10:19:15,1289,0,1,2.239,0.0,6.225,1.423,0.353,10.888,25.399
2026-04-24 10:19:15,1290,1,1,1.989,170.862,8.552,1.476,0.422,184.316,23.369
2026-04-24 10:19:15,1291,0,1,2.056,0.0,8.429,1.668,0.347,12.802,24.563
2026-04-24 10:19:15,1292,0,1,2.157,0.0,7.997,1.805,0.426,13.197,25.05
2026-04-24 10:19:15,1293,1,1,8.258,169.884,8.497,1.798,0.428,190.021,23.041
2026-04-24 10:19:15,1294,0,1,2.141,0.0,8.39,1.542,0.324,12.667,24.382
2026-04-24 10:19:15,1295,0,1,4.019,0.0,7.333,1.279,0.249,13.378,25.642
2026-04-24 10:19:15,1296,1,1,1.673,161.874,5.803,0.946,0.236,171.725,23.605
2026-04-24 10:19:15,1297,0,1,2.61,0.0,7.19,1.178,0.217,11.646,25.381
2026-04-24 10:19:15,1298,0,1,1.826,0.0,6.217,1.467,0.555,24.935,26.62
2026-04-24 10:19:16,1299,1,1,2.077,329.64,8.369,1.925,0.425,343.512,24.232
2026-04-24 10:19:16,1300,0,1,2.426,0.0,6.753,1.192,0.3,11.179,25.239
2026-04-24 10:19:16,1301,0,1,2.013,0.0,8.832,1.486,0.362,13.291,26.393
2026-04-24 10:19:16,1302,1,1,1.869,208.04,6.101,1.021,0.267,218.434,24.17
2026-04-24 10:19:16,1303,0,1,6.074,0.0,8.452,2.216,0.277,17.68,25.967
2026-04-24 10:19:16,1304,0,1,1.777,0.0,8.495,1.954,0.444,13.189,26.594
2026-04-24 10:19:16,1305,1,1,2.241,222.195,8.47,1.939,0.433,236.415,24.325
2026-04-24 10:19:16,1306,0,1,2.076,0.0,6.732,1.364,0.526,11.199,25.421
2026-04-24 10:19:16,1307,0,1,1.594,0.0,7.33,1.314,0.336,11.116,26.353
2026-04-24 10:19:17,1308,1,1,4.523,264.358,8.18,1.985,0.442,280.517,24.06
2026-04-24 10:19:17,1309,0,1,2.295,0.0,8.701,1.533,0.474,13.523,25.007
2026-04-24 10:19:17,1310,0,1,2.066,0.0,9.224,1.455,0.925,14.365,25.477
2026-04-24 10:19:17,1311,1,1,6.475,234.3,7.029,1.588,0.346,250.693,23.308
2026-04-24 10:19:17,1312,0,1,28.539,0.0,6.851,1.477,0.389,37.687,23.566
2026-04-24 10:19:17,1313,0,1,16.859,0.0,6.35,1.502,0.368,25.507,24.87
2026-04-24 10:19:17,1314,1,1,2.064,223.407,8.472,1.793,0.429,237.297,22.798
2026-04-24 10:19:17,1315,0,1,9.724,0.0,7.818,1.228,0.407,19.644,23.627
2026-04-24 10:19:17,1316,0,1,12.3,0.0,6.019,0.846,0.302,19.95,24.368
2026-04-24 10:19:18,1317,1,1,8.069,186.8,8.338,1.493,0.332,206.069,22.398
2026-04-24 10:19:18,1318,0,1,1.964,0.0,6.414,1.686,0.506,11.072,23.421
2026-04-24 10:19:18,1319,0,1,4.569,0.0,8.145,1.932,0.439,15.556,24.69
2026-04-24 10:19:18,1320,1,1,1.89,215.084,8.909,1.965,0.517,229.623,22.626
2026-04-24 10:19:18,1321,0,1,1.753,0.0,9.458,1.955,0.422,14.177,23.101
2026-04-24 10:19:18,1322,0,1,7.912,0.0,10.273,2.002,0.466,21.189,22.964
2026-04-24 10:19:18,1323,1,1,1.701,256.777,7.926,1.794,0.432,269.782,21.009
2026-04-24 10:19:18,1324,0,1,2.643,0.0,7.739,1.971,0.45,13.344,21.736
2026-04-24 10:19:18,1325,0,1,2.831,0.0,5.18,0.94,0.37,9.87,22.707
2026-04-24 10:19:19,1326,1,1,5.661,171.207,8.281,1.885,0.47,188.641,20.935
2026-04-24 10:19:19,1327,0,1,2.217,0.0,8.334,1.855,0.435,13.39,22.091
2026-04-24 10:19:19,1328,0,1,2.613,0.0,7.076,1.873,0.44,12.554,22.563
2026-04-24 10:19:19,1329,1,1,2.634,164.683,8.152,1.808,0.419,178.781,20.822
2026-04-24 10:19:19,1330,0,1,2.166,0.0,8.425,1.918,0.522,13.512,22.017
2026-04-24 10:19:19,1331,0,1,2.768,0.0,8.253,1.967,0.501,14.062,22.678
2026-04-24 10:19:19,1332,1,1,9.017,164.932,7.711,2.012,0.436,185.255,20.902
2026-04-24 10:19:19,1333,0,1,2.14,0.0,7.903,1.401,0.398,12.3,22.316
2026-04-24 10:19:19,1334,0,1,2.209,0.0,7.389,1.956,0.446,12.57,23.355
2026-04-24 10:19:20,1335,1,1,1.814,282.684,8.009,1.847,0.416,295.784,21.34
2026-04-24 10:19:20,1336,0,1,1.684,0.0,7.191,1.518,0.399,11.281,22.814
2026-04-24 10:19:20,1337,0,1,2.117,0.0,7.622,2.114,0.457,12.867,23.814
2026-04-24 10:19:20,1338,1,1,2.196,159.941,8.345,1.871,0.487,173.968,21.953
2026-04-24 10:19:20,1339,0,1,2.21,0.0,8.68,1.875,0.443,13.753,22.691
2026-04-24 10:19:20,1340,0,1,1.643,0.0,8.111,2.045,0.447,12.788,23.426
2026-04-24 10:19:20,1341,1,1,2.173,154.862,8.36,1.644,0.264,168.296,21.615
2026-04-24 10:19:20,1342,0,1,2.345,0.0,8.638,1.677,0.466,13.734,22.444
2026-04-24 10:19:20,1343,0,1,2.672,0.0,6.667,1.329,0.469,11.692,23.213
2026-04-24 10:19:20,1344,1,1,2.113,165.078,7.966,1.975,0.475,178.821,21.401
2026-04-24 10:19:20,1345,0,1,2.289,0.0,6.557,2.124,0.501,12.043,22.839
2026-04-24 10:19:20,1346,0,1,2.336,0.0,7.569,2.142,0.451,13.146,23.646
2026-04-24 10:19:21,1347,1,1,2.728,160.264,8.783,1.836,0.4,175.07,21.792
2026-04-24 10:19:21,1348,0,1,2.014,0.0,7.962,1.306,0.443,12.27,23.124
2026-04-24 10:19:21,1349,0,1,2.208,0.0,7.185,1.413,0.25,11.663,23.692
2026-04-24 10:19:21,1350,1,1,16.349,174.946,9.869,2.165,0.427,205.07,21.811
2026-04-24 10:19:21,1351,0,1,2.157,0.0,8.299,1.883,0.5,13.421,22.448
2026-04-24 10:19:21,1352,0,1,2.3,0.0,6.158,1.978,0.436,11.412,23.245
2026-04-24 10:19:21,1353,1,1,1.723,161.849,6.83,1.068,0.45,173.031,21.437
2026-04-24 10:19:21,1354,0,1,2.688,0.0,8.389,1.953,0.464,14.081,22.353
2026-04-24 10:19:21,1355,0,1,2.201,0.0,7.73,1.766,0.426,12.659,23.102
2026-04-24 10:19:21,1356,1,1,1.637,153.144,7.398,1.934,0.427,165.74,21.327
2026-04-24 10:19:21,1357,0,1,2.404,0.0,8.238,1.988,0.44,13.597,22.643
2026-04-24 10:19:21,1358,0,1,2.023,0.0,8.883,1.86,0.445,13.786,23.53
2026-04-24 10:19:22,1359,1,1,2.168,157.415,7.208,1.597,0.403,169.763,21.696
2026-04-24 10:19:22,1360,0,1,2.058,0.0,8.254,2.042,0.536,13.516,23.113
2026-04-24 10:19:22,1361,0,1,2.164,0.0,9.163,2.196,0.449,14.486,23.889
2026-04-24 10:19:22,1362,1,1,2.185,174.314,7.472,1.933,0.451,187.247,21.967
2026-04-24 10:19:22,1363,0,1,1.927,0.0,7.11,1.622,0.533,11.742,23.418
2026-04-24 10:19:22,1364,0,1,2.041,0.0,8.306,1.881,0.477,13.364,24.888
2026-04-24 10:19:22,1365,1,1,10.162,167.107,8.675,1.86,0.419,189.473,22.892
2026-04-24 10:19:22,1366,0,1,1.881,0.0,8.094,1.961,0.451,12.908,23.695
2026-04-24 10:19:22,1367,0,1,2.755,0.0,8.627,1.841,0.441,14.246,24.474
2026-04-24 10:19:22,1368,1,1,2.335,159.645,8.366,1.949,0.43,174.007,22.548
2026-04-24 10:19:22,1369,0,1,1.624,0.0,8.741,1.965,0.448,13.312,22.984
2026-04-24 10:19:22,1370,0,1,2.858,0.0,8.867,1.892,0.475,14.665,23.638
2026-04-24 10:19:23,1371,1,1,8.092,160.21,8.312,1.882,0.478,179.951,21.793
2026-04-24 10:19:23,1372,0,1,1.574,0.0,7.078,1.528,0.456,11.076,23.126
2026-04-24 10:19:23,1373,0,1,2.673,0.0,7.887,1.641,0.254,12.999,24.19
2026-04-24 10:19:23,1374,1,1,1.687,158.076,7.531,2.025,0.352,170.481,22.305
2026-04-24 10:19:23,1375,0,1,2.615,0.0,8.774,2.073,0.467,14.514,23.829
2026-04-24 10:19:23,1376,0,1,3.136,0.0,6.248,1.474,0.419,11.814,24.623
2026-04-24 10:19:23,1377,1,1,1.873,162.116,8.244,2.047,0.246,175.683,22.668
2026-04-24 10:19:23,1378,0,1,2.325,0.0,8.369,1.489,0.48,13.237,24.33
2026-04-24 10:19:23,1379,0,1,2.309,0.0,8.387,1.996,0.44,13.656,25.141
2026-04-24 10:19:23,1380,1,1,2.177,158.319,8.129,2.033,0.429,172.302,23.138
2026-04-24 10:19:23,1381,0,1,2.04,0.0,8.532,1.964,0.491,13.62,23.982
2026-04-24 10:19:23,1382,0,1,2.922,0.0,7.801,1.858,0.438,13.673,24.424
2026-04-24 10:19:24,1383,1,1,1.599,157.768,8.101,1.285,0.341,169.937,22.508
2026-04-24 10:19:24,1384,0,1,4.214,0.0,6.122,1.984,0.442,13.332,24.415
2026-04-24 10:19:24,1385,0,1,1.692,0.0,6.488,1.178,0.278,10.134,26.02
2026-04-24 10:19:24,1386,1,1,2.035,172.429,7.73,1.328,0.444,185.184,23.917
2026-04-24 10:19:24,1387,0,1,2.175,0.0,8.32,1.252,0.32,12.631,24.982
2026-04-24 10:19:24,1388,0,1,3.396,0.0,8.235,1.885,0.435,14.436,25.869
2026-04-24 10:19:24,1389,1,1,2.05,173.241,8.208,1.916,0.268,186.74,23.751
2026-04-24 10:19:24,1390,0,1,2.24,0.0,6.988,0.924,0.219,10.912,24.392
2026-04-24 10:19:24,1391,0,1,1.666,0.0,8.041,1.08,0.25,11.518,25.857
2026-04-24 10:19:24,1392,1,1,1.457,201.869,8.188,1.976,0.492,215.09,23.706
2026-04-24 10:19:24,1393,0,1,2.019,0.0,5.959,1.842,0.289,10.466,24.815
2026-04-24 10:19:25,1394,0,1,2.648,0.0,6.406,1.035,0.413,11.082,26.034
2026-04-24 10:19:25,1395,1,1,1.596,164.004,7.523,1.061,0.41,175.791,23.952
2026-04-24 10:19:25,1396,0,1,2.04,0.0,5.738,1.056,0.316,9.578,25.1
2026-04-24 10:19:25,1397,0,1,1.723,0.0,7.891,1.964,0.337,12.389,26.367
2026-04-24 10:19:25,1398,1,1,1.743,203.954,8.196,1.926,0.423,217.329,24.154
2026-04-24 10:19:25,1399,0,1,1.918,0.0,4.703,1.003,0.27,8.373,25.307
2026-04-24 10:19:25,1400,0,1,1.747,0.0,7.974,1.592,0.251,12.085,26.255
2026-04-24 10:19:25,1401,1,1,4.269,199.741,9.114,2.076,0.441,216.621,24.058
2026-04-24 10:19:25,1402,0,1,2.134,0.0,5.662,1.102,0.291,9.674,24.905
2026-04-24 10:19:25,1403,0,1,1.84,0.0,5.677,1.77,0.473,10.383,25.918
2026-04-24 10:19:26,1404,1,1,8.622,389.693,9.308,1.543,0.326,410.502,23.565
2026-04-24 10:19:26,1405,0,1,2.731,0.0,8.769,1.661,0.375,14.151,24.705
2026-04-24 10:19:26,1406,0,1,2.148,0.0,6.451,1.513,0.481,11.19,25.603
2026-04-24 10:19:26,1407,1,1,2.324,252.889,8.23,3.112,0.464,268.372,23.393
2026-04-24 10:19:26,1408,0,1,1.715,0.0,6.599,1.78,0.417,10.934,24.142
2026-04-24 10:19:26,1409,0,1,15.51,0.0,8.396,1.541,0.352,26.215,25.046
2026-04-24 10:19:27,1410,1,1,2.199,305.789,8.161,1.817,0.312,319.57,22.841
2026-04-24 10:19:27,1411,0,1,1.96,0.0,7.744,2.137,0.325,12.697,23.771
2026-04-24 10:19:27,1412,0,1,2.476,0.0,6.087,1.41,0.413,10.919,24.705
2026-04-24 10:19:27,1413,1,1,1.729,426.742,7.451,1.496,0.352,438.768,22.454
2026-04-24 10:19:27,1414,0,1,1.761,0.0,6.388,1.353,0.433,10.359,23.664
2026-04-24 10:19:27,1415,0,1,2.483,0.0,8.92,1.748,0.488,14.178,24.627
2026-04-24 10:19:27,1416,1,1,2.123,270.988,8.44,1.598,0.427,284.613,22.494
2026-04-24 10:19:27,1417,0,1,1.942,0.0,7.017,1.347,0.507,11.347,23.493
2026-04-24 10:19:27,1418,0,1,2.108,0.0,6.111,1.243,0.336,14.158,24.819
2026-04-24 10:19:28,1419,1,1,1.824,240.172,7.356,2.137,0.28,252.638,22.702
2026-04-24 10:19:28,1420,0,1,2.1,0.0,7.648,1.838,0.375,12.561,23.84
2026-04-24 10:19:28,1421,0,1,2.057,0.0,6.105,1.369,0.34,10.397,24.833
2026-04-24 10:19:28,1422,1,1,1.933,225.283,6.805,1.738,0.414,237.062,22.74
2026-04-24 10:19:28,1423,0,1,2.167,0.0,6.678,1.243,0.295,11.127,23.971
2026-04-24 10:19:28,1424,0,1,3.474,0.0,8.759,1.738,0.312,14.665,25.342
2026-04-24 10:19:28,1425,1,1,6.936,213.335,7.652,1.929,0.453,231.52,23.22
2026-04-24 10:19:28,1426,0,1,1.901,0.0,7.573,1.149,0.304,11.373,24.272
2026-04-24 10:19:28,1427,0,1,1.986,0.0,4.895,1.053,0.437,8.893,24.757
2026-04-24 10:19:29,1428,1,1,2.086,345.168,8.956,1.753,0.592,359.793,22.548
2026-04-24 10:19:29,1429,0,1,2.184,0.0,8.567,1.658,0.387,13.408,23.382
2026-04-24 10:19:29,1430,0,1,1.953,0.0,6.183,1.657,0.397,10.551,24.632
2026-04-24 10:19:29,1431,1,1,2.058,198.687,6.805,1.773,0.322,210.692,22.599
2026-04-24 10:19:29,1432,0,1,1.693,0.0,7.916,2.117,0.551,12.811,22.99
2026-04-24 10:19:29,1433,0,1,1.984,0.0,5.953,0.972,0.359,9.803,23.626
2026-04-24 10:19:29,1434,1,1,1.943,205.518,7.349,1.826,0.412,217.858,21.682
2026-04-24 10:19:29,1435,0,1,2.729,0.0,7.754,1.777,0.405,13.23,21.586
2026-04-24 10:19:29,1436,0,1,7.215,0.0,8.455,2.327,0.381,19.384,24.133
2026-04-24 10:19:30,1437,1,1,29.064,193.61,8.164,1.858,0.408,234.317,22.138
2026-04-24 10:19:30,1438,0,1,2.256,0.0,7.694,1.946,0.443,12.759,23.322
2026-04-24 10:19:30,1439,0,1,2.683,0.0,9.055,2.086,0.494,14.957,23.796
2026-04-24 10:19:30,1440,1,1,2.666,166.117,6.089,1.415,0.288,177.624,21.912
2026-04-24 10:19:30,1441,0,1,1.89,0.0,8.992,1.973,0.462,14.125,23.587
2026-04-24 10:19:30,1442,0,1,1.982,0.0,4.718,1.711,0.533,9.473,24.802
2026-04-24 10:19:30,1443,1,1,1.818,169.558,7.094,1.878,0.505,181.877,22.821
2026-04-24 10:19:30,1444,0,1,1.755,0.0,6.838,1.192,0.254,10.34,23.846
2026-04-24 10:19:30,1445,0,1,1.954,0.0,8.381,1.86,0.315,12.867,25.074
2026-04-24 10:19:30,1446,1,1,2.002,169.375,6.549,1.476,0.351,180.929,23.064
2026-04-24 10:19:30,1447,0,1,1.895,0.0,8.204,1.872,0.435,12.993,24.348
2026-04-24 10:19:31,1448,0,1,2.163,0.0,7.111,1.489,0.47,11.769,25.163
2026-04-24 10:19:31,1449,1,1,1.612,185.407,7.502,1.92,0.439,197.969,23.114
2026-04-24 10:19:31,1450,0,1,1.826,0.0,5.486,1.182,0.354,9.345,24.177
2026-04-24 10:19:31,1451,0,1,1.75,0.0,6.911,2.166,0.511,11.853,25.663
2026-04-24 10:19:31,1452,1,1,2.319,217.703,8.637,1.799,0.262,231.804,23.492
2026-04-24 10:19:31,1453,0,1,2.03,0.0,7.664,1.505,0.325,12.029,24.602
2026-04-24 10:19:31,1454,0,1,1.777,0.0,7.676,1.455,0.32,11.798,25.536
2026-04-24 10:19:31,1455,1,1,3.586,227.858,8.054,1.908,0.429,242.971,23.37
2026-04-24 10:19:31,1456,0,1,4.798,0.0,7.956,2.062,0.434,15.773,24.765
2026-04-24 10:19:31,1457,0,1,1.865,0.0,6.62,1.513,0.517,11.023,25.803
2026-04-24 10:19:32,1458,1,1,1.852,312.316,8.135,1.571,0.345,325.31,23.516
2026-04-24 10:19:32,1459,0,1,2.004,0.0,6.219,1.166,0.273,10.175,24.396
2026-04-24 10:19:32,1460,0,1,1.91,0.0,8.815,1.119,0.264,12.659,25.888
2026-04-24 10:19:32,1461,1,1,2.847,351.356,8.52,1.786,0.257,365.795,23.562
2026-04-24 10:19:32,1462,0,1,1.853,0.0,7.232,2.472,0.927,12.89,24.224
2026-04-24 10:19:32,1463,0,1,9.908,0.0,8.628,1.283,0.282,20.48,25.43
2026-04-24 10:19:33,1464,1,1,11.76,386.109,7.158,1.798,0.455,408.57,23.124
2026-04-24 10:19:33,1465,0,1,1.8,0.0,6.631,1.939,0.424,11.299,24.534
2026-04-24 10:19:33,1466,0,1,7.074,0.0,8.266,1.164,0.293,17.337,25.256
2026-04-24 10:19:33,1467,1,1,1.567,211.955,8.158,1.896,0.44,225.123,23.147
2026-04-24 10:19:33,1468,0,1,1.945,0.0,6.266,1.392,0.412,10.561,24.122
2026-04-24 10:19:33,1469,0,1,1.711,0.0,6.668,1.869,0.447,11.275,24.87
2026-04-24 10:19:33,1470,1,1,1.846,160.645,7.895,1.925,0.508,174.019,22.911
2026-04-24 10:19:33,1471,0,1,2.079,0.0,9.428,2.076,0.276,14.374,23.558
2026-04-24 10:19:33,1472,0,1,2.625,0.0,7.371,1.945,0.436,13.113,24.015
2026-04-24 10:19:34,1473,1,1,2.236,195.584,8.152,1.577,0.477,209.153,22.053
2026-04-24 10:19:34,1474,0,1,4.256,0.0,8.585,1.601,0.345,15.325,23.407
2026-04-24 10:19:34,1475,0,1,1.677,0.0,8.26,1.191,0.443,12.203,23.841
2026-04-24 10:19:34,1476,1,1,1.678,167.036,5.017,1.24,0.247,176.191,21.962
2026-04-24 10:19:34,1477,0,1,2.06,0.0,7.411,1.862,0.417,12.287,24.863
2026-04-24 10:19:34,1478,0,1,2.141,0.0,5.312,0.919,0.244,9.123,25.618
2026-04-24 10:19:34,1479,1,1,2.044,175.59,7.302,1.722,0.45,188.107,23.549
2026-04-24 10:19:34,1480,0,1,2.171,0.0,5.876,1.288,0.346,10.807,24.811
2026-04-24 10:19:34,1481,0,1,17.971,0.0,11.188,1.654,0.447,31.645,25.267
2026-04-24 10:19:34,1482,1,1,6.931,187.221,8.062,1.922,0.511,205.85,23.202
2026-04-24 10:19:34,1483,0,1,1.709,0.0,7.302,1.569,0.456,11.648,24.0
2026-04-24 10:19:34,1484,0,1,2.184,0.0,7.829,1.65,0.339,12.504,25.193
2026-04-24 10:19:35,1485,1,1,2.041,159.234,6.931,1.355,0.334,171.185,23.19
2026-04-24 10:19:35,1486,0,1,1.844,0.0,6.094,2.013,0.508,10.847,24.398
2026-04-24 10:19:35,1487,0,1,1.789,0.0,7.969,1.489,0.495,12.242,26.07
2026-04-24 10:19:35,1488,1,1,6.193,158.733,7.306,2.037,0.643,176.219,23.978
2026-04-24 10:19:35,1489,0,1,1.939,0.0,4.533,1.932,0.266,9.18,25.044
2026-04-24 10:19:35,1490,0,1,2.02,0.0,9.282,1.348,0.512,13.792,25.92
2026-04-24 10:19:35,1491,1,1,2.007,157.446,8.034,1.826,0.442,170.801,23.857
2026-04-24 10:19:35,1492,0,1,2.37,0.0,7.928,1.757,0.436,12.984,24.89
2026-04-24 10:19:35,1493,0,1,1.766,0.0,4.387,0.891,0.269,7.722,26.153
2026-04-24 10:19:35,1494,1,1,2.04,252.717,8.22,1.934,0.43,266.36,23.893
2026-04-24 10:19:35,1495,0,1,2.251,0.0,6.962,1.57,0.256,11.553,24.942
2026-04-24 10:19:35,1496,0,1,5.793,0.0,6.229,1.134,0.372,14.006,25.696
2026-04-24 10:19:36,1497,1,1,1.744,325.747,7.961,1.891,0.376,339.009,23.408
2026-04-24 10:19:36,1498,0,1,8.535,0.0,6.906,1.54,0.308,17.78,24.777
2026-04-24 10:19:36,1499,0,1,2.415,0.0,8.112,1.485,0.45,12.974,25.934
2026-04-24 10:19:36,1500,1,1,10.525,507.31,8.149,2.166,0.62,529.93,23.529
2026-04-24 10:19:36,1501,0,1,1.618,0.0,6.433,1.538,0.361,10.473,24.267
2026-04-24 10:19:36,1502,0,1,2.244,0.0,8.559,1.46,0.488,13.29,25.465
2026-04-24 10:19:37,1503,1,1,1.682,200.79,7.872,1.423,0.363,213.066,23.349
2026-04-24 10:19:37,1504,0,1,8.845,0.0,7.321,1.424,0.371,18.392,24.523
2026-04-24 10:19:37,1505,0,1,10.814,0.0,8.129,1.943,0.443,21.838,25.436
2026-04-24 10:19:37,1506,1,1,6.773,558.214,8.13,2.032,0.303,576.353,23.061
2026-04-24 10:19:37,1507,0,1,10.278,0.0,7.529,1.609,0.355,20.25,23.951
2026-04-24 10:19:37,1508,0,1,1.719,0.0,7.019,1.516,0.315,11.069,24.827
2026-04-24 10:19:38,1509,1,1,5.028,310.67,8.447,1.83,0.273,327.656,22.638
2026-04-24 10:19:38,1510,0,1,1.933,0.0,7.069,1.326,0.35,11.282,23.821
2026-04-24 10:19:38,1511,0,1,1.574,0.0,8.095,1.258,0.312,11.666,24.948
2026-04-24 10:19:38,1512,1,1,5.843,421.483,7.145,1.33,0.31,437.127,22.674
2026-04-24 10:19:38,1513,0,1,1.739,0.0,5.625,1.843,0.377,10.158,23.961
2026-04-24 10:19:38,1514,0,1,1.992,0.0,8.174,1.962,0.444,13.061,25.462
2026-04-24 10:19:39,1515,1,1,8.503,223.122,7.829,1.87,0.629,242.942,23.309
2026-04-24 10:19:39,1516,0,1,4.553,0.0,7.639,1.458,0.449,14.583,24.439
2026-04-24 10:19:39,1517,0,1,7.678,0.0,8.122,1.922,0.304,18.462,25.443
2026-04-24 10:19:39,1518,1,1,4.303,251.882,7.799,1.417,0.32,266.606,23.254
2026-04-24 10:19:39,1519,0,1,2.09,0.0,8.691,1.79,0.445,13.604,24.436
2026-04-24 10:19:39,1520,0,1,6.937,0.0,7.962,2.056,1.103,18.627,25.156
2026-04-24 10:19:39,1521,1,1,1.813,230.443,7.809,1.633,0.233,243.192,23.02
2026-04-24 10:19:39,1522,0,1,8.036,0.0,7.147,1.491,0.263,17.448,23.938
2026-04-24 10:19:39,1523,0,1,1.977,0.0,7.677,2.067,0.446,12.765,24.924
2026-04-24 10:19:40,1524,1,1,2.111,208.155,7.912,1.907,0.446,221.669,22.85
2026-04-24 10:19:40,1525,0,1,6.745,0.0,6.906,1.432,0.421,15.854,23.911
2026-04-24 10:19:40,1526,0,1,10.69,0.0,7.493,1.657,0.35,20.572,25.007
2026-04-24 10:19:40,1527,1,1,11.93,218.876,6.557,1.843,0.436,240.723,22.903
2026-04-24 10:19:40,1528,0,1,1.69,0.0,4.335,2.037,0.55,8.952,24.267
2026-04-24 10:19:40,1529,0,1,1.694,0.0,7.485,1.169,0.275,11.182,24.702
2026-04-24 10:19:40,1530,1,1,5.179,168.201,8.358,1.479,0.274,184.626,22.738
2026-04-24 10:19:40,1531,0,1,2.243,0.0,8.671,1.896,0.439,13.791,23.5
2026-04-24 10:19:40,1532,0,1,1.613,0.0,7.479,2.172,0.461,12.253,25.16
2026-04-24 10:19:40,1533,1,1,2.095,156.809,7.813,1.853,0.43,170.065,23.172
2026-04-24 10:19:40,1534,0,1,2.763,0.0,4.47,1.332,0.324,9.534,24.431
2026-04-24 10:19:40,1535,0,1,2.852,0.0,6.196,1.652,0.553,11.728,25.936
2026-04-24 10:19:41,1536,1,1,2.475,163.867,8.224,0.973,0.246,176.802,23.867
2026-04-24 10:19:41,1537,0,1,1.798,0.0,8.496,1.406,0.253,12.286,25.353
2026-04-24 10:19:41,1538,0,1,2.466,0.0,8.725,1.618,0.584,13.906,26.546
2026-04-24 10:19:41,1539,1,1,2.53,167.278,8.689,1.908,0.483,182.075,24.402
2026-04-24 10:19:41,1540,0,1,5.283,0.0,8.576,1.818,0.434,16.603,25.369
2026-04-24 10:19:41,1541,0,1,5.753,0.0,7.453,1.732,0.431,15.926,26.194
2026-04-24 10:19:41,1542,1,1,5.158,160.089,7.161,1.846,0.451,176.09,24.1
2026-04-24 10:19:41,1543,0,1,5.132,0.0,7.409,1.577,0.246,14.845,24.467
2026-04-24 10:19:41,1544,0,1,1.951,0.0,7.85,2.196,0.485,13.024,28.585
2026-04-24 10:19:41,1545,1,1,1.511,241.691,7.817,1.849,0.455,254.418,26.115
2026-04-24 10:19:41,1546,0,1,1.849,0.0,5.335,1.069,0.451,9.255,27.302
2026-04-24 10:19:41,1547,0,1,1.836,0.0,8.206,2.014,0.453,12.949,28.076
2026-04-24 10:19:42,1548,1,1,3.058,178.602,7.972,1.052,0.295,191.979,25.748
2026-04-24 10:19:42,1549,0,1,2.097,0.0,7.335,1.347,0.307,11.589,26.414
2026-04-24 10:19:42,1550,0,1,4.121,0.0,7.488,1.6,0.431,14.16,27.058
2026-04-24 10:19:42,1551,1,1,15.293,221.362,7.845,1.937,0.395,247.845,24.754
2026-04-24 10:19:42,1552,0,1,2.384,0.0,5.438,1.672,0.313,10.35,25.563
2026-04-24 10:19:42,1553,0,1,2.032,0.0,7.842,2.227,0.508,13.199,27.04
2026-04-24 10:19:42,1554,1,1,2.061,169.791,8.2,1.374,0.228,182.824,24.834
2026-04-24 10:19:42,1555,0,1,6.12,0.0,7.56,2.029,0.427,16.708,26.225
2026-04-24 10:19:42,1556,0,1,3.039,0.0,7.258,1.83,0.429,13.153,27.729
2026-04-24 10:19:42,1557,1,1,2.674,166.153,7.181,1.906,0.423,179.464,25.472
2026-04-24 10:19:43,1558,0,1,2.074,0.0,7.982,1.469,0.325,12.379,26.398
2026-04-24 10:19:43,1559,0,1,7.506,0.0,7.048,1.616,0.274,16.715,27.278
2026-04-24 10:19:43,1560,1,1,4.355,185.217,7.6,1.484,0.391,200.029,25.023
2026-04-24 10:19:43,1561,0,1,2.374,0.0,8.321,0.943,0.241,12.382,25.969
2026-04-24 10:19:43,1562,0,1,2.757,0.0,8.024,1.897,0.435,13.587,26.682
2026-04-24 10:19:43,1563,1,1,8.391,158.44,7.417,1.819,0.407,177.648,24.566
2026-04-24 10:19:43,1564,0,1,9.169,0.0,8.432,1.857,0.406,20.415,24.886
2026-04-24 10:19:43,1565,0,1,7.866,0.0,8.446,1.431,0.426,18.74,25.841
2026-04-24 10:19:43,1566,1,1,7.349,159.766,8.06,1.455,0.285,178.084,23.79
2026-04-24 10:19:43,1567,0,1,3.046,0.0,8.445,1.432,0.222,13.54,24.464
2026-04-24 10:19:43,1568,0,1,2.607,0.0,6.828,1.805,0.42,12.233,25.926
2026-04-24 10:19:43,1569,1,1,10.012,159.242,6.755,1.353,0.332,178.727,23.854
2026-04-24 10:19:44,1570,0,1,8.501,0.0,6.723,0.951,0.215,16.728,25.273
2026-04-24 10:19:44,1571,0,1,10.649,0.0,6.123,1.932,0.458,19.483,26.379
2026-04-24 10:19:44,1572,1,1,8.983,169.301,7.577,1.842,0.423,189.318,24.244
2026-04-24 10:19:44,1573,0,1,4.815,0.0,7.805,1.466,0.448,15.183,25.417
2026-04-24 10:19:44,1574,0,1,2.789,0.0,8.72,2.133,0.49,14.714,26.023
2026-04-24 10:19:44,1575,1,1,2.124,169.949,7.997,1.924,0.431,183.522,23.919
2026-04-24 10:19:44,1576,0,1,1.887,0.0,6.09,0.921,0.257,9.577,25.058
2026-04-24 10:19:44,1577,0,1,10.772,0.0,5.612,1.552,0.466,18.933,26.029
2026-04-24 10:19:44,1578,1,1,8.027,160.61,6.153,0.984,0.434,177.425,23.951
2026-04-24 10:19:44,1579,0,1,6.496,0.0,5.673,1.453,0.259,14.204,25.744
2026-04-24 10:19:44,1580,0,1,8.481,0.0,6.485,1.37,0.335,17.238,26.642
2026-04-24 10:19:45,1581,1,1,2.651,172.114,7.562,1.897,0.423,185.56,24.48
2026-04-24 10:19:45,1582,0,1,2.52,0.0,5.976,1.164,0.435,10.627,25.46
2026-04-24 10:19:45,1583,0,1,1.771,0.0,7.042,1.363,0.348,11.269,26.45
2026-04-24 10:19:45,1584,1,1,10.183,166.582,7.446,1.915,0.515,187.601,24.316
2026-04-24 10:19:45,1585,0,1,2.386,0.0,7.891,1.465,0.438,12.773,25.146
2026-04-24 10:19:45,1586,0,1,2.286,0.0,7.339,2.235,0.437,12.884,26.176
2026-04-24 10:19:45,1587,1,1,2.254,185.708,7.229,1.906,0.458,198.683,24.015
2026-04-24 10:19:45,1588,0,1,1.624,0.0,7.412,1.323,0.458,11.193,25.071
2026-04-24 10:19:45,1589,0,1,6.99,0.0,9.071,1.411,0.285,18.273,25.77
2026-04-24 10:19:45,1590,1,1,3.606,167.339,7.558,1.524,0.37,181.612,23.707
2026-04-24 10:19:45,1591,0,1,1.869,0.0,7.993,2.031,0.498,12.879,24.315
2026-04-24 10:19:45,1592,0,1,1.958,0.0,8.497,2.002,0.533,13.577,24.982
2026-04-24 10:19:46,1593,1,1,2.296,167.156,8.658,1.857,0.445,181.663,22.999
2026-04-24 10:19:46,1594,0,1,9.457,0.0,7.414,1.208,0.223,18.833,23.971
2026-04-24 10:19:46,1595,0,1,5.399,0.0,5.904,1.904,0.419,14.143,25.307
2026-04-24 10:19:46,1596,1,1,2.034,173.897,8.202,1.826,0.467,187.593,23.276
2026-04-24 10:19:46,1597,0,1,1.69,0.0,5.357,1.38,0.354,9.32,24.354
2026-04-24 10:19:46,1598,0,1,2.614,0.0,8.143,1.208,0.277,12.719,26.234
2026-04-24 10:19:46,1599,1,1,1.894,164.574,8.216,1.902,0.409,178.192,24.126
2026-04-24 10:19:46,1600,0,1,5.979,0.0,7.324,1.202,0.254,15.476,25.414
2026-04-24 10:19:46,1601,0,1,9.284,0.0,8.397,1.215,0.299,19.863,26.039
2026-04-24 10:19:46,1602,1,1,12.297,160.397,6.876,1.809,0.401,182.944,23.96
2026-04-24 10:19:46,1603,0,1,1.638,0.0,8.128,1.107,0.341,11.721,25.759
2026-04-24 10:19:46,1604,0,1,1.655,0.0,7.945,1.965,0.348,12.312,26.383
2026-04-24 10:19:47,1605,1,1,6.047,168.023,6.072,1.344,0.339,182.977,24.238
2026-04-24 10:19:47,1606,0,1,3.146,0.0,8.289,1.858,0.443,14.33,25.224
2026-04-24 10:19:47,1607,0,1,2.699,0.0,7.229,2.076,0.504,13.122,26.275
2026-04-24 10:19:47,1608,1,1,1.685,157.834,7.086,1.83,0.411,170.137,24.188
2026-04-24 10:19:47,1609,0,1,2.869,0.0,5.101,1.374,0.353,10.229,24.806
2026-04-24 10:19:47,1610,0,1,1.911,0.0,7.476,1.101,0.226,11.043,25.842
2026-04-24 10:19:47,1611,1,1,10.038,164.955,5.655,1.356,0.328,183.44,23.775
2026-04-24 10:19:47,1612,0,1,3.899,0.0,5.542,1.04,0.248,11.25,25.911
2026-04-24 10:19:47,1613,0,1,8.613,0.0,8.708,1.814,0.461,20.24,26.836
2026-04-24 10:19:47,1614,1,1,2.393,179.395,7.894,1.868,0.402,193.017,24.627
2026-04-24 10:19:47,1615,0,1,2.473,0.0,6.04,1.766,0.477,11.262,25.535
2026-04-24 10:19:47,1616,0,1,1.762,0.0,6.372,1.841,0.551,11.053,26.64
2026-04-24 10:19:48,1617,1,1,1.68,168.249,6.639,1.81,0.416,179.869,24.49
2026-04-24 10:19:48,1618,0,1,2.092,0.0,7.448,1.389,0.433,11.904,25.993
2026-04-24 10:19:48,1619,0,1,4.933,0.0,5.599,1.163,0.224,12.287,27.087
2026-04-24 10:19:48,1620,1,1,1.762,161.178,7.555,1.373,0.431,173.358,24.909
2026-04-24 10:19:48,1621,0,1,1.928,0.0,7.664,1.895,0.432,12.494,25.701
2026-04-24 10:19:48,1622,0,1,9.004,0.0,5.626,0.909,0.224,16.089,26.297
2026-04-24 10:19:48,1623,1,1,5.679,165.16,8.211,2.013,0.453,182.79,24.193
2026-04-24 10:19:48,1624,0,1,2.295,0.0,8.824,1.47,0.664,13.953,24.996
2026-04-24 10:19:48,1625,0,1,9.008,0.0,8.353,1.817,0.42,20.168,26.015
2026-04-24 10:19:48,1626,1,1,2.706,170.166,8.416,1.87,0.236,184.337,23.904
2026-04-24 10:19:48,1627,0,1,1.503,0.0,8.068,1.827,0.417,12.388,25.035
2026-04-24 10:19:48,1628,0,1,7.496,0.0,7.64,1.825,0.436,17.98,25.72
2026-04-24 10:19:49,1629,1,1,2.14,161.134,5.772,1.813,0.478,172.589,23.677
2026-04-24 10:19:49,1630,0,1,2.129,0.0,7.008,1.993,0.524,12.283,25.079
2026-04-24 10:19:49,1631,0,1,2.664,0.0,7.117,2.024,0.514,12.736,25.983
2026-04-24 10:19:49,1632,1,1,9.044,174.156,6.963,1.863,0.441,193.353,23.873
2026-04-24 10:19:49,1633,0,1,1.95,0.0,6.479,1.899,0.503,11.402,24.51
2026-04-24 10:19:49,1634,0,1,2.696,0.0,8.2,1.937,0.446,13.861,25.421
2026-04-24 10:19:49,1635,1,1,8.318,174.194,7.361,1.981,0.47,193.366,23.367
2026-04-24 10:19:49,1636,0,1,3.846,0.0,7.141,1.916,0.446,13.917,24.159
2026-04-24 10:19:49,1637,0,1,2.674,0.0,8.878,1.437,0.253,13.766,25.769
2026-04-24 10:19:49,1638,1,1,8.579,181.942,6.505,1.596,0.446,200.183,23.659
2026-04-24 10:19:49,1639,0,1,5.618,0.0,6.994,1.041,0.254,14.414,25.004
2026-04-24 10:19:49,1640,0,1,7.409,0.0,8.214,1.531,0.392,17.862,26.325
2026-04-24 10:19:50,1641,1,1,12.958,194.201,6.706,1.67,0.39,216.663,24.124
2026-04-24 10:19:50,1642,0,1,6.991,0.0,8.855,2.061,0.228,18.545,25.54
2026-04-24 10:19:50,1643,0,1,4.581,0.0,8.434,1.868,0.454,15.895,26.244
2026-04-24 10:19:50,1644,1,1,10.667,184.296,6.281,2.068,0.469,205.047,24.083
2026-04-24 10:19:50,1645,0,1,8.633,0.0,8.781,1.355,0.404,19.723,26.264
2026-04-24 10:19:50,1646,0,1,5.35,0.0,6.287,1.864,0.436,14.476,26.791
2026-04-24 10:19:50,1647,1,1,1.993,164.869,8.231,1.947,0.465,178.729,24.631
2026-04-24 10:19:50,1648,0,1,9.039,0.0,7.764,1.02,0.265,18.613,25.389
2026-04-24 10:19:50,1649,0,1,7.699,0.0,6.084,1.246,0.25,15.769,25.78
2026-04-24 10:19:51,1650,1,1,16.019,263.47,8.268,1.974,0.477,291.406,23.536
2026-04-24 10:19:51,1651,0,1,2.159,0.0,7.786,1.984,0.399,12.949,24.311
2026-04-24 10:19:51,1652,0,1,2.556,0.0,7.648,1.831,0.418,13.019,25.342
2026-04-24 10:19:51,1653,1,1,1.752,167.239,8.157,1.387,0.341,179.984,23.31
2026-04-24 10:19:51,1654,0,1,2.875,0.0,5.433,1.45,0.352,10.692,24.32
2026-04-24 10:19:51,1655,0,1,2.604,0.0,7.227,0.976,0.222,11.7,25.222
2026-04-24 10:19:51,1656,1,1,8.36,162.806,7.293,2.023,0.356,181.946,23.226
2026-04-24 10:19:51,1657,0,1,1.662,0.0,6.896,1.186,0.232,10.336,24.115
2026-04-24 10:19:51,1658,0,1,2.614,0.0,8.104,1.573,0.244,13.056,26.036
2026-04-24 10:19:51,1659,1,1,1.752,161.067,5.859,1.613,0.468,172.025,23.961
2026-04-24 10:19:51,1660,0,1,5.257,0.0,6.498,1.127,0.222,13.669,25.511
2026-04-24 10:19:51,1661,0,1,2.168,0.0,6.481,1.088,0.433,10.742,26.941
2026-04-24 10:19:52,1662,1,1,2.611,160.861,8.447,1.84,0.4,175.367,24.772
2026-04-24 10:19:52,1663,0,1,9.959,0.0,6.762,1.881,0.437,19.638,25.615
2026-04-24 10:19:52,1664,0,1,2.664,0.0,7.695,1.844,0.438,13.23,26.154
2026-04-24 10:19:52,1665,1,1,2.713,163.379,6.917,1.806,0.241,176.089,24.059
2026-04-24 10:19:52,1666,0,1,3.237,0.0,6.676,1.256,0.443,12.127,24.989
2026-04-24 10:19:52,1667,0,1,1.854,0.0,8.75,2.135,0.491,13.772,25.977
2026-04-24 10:19:52,1668,1,1,4.768,172.668,6.81,1.868,0.425,187.735,23.879
2026-04-24 10:19:52,1669,0,1,2.315,0.0,7.701,1.432,0.439,12.439,25.222
2026-04-24 10:19:52,1670,0,1,2.325,0.0,7.989,1.42,0.501,12.905,25.716
2026-04-24 10:19:52,1671,1,1,3.846,166.83,8.011,1.959,0.452,182.31,23.654
2026-04-24 10:19:52,1672,0,1,2.142,0.0,7.904,1.956,0.414,12.927,24.526
2026-04-24 10:19:52,1673,0,1,1.737,0.0,7.649,1.886,0.466,12.555,25.333
2026-04-24 10:19:53,1674,1,1,2.115,170.506,8.238,1.975,0.435,184.455,23.293
2026-04-24 10:19:53,1675,0,1,6.877,0.0,5.689,1.897,0.457,15.5,24.603
2026-04-24 10:19:53,1676,0,1,6.362,0.0,6.076,1.871,0.435,15.309,26.143
2026-04-24 10:19:53,1677,1,1,7.8,162.859,5.888,1.961,0.435,180.12,24.048
2026-04-24 10:19:53,1678,0,1,2.653,0.0,5.933,1.519,0.35,10.975,24.744
2026-04-24 10:19:53,1679,0,1,2.252,0.0,8.205,0.988,0.351,12.254,25.632
2026-04-24 10:19:53,1680,1,1,5.897,166.441,8.397,1.716,0.486,184.279,23.584
2026-04-24 10:19:53,1681,0,1,2.234,0.0,7.762,2.068,0.424,13.028,24.452
2026-04-24 10:19:53,1682,0,1,4.038,0.0,8.183,1.855,0.427,15.06,25.071
2026-04-24 10:19:53,1683,1,1,2.233,163.889,7.624,1.432,0.45,176.791,23.094
2026-04-24 10:19:53,1684,0,1,3.758,0.0,7.82,1.822,0.404,14.391,24.191
2026-04-24 10:19:53,1685,0,1,2.735,0.0,5.807,1.451,0.354,10.865,25.355
2026-04-24 10:19:54,1686,1,1,1.649,164.406,8.122,1.357,0.271,176.866,23.347
2026-04-24 10:19:54,1687,0,1,6.967,0.0,8.387,1.182,0.342,17.336,24.292
2026-04-24 10:19:54,1688,0,1,5.136,0.0,8.468,1.841,0.436,16.439,24.857
2026-04-24 10:19:54,1689,1,1,4.471,168.152,5.662,1.447,0.21,181.02,22.872
2026-04-24 10:19:54,1690,0,1,1.674,0.0,5.69,1.344,0.386,9.622,23.88
2026-04-24 10:19:54,1691,0,1,2.486,0.0,8.295,2.172,0.473,14.02,26.392
2026-04-24 10:19:54,1692,1,1,2.231,158.254,6.275,1.542,0.491,169.912,24.276
2026-04-24 10:19:54,1693,0,1,2.961,0.0,7.223,2.238,0.501,13.483,25.006
2026-04-24 10:19:54,1694,0,1,8.921,0.0,7.835,2.005,0.484,19.807,25.984
2026-04-24 10:19:54,1695,1,1,4.511,175.482,8.357,1.835,0.472,191.654,23.878
2026-04-24 10:19:54,1696,0,1,10.845,0.0,6.991,1.771,0.339,20.346,23.776
2026-04-24 10:19:54,1697,0,1,2.48,0.0,7.68,1.488,0.393,12.546,27.375
2026-04-24 10:19:55,1698,1,1,8.271,192.066,8.448,1.169,0.343,211.163,25.099
2026-04-24 10:19:55,1699,0,1,7.935,0.0,7.834,1.972,0.441,18.784,25.674
2026-04-24 10:19:55,1700,0,1,3.062,0.0,8.455,1.911,0.494,14.502,26.92
2026-04-24 10:19:55,1701,1,1,2.648,167.216,7.525,1.78,0.496,180.804,24.719
2026-04-24 10:19:55,1702,0,1,10.426,0.0,6.465,1.329,0.429,19.159,25.53
2026-04-24 10:19:55,1703,0,1,9.633,0.0,7.427,1.854,0.449,20.266,26.41
2026-04-24 10:19:55,1704,1,1,7.971,165.694,7.19,1.921,0.42,184.357,24.281
2026-04-24 10:19:55,1705,0,1,1.964,0.0,5.189,0.858,0.466,8.982,25.169
2026-04-24 10:19:55,1706,0,1,9.763,0.0,8.392,2.041,0.458,21.229,26.276
2026-04-24 10:19:55,1707,1,1,8.505,165.499,6.358,1.352,0.346,183.296,24.162
2026-04-24 10:19:55,1708,0,1,2.363,0.0,7.531,1.954,0.451,12.847,25.008
2026-04-24 10:19:55,1709,0,1,2.571,0.0,6.566,1.91,0.689,12.315,25.72
2026-04-24 10:19:56,1710,1,1,2.582,160.777,8.053,1.614,0.2,174.316,23.67
2026-04-24 10:19:56,1711,0,1,1.714,0.0,7.494,1.834,0.429,12.055,25.029
2026-04-24 10:19:56,1712,0,1,4.357,0.0,7.599,1.873,0.451,14.851,26.124
2026-04-24 10:19:56,1713,1,1,7.704,167.214,7.689,2.079,0.458,186.287,24.018
2026-04-24 10:19:56,1714,0,1,7.108,0.0,8.645,1.83,0.459,18.793,24.917
2026-04-24 10:19:56,1715,0,1,1.914,0.0,7.866,1.807,0.412,12.564,26.069
2026-04-24 10:19:56,1716,1,1,2.562,165.383,7.61,1.864,0.433,178.92,23.967
2026-04-24 10:19:56,1717,0,1,2.187,0.0,7.442,1.183,0.431,11.806,25.079
2026-04-24 10:19:56,1718,0,1,2.105,0.0,8.073,2.062,0.46,13.172,26.105
2026-04-24 10:19:56,1719,1,1,2.661,168.779,7.386,1.333,0.356,181.663,23.998
2026-04-24 10:19:56,1720,0,1,2.622,0.0,7.798,1.34,0.396,12.603,24.233
2026-04-24 10:19:56,1721,0,1,7.023,0.0,8.513,1.821,0.423,18.271,25.128
2026-04-24 10:19:57,1722,1,1,7.118,172.6,6.758,1.353,0.428,189.277,23.107
2026-04-24 10:19:57,1723,0,1,1.602,0.0,6.497,1.354,0.342,10.305,24.611
2026-04-24 10:19:57,1724,0,1,8.715,0.0,5.612,1.28,0.439,16.626,25.669
2026-04-24 10:19:57,1725,1,1,10.822,162.565,8.377,1.909,0.27,185.072,23.623
2026-04-24 10:19:57,1726,0,1,2.938,0.0,7.743,1.445,0.516,13.182,24.707
2026-04-24 10:19:57,1727,0,1,1.73,0.0,5.272,1.491,0.432,9.477,25.71
2026-04-24 10:19:57,1728,1,1,2.233,167.88,7.46,1.3,0.343,180.348,23.651
2026-04-24 10:19:57,1729,0,1,9.22,0.0,8.043,1.847,0.416,20.08,24.782
2026-04-24 10:19:57,1730,0,1,1.828,0.0,7.808,2.147,0.499,12.908,25.36
2026-04-24 10:19:57,1731,1,1,3.196,171.954,8.25,2.139,0.264,187.099,23.319
2026-04-24 10:19:57,1732,0,1,3.201,0.0,7.815,2.058,0.517,14.217,24.018
2026-04-24 10:19:58,1733,0,1,4.469,0.0,5.928,1.964,0.411,13.338,24.986
2026-04-24 10:19:58,1734,1,1,2.079,163.403,7.241,1.908,0.442,176.307,22.999
2026-04-24 10:19:58,1735,0,1,2.657,0.0,7.628,1.38,0.438,12.677,23.844
2026-04-24 10:19:58,1736,0,1,7.889,0.0,6.702,1.811,0.313,17.218,25.445
2026-04-24 10:19:58,1737,1,1,4.428,168.641,8.122,1.702,0.38,184.336,23.389
2026-04-24 10:19:58,1738,0,1,1.907,0.0,7.719,1.815,0.425,12.437,24.657
2026-04-24 10:19:58,1739,0,1,2.16,0.0,8.303,2.01,0.463,13.455,25.216
2026-04-24 10:19:58,1740,1,1,2.46,163.205,7.814,2.31,0.581,177.357,23.202
2026-04-24 10:19:58,1741,0,1,2.62,0.0,7.029,1.881,0.467,12.594,24.543
2026-04-24 10:19:58,1742,0,1,2.429,0.0,7.655,1.257,0.299,12.201,25.308
2026-04-24 10:19:58,1743,1,1,4.643,164.22,8.195,1.607,0.446,180.065,23.294
2026-04-24 10:19:59,1744,0,1,2.01,0.0,6.918,1.779,0.226,11.603,24.145
2026-04-24 10:19:59,1745,0,1,2.132,0.0,6.995,1.929,0.433,12.051,24.777
2026-04-24 10:19:59,1746,1,1,3.893,169.926,8.416,1.939,0.435,185.741,22.797
2026-04-24 10:19:59,1747,0,1,8.3,0.0,7.672,1.862,0.512,18.877,23.682
2026-04-24 10:19:59,1748,0,1,10.56,0.0,8.238,1.912,0.445,21.667,25.024
2026-04-24 10:19:59,1749,1,1,8.94,177.8,8.266,1.949,0.429,198.665,22.993
2026-04-24 10:19:59,1750,0,1,7.061,0.0,8.58,1.91,0.408,18.417,24.266
2026-04-24 10:19:59,1751,0,1,2.685,0.0,7.557,1.385,0.242,12.335,25.683
2026-04-24 10:19:59,1752,1,1,9.617,268.874,6.412,1.396,0.357,287.771,23.447
2026-04-24 10:19:59,1753,0,1,4.416,0.0,8.38,1.831,0.405,15.587,24.601
2026-04-24 10:19:59,1754,0,1,8.623,0.0,8.45,1.843,0.438,19.882,25.351
2026-04-24 10:20:00,1755,1,1,2.177,182.203,7.214,1.479,0.438,194.632,23.283
2026-04-24 10:20:00,1756,0,1,1.823,0.0,7.535,1.863,0.435,12.164,24.45
2026-04-24 10:20:00,1757,0,1,8.584,0.0,7.806,1.371,0.319,18.574,25.257
2026-04-24 10:20:00,1758,1,1,8.442,171.387,6.59,1.157,0.28,189.072,23.242
2026-04-24 10:20:00,1759,0,1,4.027,0.0,8.203,1.888,0.406,15.088,23.881
2026-04-24 10:20:00,1760,0,1,3.854,0.0,8.538,1.825,0.427,15.116,25.003
2026-04-24 10:20:00,1761,1,1,5.737,176.1,6.628,1.283,0.445,191.262,22.977
2026-04-24 10:20:00,1762,0,1,2.23,0.0,8.429,1.428,0.437,13.038,23.89
2026-04-24 10:20:00,1763,0,1,2.151,0.0,7.97,2.086,0.532,13.362,24.684
2026-04-24 10:20:00,1764,1,1,2.195,171.236,7.345,1.951,0.471,184.489,22.706
2026-04-24 10:20:00,1765,0,1,2.63,0.0,8.367,1.692,0.326,13.501,23.729
2026-04-24 10:20:00,1766,0,1,2.25,0.0,8.563,1.488,0.448,13.382,24.584
2026-04-24 10:20:01,1767,1,1,6.904,181.599,7.068,1.845,0.534,199.027,22.593
2026-04-24 10:20:01,1768,0,1,2.01,0.0,7.447,2.009,0.512,12.509,23.521
2026-04-24 10:20:01,1769,0,1,6.143,0.0,7.756,1.97,0.448,16.914,24.823
2026-04-24 10:20:01,1770,1,1,2.056,170.886,8.568,1.89,0.484,185.072,22.831
2026-04-24 10:20:01,1771,0,1,2.308,0.0,7.19,1.704,0.4,12.153,23.794
2026-04-24 10:20:01,1772,0,1,8.017,0.0,6.252,1.353,0.342,16.489,24.999
2026-04-24 10:20:01,1773,1,1,16.32,187.16,7.322,1.366,0.409,213.732,22.962
2026-04-24 10:20:01,1774,0,1,2.279,0.0,6.422,1.346,0.348,10.919,24.334
2026-04-24 10:20:01,1775,0,1,3.64,0.0,7.102,1.408,0.48,13.203,25.75
2026-04-24 10:20:01,1776,1,1,3.866,158.8,7.835,1.829,0.452,173.937,23.71
2026-04-24 10:20:02,1777,0,1,4.382,0.0,6.899,1.866,0.435,14.159,24.49
2026-04-24 10:20:02,1778,0,1,9.492,0.0,5.854,1.797,0.423,18.111,25.581
2026-04-24 10:20:02,1779,1,1,11.718,167.848,8.152,1.554,0.529,190.88,23.516
2026-04-24 10:20:02,1780,0,1,2.106,0.0,7.264,2.122,0.347,12.395,24.426
2026-04-24 10:20:02,1781,0,1,11.458,0.0,8.015,1.849,0.45,22.359,25.255
2026-04-24 10:20:02,1782,1,1,9.745,172.137,8.299,1.076,0.336,192.73,23.22
2026-04-24 10:20:02,1783,0,1,1.979,0.0,8.207,1.276,0.461,12.526,24.926
2026-04-24 10:20:02,1784,0,1,3.927,0.0,5.914,1.899,0.433,12.806,25.703
2026-04-24 10:20:02,1785,1,1,2.233,169.645,8.104,1.829,0.432,183.509,23.635
2026-04-24 10:20:02,1786,0,1,7.508,0.0,7.824,2.048,0.301,18.062,24.987
2026-04-24 10:20:02,1787,0,1,2.192,0.0,7.219,2.024,0.472,12.483,26.193
2026-04-24 10:20:03,1788,1,1,5.526,168.673,6.33,1.345,0.341,183.378,24.075
2026-04-24 10:20:03,1789,0,1,1.903,0.0,8.025,1.272,0.272,11.992,25.755
2026-04-24 10:20:03,1790,0,1,2.1,0.0,8.233,1.943,0.347,13.055,26.221
2026-04-24 10:20:03,1791,1,1,2.126,165.823,7.857,1.831,0.41,179.359,24.103
2026-04-24 10:20:03,1792,0,1,9.027,0.0,7.403,0.967,0.33,18.233,25.15
2026-04-24 10:20:03,1793,0,1,2.643,0.0,6.625,1.466,0.379,11.638,26.285
2026-04-24 10:20:03,1794,1,1,9.937,166.469,7.69,1.024,0.385,186.708,24.16
2026-04-24 10:20:03,1795,0,1,1.84,0.0,6.795,0.949,0.31,10.456,25.974
2026-04-24 10:20:03,1796,0,1,2.215,0.0,7.397,1.926,0.436,12.831,27.107
2026-04-24 10:20:03,1797,1,1,2.006,248.272,7.927,1.308,0.234,260.641,24.758
2026-04-24 10:20:03,1798,0,1,3.345,0.0,7.701,1.915,0.451,14.049,25.9
2026-04-24 10:20:03,1799,0,1,1.685,0.0,7.935,1.192,0.238,11.336,26.815
2026-04-24 10:20:04,1800,1,1,2.433,166.907,6.743,0.833,0.209,178.281,24.64
2026-04-24 10:20:04,1801,0,1,1.562,0.0,7.775,1.874,0.438,12.201,25.748
2026-04-24 10:20:04,1802,0,1,1.708,0.0,6.805,1.889,0.441,11.395,25.943
2026-04-24 10:20:04,1803,1,1,3.884,166.124,6.683,1.894,0.41,180.004,23.862
2026-04-24 10:20:04,1804,0,1,1.741,0.0,7.912,1.921,0.446,12.574,25.322
2026-04-24 10:20:04,1805,0,1,8.273,0.0,6.972,2.015,0.306,17.962,26.083
2026-04-24 10:20:04,1806,1,1,1.761,169.987,8.151,2.173,0.447,183.573,23.972
2026-04-24 10:20:04,1807,0,1,2.053,0.0,5.729,1.379,0.466,10.128,25.543
2026-04-24 10:20:04,1808,0,1,2.27,0.0,7.28,1.868,0.216,12.183,27.404
2026-04-24 10:20:04,1809,1,1,1.684,162.966,5.84,1.398,0.344,173.383,25.179
2026-04-24 10:20:04,1810,0,1,2.163,0.0,7.535,0.997,0.337,11.559,26.685
2026-04-24 10:20:04,1811,0,1,3.745,0.0,5.679,1.534,0.491,11.959,27.447
2026-04-24 10:20:05,1812,1,1,1.973,167.825,7.832,1.875,0.419,181.136,25.21
2026-04-24 10:20:05,1813,0,1,1.802,0.0,6.425,1.248,0.406,10.427,26.473
2026-04-24 10:20:05,1814,0,1,9.002,0.0,6.8,1.747,0.44,18.561,27.249
2026-04-24 10:20:05,1815,1,1,2.16,169.59,7.581,1.923,0.423,182.739,25.034
2026-04-24 10:20:05,1816,0,1,1.901,0.0,8.113,1.906,0.435,12.951,25.754
2026-04-24 10:20:05,1817,0,1,2.255,0.0,8.254,1.833,0.494,13.347,26.834
2026-04-24 10:20:05,1818,1,1,2.503,171.721,6.952,1.853,0.448,184.656,24.643
2026-04-24 10:20:05,1819,0,1,2.492,0.0,4.0,1.722,0.53,9.496,25.766
2026-04-24 10:20:05,1820,0,1,4.091,0.0,8.392,1.605,0.492,15.102,26.746
2026-04-24 10:20:05,1821,1,1,4.7,168.13,8.224,1.816,0.4,184.465,24.57
2026-04-24 10:20:05,1822,0,1,4.763,0.0,8.386,2.171,0.507,16.401,25.298
2026-04-24 10:20:05,1823,0,1,7.247,0.0,7.321,1.837,0.43,17.528,26.138
2026-04-24 10:20:06,1824,1,1,5.534,165.911,7.921,1.904,0.459,182.918,24.029
2026-04-24 10:20:06,1825,0,1,1.681,0.0,7.967,1.387,0.429,12.078,25.169
2026-04-24 10:20:06,1826,0,1,1.761,0.0,6.857,1.157,0.389,10.712,25.701
2026-04-24 10:20:06,1827,1,1,2.306,166.882,7.595,1.841,0.426,180.103,23.642
2026-04-24 10:20:06,1828,0,1,2.252,0.0,5.827,1.325,0.248,10.185,25.422
2026-04-24 10:20:06,1829,0,1,5.083,0.0,6.273,0.986,0.313,13.187,26.473
2026-04-24 10:20:06,1830,1,1,6.703,171.153,7.616,1.913,0.417,188.903,24.324
2026-04-24 10:20:06,1831,0,1,1.847,0.0,8.369,1.864,0.436,13.034,25.357
2026-04-24 10:20:06,1832,0,1,4.77,0.0,7.239,1.548,0.441,14.58,26.111
2026-04-24 10:20:06,1833,1,1,2.285,186.601,7.232,1.655,0.441,199.304,23.962
2026-04-24 10:20:06,1834,0,1,2.662,0.0,7.078,1.889,0.451,12.823,24.351
2026-04-24 10:20:06,1835,0,1,8.373,0.0,7.203,1.982,0.434,18.599,25.358
2026-04-24 10:20:07,1836,1,1,1.874,171.601,8.015,1.958,0.432,184.972,23.317
2026-04-24 10:20:07,1837,0,1,1.707,0.0,6.349,1.836,0.482,10.919,24.573
2026-04-24 10:20:07,1838,0,1,2.47,0.0,6.224,0.994,0.258,10.432,25.995
2026-04-24 10:20:07,1839,1,1,9.47,163.571,7.359,1.436,0.329,183.313,23.911
2026-04-24 10:20:07,1840,0,1,6.254,0.0,6.107,1.417,0.354,14.457,25.327
2026-04-24 10:20:07,1841,0,1,8.66,0.0,6.813,1.868,0.429,18.12,26.405
2026-04-24 10:20:07,1842,1,1,7.711,159.114,8.148,1.886,0.398,178.446,24.291
2026-04-24 10:20:07,1843,0,1,7.383,0.0,7.057,0.942,0.345,16.01,25.632
2026-04-24 10:20:07,1844,0,1,2.238,0.0,8.289,1.841,0.44,13.35,26.628
2026-04-24 10:20:07,1845,1,1,11.165,161.396,8.122,1.854,0.406,184.054,24.479
2026-04-24 10:20:07,1846,0,1,8.2,0.0,7.925,0.997,0.401,18.113,25.282
2026-04-24 10:20:07,1847,0,1,2.196,0.0,7.6,2.076,0.482,12.924,27.374
2026-04-24 10:20:08,1848,1,1,3.53,153.546,8.386,1.844,0.398,168.894,25.167
2026-04-24 10:20:08,1849,0,1,1.919,0.0,8.058,2.005,0.47,13.06,26.565
2026-04-24 10:20:08,1850,0,1,4.171,0.0,7.102,1.338,0.382,13.514,27.205
2026-04-24 10:20:08,1851,1,1,7.558,273.026,8.295,1.132,0.227,291.263,24.81
2026-04-24 10:20:08,1852,0,1,1.625,0.0,4.136,1.017,0.255,7.499,26.361
2026-04-24 10:20:08,1853,0,1,2.38,0.0,5.974,1.043,0.324,10.155,27.616
2026-04-24 10:20:08,1854,1,1,2.349,158.547,8.412,1.873,0.421,172.872,25.378
2026-04-24 10:20:08,1855,0,1,4.911,0.0,5.757,1.3,0.269,12.591,26.493
2026-04-24 10:20:08,1856,0,1,2.428,0.0,8.032,1.991,0.267,13.069,27.132
2026-04-24 10:20:09,1857,1,1,4.561,158.457,8.36,1.913,0.426,174.807,24.938
2026-04-24 10:20:09,1858,0,1,5.875,0.0,6.807,1.937,0.505,15.701,26.062
2026-04-24 10:20:09,1859,0,1,2.303,0.0,8.93,1.978,0.447,14.247,26.924
2026-04-24 10:20:09,1860,1,1,6.885,162.816,8.139,1.849,0.415,181.284,24.749
2026-04-24 10:20:09,1861,0,1,2.323,0.0,9.202,1.999,0.443,14.519,25.987
2026-04-24 10:20:09,1862,0,1,5.959,0.0,6.304,1.948,0.385,15.123,27.133
2026-04-24 10:20:09,1863,1,1,7.517,158.574,8.407,2.05,0.336,178.158,24.935
2026-04-24 10:20:09,1864,0,1,2.562,0.0,8.2,1.187,0.492,12.982,26.012
2026-04-24 10:20:09,1865,0,1,1.723,0.0,6.648,1.802,0.429,11.172,26.495
2026-04-24 10:20:09,1866,1,1,1.777,161.897,8.134,1.839,0.505,175.283,24.36
2026-04-24 10:20:09,1867,0,1,2.283,0.0,7.723,1.708,0.257,12.71,24.833
2026-04-24 10:20:09,1868,0,1,1.617,0.0,8.575,1.482,0.526,12.703,25.871
2026-04-24 10:20:10,1869,1,1,5.271,160.028,8.438,1.874,0.425,177.215,23.798
2026-04-24 10:20:10,1870,0,1,2.803,0.0,8.44,1.874,0.573,14.175,24.934
2026-04-24 10:20:10,1871,0,1,2.598,0.0,8.893,2.225,0.466,14.734,25.188
2026-04-24 10:20:10,1872,1,1,7.371,165.535,8.418,1.949,0.435,184.934,23.171
2026-04-24 10:20:10,1873,0,1,2.607,0.0,7.797,1.567,0.433,12.977,24.411
2026-04-24 10:20:10,1874,0,1,2.049,0.0,8.519,1.88,0.456,13.463,25.02
2026-04-24 10:20:10,1875,1,1,9.383,159.991,8.095,1.204,0.455,180.211,23.036
2026-04-24 10:20:10,1876,0,1,2.18,0.0,8.919,1.842,0.464,13.984,23.882
2026-04-24 10:20:10,1877,0,1,2.106,0.0,8.388,1.943,0.438,13.451,24.88
2026-04-24 10:20:10,1878,1,1,2.691,168.631,7.536,1.271,0.241,181.223,22.877
2026-04-24 10:20:10,1879,0,1,3.712,0.0,8.232,1.878,0.428,14.818,24.48
2026-04-24 10:20:10,1880,0,1,6.866,0.0,7.689,1.918,0.439,17.502,25.5
2026-04-24 10:20:11,1881,1,1,5.15,159.718,7.144,1.955,0.437,175.557,23.473
2026-04-24 10:20:11,1882,0,1,12.202,0.0,8.484,1.956,0.454,23.709,24.356
2026-04-24 10:20:11,1883,0,1,2.148,0.0,6.722,1.761,0.227,11.328,25.303
2026-04-24 10:20:11,1884,1,1,2.213,155.739,6.694,1.859,0.407,168.052,23.308
2026-04-24 10:20:11,1885,0,1,7.16,0.0,5.973,1.685,0.355,15.75,24.622
2026-04-24 10:20:11,1886,0,1,8.872,0.0,8.061,1.761,0.45,19.682,25.559
2026-04-24 10:20:11,1887,1,1,2.334,153.15,8.343,1.835,0.445,167.165,23.552
2026-04-24 10:20:11,1888,0,1,11.791,0.0,6.539,1.273,0.431,20.593,24.457
2026-04-24 10:20:11,1889,0,1,2.568,0.0,8.431,1.832,0.438,13.881,25.814
2026-04-24 10:20:11,1890,1,1,11.085,164.136,7.618,1.873,0.406,186.267,23.743
2026-04-24 10:20:11,1891,0,1,2.252,0.0,8.58,2.076,0.446,13.939,24.865
2026-04-24 10:20:11,1892,0,1,5.708,0.0,7.356,1.371,0.348,15.285,25.935
2026-04-24 10:20:12,1893,1,1,3.453,181.549,8.208,1.86,0.51,196.649,23.811
2026-04-24 10:20:12,1894,0,1,5.625,0.0,9.111,1.911,0.446,17.636,24.516
2026-04-24 10:20:12,1895,0,1,5.609,0.0,8.21,1.888,0.506,16.746,25.123
2026-04-24 10:20:12,1896,1,1,17.253,202.769,8.693,2.135,0.541,232.363,23.028
2026-04-24 10:20:12,1897,0,1,5.856,0.0,9.137,1.856,0.397,17.502,23.786
2026-04-24 10:20:12,1898,0,1,10.628,0.0,8.426,1.489,0.486,21.578,24.049
2026-04-24 10:20:12,1899,1,1,2.423,177.222,7.725,1.11,0.229,189.917,22.12
2026-04-24 10:20:12,1900,0,1,7.329,0.0,6.995,1.442,0.483,16.857,22.921
2026-04-24 10:20:12,1901,0,1,8.328,0.0,7.237,1.362,0.374,17.891,23.707
2026-04-24 10:20:12,1902,1,1,1.7,211.46,5.625,1.304,0.294,221.177,21.758
2026-04-24 10:20:13,1903,0,1,2.075,0.0,6.771,1.398,0.316,10.96,23.877
2026-04-24 10:20:13,1904,0,1,2.025,0.0,5.447,1.409,0.41,9.66,25.274
2026-04-24 10:20:13,1905,1,1,7.475,215.338,5.891,1.271,0.305,231.115,23.165
2026-04-24 10:20:13,1906,0,1,1.722,0.0,6.226,1.247,0.314,9.907,24.888
2026-04-24 10:20:13,1907,0,1,1.576,0.0,6.363,1.412,0.311,10.05,26.421
2026-04-24 10:20:13,1908,1,1,4.954,204.871,5.41,1.332,0.284,217.633,24.217
2026-04-24 10:20:13,1909,0,1,1.753,0.0,4.942,1.157,0.268,8.432,26.499
2026-04-24 10:20:13,1910,0,1,1.972,0.0,6.049,1.214,0.308,9.935,27.805
2026-04-24 10:20:13,1911,1,1,1.792,188.404,5.438,1.152,0.28,197.842,25.493
2026-04-24 10:20:13,1912,0,1,1.598,0.0,5.882,1.304,0.397,9.58,27.332
2026-04-24 10:20:13,1913,0,1,6.648,0.0,5.281,1.162,0.301,13.698,28.877
2026-04-24 10:20:14,1914,1,1,2.182,164.217,6.11,1.175,0.341,174.797,26.516
2026-04-24 10:20:14,1915,0,1,5.182,0.0,5.65,1.379,0.323,12.887,28.153
2026-04-24 10:20:14,1916,0,1,2.028,0.0,6.205,1.165,0.288,10.132,29.656
2026-04-24 10:20:14,1917,1,1,1.995,126.204,5.399,1.157,0.285,135.859,27.353
2026-04-24 10:20:14,1918,0,1,1.53,0.0,5.203,1.347,0.323,8.877,29.417
2026-04-24 10:20:14,1919,0,1,3.16,0.0,5.263,1.141,0.261,10.115,30.986
2026-04-24 10:20:14,1920,1,1,1.97,130.161,5.121,1.148,0.272,139.418,28.538
2026-04-24 10:20:14,1921,0,1,2.436,0.0,6.011,1.255,0.42,10.527,30.006
2026-04-24 10:20:14,1922,0,1,5.613,0.0,5.313,1.065,0.269,12.571,31.767
2026-04-24 10:20:14,1923,1,1,8.718,126.634,5.352,1.089,0.268,142.879,29.225
2026-04-24 10:20:14,1924,0,1,3.124,0.0,5.284,1.244,0.321,10.359,31.207
2026-04-24 10:20:14,1925,0,1,2.038,0.0,5.4,1.113,0.29,9.179,32.494
2026-04-24 10:20:14,1926,1,1,1.897,126.676,5.055,1.064,0.236,135.607,29.902
2026-04-24 10:20:14,1927,0,1,2.766,0.0,4.524,1.029,0.262,9.118,32.578
2026-04-24 10:20:14,1928,0,1,2.386,0.0,4.174,1.019,0.248,8.145,34.121
2026-04-24 10:20:15,1929,1,1,2.364,114.328,4.782,0.801,0.202,123.154,31.436
2026-04-24 10:20:15,1930,0,1,4.06,0.0,4.608,1.11,0.314,10.445,33.577
2026-04-24 10:20:15,1931,0,1,2.405,0.0,4.771,1.017,0.259,8.808,35.061
2026-04-24 10:20:15,1932,1,1,3.018,112.523,4.262,0.772,0.191,121.439,32.294
2026-04-24 10:20:15,1933,0,1,1.591,0.0,4.655,1.176,0.288,8.036,34.296
2026-04-24 10:20:15,1934,0,1,2.337,0.0,5.405,1.047,0.277,9.411,35.402
2026-04-24 10:20:15,1935,1,1,1.996,133.834,5.366,1.257,0.331,143.532,32.503
2026-04-24 10:20:15,1936,0,1,2.823,0.0,5.428,1.197,0.304,10.087,34.221
2026-04-24 10:20:15,1937,0,1,5.816,0.0,5.597,1.286,0.293,13.345,34.998
2026-04-24 10:20:15,1938,1,1,1.846,116.096,5.376,1.142,0.273,125.499,32.212
2026-04-24 10:20:15,1939,0,1,6.529,0.0,4.982,1.098,0.271,13.208,34.516
2026-04-24 10:20:15,1940,0,1,2.2,0.0,4.908,1.046,0.245,8.723,35.574
2026-04-24 10:20:15,1941,1,1,2.713,115.264,4.995,1.048,0.23,124.971,32.744
2026-04-24 10:20:15,1942,0,1,1.579,0.0,4.858,1.014,0.404,8.186,34.414
2026-04-24 10:20:15,1943,0,1,1.973,0.0,5.023,1.151,0.304,8.791,36.209
2026-04-24 10:20:15,1944,1,1,3.77,111.682,4.893,1.049,0.246,122.285,33.338
2026-04-24 10:20:15,1945,0,1,2.531,0.0,4.817,1.184,0.268,9.165,35.252
2026-04-24 10:20:15,1946,0,1,1.585,0.0,5.082,1.069,0.284,8.41,36.334
2026-04-24 10:20:16,1947,1,1,2.577,110.075,4.891,1.064,0.22,119.514,33.461
2026-04-24 10:20:16,1948,0,1,1.661,0.0,4.647,1.273,0.303,8.218,35.402
2026-04-24 10:20:16,1949,0,1,1.479,0.0,3.122,0.766,0.196,5.827,36.67
2026-04-24 10:20:16,1950,1,1,1.934,115.744,4.176,0.769,0.186,123.468,33.75
2026-04-24 10:20:16,1951,0,1,2.846,0.0,5.241,1.112,0.288,9.866,35.04
2026-04-24 10:20:16,1952,0,1,2.349,0.0,4.334,1.1,0.275,8.378,36.423
2026-04-24 10:20:16,1953,1,1,2.998,115.359,5.086,1.061,0.237,125.449,33.508
2026-04-24 10:20:16,1954,0,1,1.943,0.0,4.86,1.217,0.292,8.667,35.047
2026-04-24 10:20:16,1955,0,1,2.61,0.0,4.925,1.038,0.259,9.163,36.429
2026-04-24 10:20:16,1956,1,1,1.881,115.114,5.348,1.115,0.266,124.462,33.523
2026-04-24 10:20:16,1957,0,1,5.257,0.0,4.65,1.049,0.256,11.637,36.032
2026-04-24 10:20:16,1958,0,1,1.912,0.0,5.084,0.976,0.277,8.579,37.348
2026-04-24 10:20:16,1959,1,1,13.089,158.736,4.82,1.085,0.233,178.667,34.13
2026-04-24 10:20:16,1960,0,1,2.203,0.0,4.763,1.131,0.26,8.688,36.027
2026-04-24 10:20:16,1961,0,1,2.067,0.0,4.453,1.206,0.281,8.348,37.2
2026-04-24 10:20:17,1962,1,1,3.311,112.758,4.949,1.041,0.227,123.065,34.227
2026-04-24 10:20:17,1963,0,1,2.256,0.0,4.625,1.106,0.285,8.601,36.078
2026-04-24 10:20:17,1964,0,1,2.855,0.0,5.044,1.136,0.308,9.666,37.581
2026-04-24 10:20:17,1965,1,1,8.514,124.214,4.99,1.09,0.242,139.777,34.48
2026-04-24 10:20:17,1966,0,1,2.849,0.0,3.281,0.781,0.194,7.38,36.903
2026-04-24 10:20:17,1967,0,1,1.708,0.0,5.377,1.235,0.272,8.924,37.826
2026-04-24 10:20:17,1968,1,1,28.07,114.665,4.82,1.012,0.199,149.486,34.672
2026-04-24 10:20:17,1969,0,1,2.466,0.0,3.71,0.806,0.208,7.511,34.485
2026-04-24 10:20:17,1970,0,1,1.864,0.0,4.728,1.074,0.268,8.271,36.319
2026-04-24 10:20:17,1971,1,1,7.883,122.874,5.58,1.19,0.281,138.563,33.352
2026-04-24 10:20:17,1972,0,1,2.39,0.0,5.669,1.383,0.305,10.128,34.326
2026-04-24 10:20:17,1973,0,1,7.945,0.0,5.184,1.205,0.28,14.929,35.678
2026-04-24 10:20:17,1974,1,1,3.222,124.711,5.188,1.066,0.234,135.134,32.777
2026-04-24 10:20:17,1975,0,1,1.777,0.0,4.604,1.105,0.244,8.03,34.688
2026-04-24 10:20:17,1976,0,1,16.879,0.0,4.968,1.05,0.285,23.509,34.46
2026-04-24 10:20:17,1977,1,1,14.504,116.226,4.755,1.006,0.23,137.414,31.686
2026-04-24 10:20:18,1978,0,1,1.53,0.0,4.993,1.066,0.302,8.231,33.858
2026-04-24 10:20:18,1979,0,1,4.01,0.0,4.565,1.052,0.262,10.22,34.577
2026-04-24 10:20:18,1980,1,1,13.157,115.353,4.968,1.088,0.289,135.573,31.794
2026-04-24 10:20:18,1981,0,1,1.653,0.0,5.081,1.012,0.264,8.373,32.671
2026-04-24 10:20:18,1982,0,1,15.912,0.0,4.731,1.053,0.289,22.324,32.228
2026-04-24 10:20:18,1983,1,1,12.97,115.939,5.26,1.095,0.288,136.329,29.678
2026-04-24 10:20:18,1984,0,1,1.596,0.0,4.887,1.057,0.261,8.145,32.396
2026-04-24 10:20:18,1985,0,1,8.749,0.0,4.962,1.186,0.304,15.559,33.025
2026-04-24 10:20:18,1986,1,1,12.417,110.442,5.379,1.035,0.257,130.238,30.421
2026-04-24 10:20:18,1987,0,1,4.721,0.0,4.994,1.105,0.248,11.411,32.762
2026-04-24 10:20:18,1988,0,1,11.324,0.0,4.936,1.054,0.322,18.044,32.842
2026-04-24 10:20:18,1989,1,1,15.449,110.849,5.01,1.078,0.244,133.526,30.251
2026-04-24 10:20:18,1990,0,1,1.661,0.0,4.457,1.19,0.297,7.939,33.235
2026-04-24 10:20:18,1991,0,1,4.212,0.0,4.516,0.913,0.247,10.234,35.02
2026-04-24 10:20:18,1992,1,1,2.187,118.182,5.029,1.087,0.285,127.513,32.24
2026-04-24 10:20:18,1993,0,1,2.355,0.0,4.435,1.075,0.296,8.5,33.73
2026-04-24 10:20:18,1994,0,1,2.418,0.0,5.033,1.198,0.271,9.261,34.687
2026-04-24 10:20:19,1995,1,2,1.716,117.115,6.48,1.136,0.372,127.947,31.925
2026-04-24 10:20:19,1996,0,2,1.741,0.0,6.001,1.403,0.377,9.932,33.114
2026-04-24 10:20:19,1997,0,2,1.594,0.0,5.988,1.166,0.318,9.46,33.569
2026-04-24 10:20:19,1998,1,1,6.247,119.533,5.402,1.097,0.312,133.577,30.9
2026-04-24 10:20:19,1999,0,1,4.375,0.0,4.747,1.163,0.316,10.985,33.493
2026-04-24 10:20:19,2000,0,1,2.404,0.0,4.221,1.185,0.293,8.453,34.124
2026-04-24 10:20:19,2001,1,1,2.181,115.555,4.856,1.11,0.27,124.729,31.427
2026-04-24 10:20:19,2002,0,1,1.961,0.0,4.667,1.072,0.262,8.3,33.97
2026-04-24 10:20:19,2003,0,1,2.391,0.0,4.414,1.033,0.25,8.421,35.335
2026-04-24 10:20:19,2004,1,1,6.143,120.367,5.112,1.188,0.306,133.905,32.49
2026-04-24 10:20:19,2005,0,1,5.047,0.0,3.199,0.816,0.239,9.637,35.259
2026-04-24 10:20:19,2006,0,1,5.744,0.0,4.644,1.11,0.265,12.096,36.331
2026-04-24 10:20:19,2007,1,1,13.926,115.468,5.323,1.179,0.29,136.982,33.37
2026-04-24 10:20:19,2008,0,1,2.501,0.0,5.098,1.153,0.348,9.487,34.168
2026-04-24 10:20:19,2009,0,1,2.712,0.0,5.72,1.18,0.297,10.248,35.294
2026-04-24 10:20:20,2010,1,1,8.009,125.074,20.765,1.237,0.31,156.228,32.398
2026-04-24 10:20:20,2011,0,1,2.056,0.0,5.46,1.249,0.308,9.557,31.93
2026-04-24 10:20:20,2012,0,1,1.557,0.0,5.348,1.242,0.303,8.836,33.146
2026-04-24 10:20:20,2013,1,1,2.406,110.666,6.244,1.379,0.308,121.864,30.571
2026-04-24 10:20:20,2014,0,1,1.843,0.0,5.899,1.481,0.405,10.154,31.424
2026-04-24 10:20:20,2015,0,1,2.561,0.0,6.155,1.424,0.373,10.969,32.173
2026-04-24 10:20:20,2016,1,1,4.081,121.776,6.868,1.462,0.34,135.441,29.622
2026-04-24 10:20:20,2017,0,1,6.437,0.0,6.653,1.511,0.364,15.42,30.663
2026-04-24 10:20:20,2018,0,1,1.668,0.0,6.493,1.47,0.372,10.441,31.811
2026-04-24 10:20:20,2019,1,1,4.357,136.768,6.91,1.563,0.356,150.888,29.239
2026-04-24 10:20:20,2020,0,1,2.851,0.0,7.041,1.585,0.393,12.319,29.779
2026-04-24 10:20:20,2021,0,1,3.701,0.0,6.084,1.612,0.395,12.267,31.105
2026-04-24 10:20:20,2022,1,1,1.585,119.891,6.996,1.538,0.359,131.223,28.657
2026-04-24 10:20:20,2023,0,1,2.102,0.0,7.051,1.71,0.414,11.736,29.614
2026-04-24 10:20:20,2024,0,1,21.364,0.0,6.347,1.487,0.355,29.995,29.005
2026-04-24 10:20:21,2025,1,1,9.766,126.197,6.36,1.614,0.393,145.416,26.733
2026-04-24 10:20:21,2026,0,1,5.323,0.0,5.899,1.471,0.399,13.524,27.826
2026-04-24 10:20:21,2027,0,1,5.352,0.0,6.404,1.488,0.394,14.08,30.127
2026-04-24 10:20:21,2028,1,1,5.394,124.271,6.801,1.626,0.383,139.521,27.758
2026-04-24 10:20:21,2029,0,1,3.403,0.0,4.76,1.105,0.265,9.909,28.999
2026-04-24 10:20:21,2030,0,1,2.202,0.0,5.108,1.131,0.282,9.128,29.82
2026-04-24 10:20:21,2031,1,1,8.321,123.629,5.702,1.162,0.278,139.976,27.516
2026-04-24 10:20:21,2032,0,1,3.444,0.0,6.585,1.551,0.363,12.377,28.945
2026-04-24 10:20:21,2033,0,1,2.496,0.0,6.368,1.456,0.338,11.071,30.053
2026-04-24 10:20:21,2034,1,1,4.519,127.297,6.823,1.534,0.339,141.453,27.7
2026-04-24 10:20:21,2035,0,1,2.124,0.0,6.774,1.632,0.375,11.345,28.865
2026-04-24 10:20:21,2036,0,1,1.918,0.0,6.863,1.49,0.362,11.08,29.644
2026-04-24 10:20:21,2037,1,1,1.686,125.885,6.482,1.554,0.361,136.905,27.327
2026-04-24 10:20:21,2038,0,1,4.749,0.0,7.318,1.492,0.353,14.343,28.476
2026-04-24 10:20:21,2039,0,1,8.452,0.0,6.911,1.53,0.486,17.877,29.505
2026-04-24 10:20:22,2040,1,1,2.297,149.171,6.918,1.648,0.399,161.461,27.115
2026-04-24 10:20:22,2041,0,1,2.275,0.0,7.152,1.752,0.382,12.029,27.567
2026-04-24 10:20:22,2042,0,1,6.969,0.0,7.53,1.709,0.386,17.138,28.057
2026-04-24 10:20:22,2043,1,1,5.764,170.217,7.537,1.677,0.4,186.612,25.755
2026-04-24 10:20:22,2044,0,1,5.241,0.0,7.611,1.648,0.393,15.351,26.652
2026-04-24 10:20:22,2045,0,1,9.494,0.0,6.83,1.598,0.38,18.731,27.49
2026-04-24 10:20:22,2046,1,1,7.291,153.396,7.342,1.641,0.39,171.028,25.292
2026-04-24 10:20:22,2047,0,1,5.099,0.0,7.087,1.59,0.356,14.541,26.557
2026-04-24 10:20:22,2048,0,1,1.874,0.0,6.507,1.601,0.372,10.826,27.585
2026-04-24 10:20:22,2049,1,1,1.646,131.484,6.741,1.549,0.358,142.629,25.453
2026-04-24 10:20:22,2050,0,1,2.523,0.0,6.087,1.323,0.372,10.759,26.844
2026-04-24 10:20:22,2051,0,1,6.817,0.0,6.432,1.396,0.379,15.473,27.883
2026-04-24 10:20:23,2052,1,1,3.777,127.282,6.881,1.585,0.36,140.804,25.743
2026-04-24 10:20:23,2053,0,1,6.3,0.0,5.238,1.589,0.367,13.92,27.371
2026-04-24 10:20:23,2054,0,1,2.334,0.0,6.72,1.465,0.393,11.357,28.216
2026-04-24 10:20:23,2055,1,1,9.407,131.832,6.893,1.608,0.396,151.084,26.012
2026-04-24 10:20:23,2056,0,1,8.549,0.0,7.325,1.615,0.406,18.371,26.732
2026-04-24 10:20:23,2057,0,1,2.104,0.0,6.725,1.603,0.394,11.271,27.153
2026-04-24 10:20:23,2058,1,1,10.206,146.472,7.624,1.556,0.404,167.192,25.008
2026-04-24 10:20:23,2059,0,1,8.164,0.0,7.711,1.654,0.407,18.419,25.695
2026-04-24 10:20:23,2060,0,1,6.156,0.0,7.452,1.612,0.431,16.154,26.228
2026-04-24 10:20:23,2061,1,1,11.261,147.084,6.969,1.755,0.416,168.533,24.162
2026-04-24 10:20:23,2062,0,1,5.646,0.0,6.991,1.688,0.447,15.291,25.45
2026-04-24 10:20:23,2063,0,1,3.548,0.0,6.55,1.733,0.463,12.769,26.192
2026-04-24 10:20:24,2064,1,0,7.372,132.009,3.59,1.16,0.312,144.875,24.184
2026-04-24 10:20:24,2065,0,0,7.226,0.0,4.433,1.55,0.403,14.088,26.694
2026-04-24 10:20:24,2066,0,0,7.836,0.0,4.231,1.492,0.391,14.376,27.168
2026-04-24 10:20:24,2067,1,1,7.61,222.917,5.658,1.561,0.391,239.151,24.85
2026-04-24 10:20:24,2068,0,1,7.358,0.0,3.556,1.631,0.493,13.548,25.967
2026-04-24 10:20:24,2069,0,1,5.289,0.0,4.278,1.653,0.431,12.151,27.295
2026-04-24 10:20:24,2070,1,1,5.378,133.447,6.915,1.682,0.463,148.959,25.155
2026-04-24 10:20:24,2071,0,1,7.978,0.0,7.053,1.688,0.453,17.753,25.568
2026-04-24 10:20:24,2072,0,1,6.455,0.0,6.896,1.555,0.435,15.827,26.24
2026-04-24 10:20:24,2073,1,1,12.484,126.515,6.668,1.681,0.466,148.826,24.233
2026-04-24 10:20:24,2074,0,1,8.955,0.0,6.346,1.638,0.448,17.913,25.2
2026-04-24 10:20:24,2075,0,1,12.094,0.0,6.423,1.716,0.455,21.209,26.248
2026-04-24 10:20:24,2076,1,1,7.918,120.721,6.695,1.68,0.458,138.561,24.271
2026-04-24 10:20:25,2077,0,1,8.439,0.0,6.898,1.595,0.445,17.9,24.774
2026-04-24 10:20:25,2078,0,1,11.96,0.0,6.373,1.185,0.358,20.326,25.395
2026-04-24 10:20:25,2079,1,1,10.96,135.196,6.837,1.668,0.462,156.161,23.451
2026-04-24 10:20:25,2080,0,1,3.616,0.0,6.845,1.602,0.447,13.029,24.709
2026-04-24 10:20:25,2081,0,1,4.974,0.0,6.239,1.673,0.501,13.931,25.615
2026-04-24 10:20:25,2082,1,1,1.666,123.798,5.239,1.602,0.403,133.789,23.704
2026-04-24 10:20:25,2083,0,1,5.935,0.0,5.031,1.458,0.367,13.281,25.329
2026-04-24 10:20:25,2084,0,1,3.087,0.0,4.676,1.585,0.42,10.25,26.697
2026-04-24 10:20:25,2085,1,1,5.506,125.892,5.202,1.607,0.383,139.559,24.668
2026-04-24 10:20:25,2086,0,1,3.333,0.0,3.418,1.52,0.426,9.168,26.206
2026-04-24 10:20:25,2087,0,1,2.549,0.0,4.481,1.543,0.405,9.455,26.769
2026-04-24 10:20:25,2088,1,1,9.126,124.23,4.776,1.668,0.427,141.235,24.749
2026-04-24 10:20:25,2089,0,1,2.672,0.0,3.334,1.276,0.375,8.121,25.99
2026-04-24 10:20:25,2090,0,1,11.446,0.0,4.422,1.551,0.428,18.301,27.067
2026-04-24 10:20:26,2091,1,1,1.883,124.215,5.125,1.497,0.395,134.145,25.042
2026-04-24 10:20:26,2092,0,1,3.412,0.0,3.319,1.202,0.367,8.74,26.151
2026-04-24 10:20:26,2093,0,1,2.183,0.0,4.441,1.505,0.399,9.004,27.837
2026-04-24 10:20:26,2094,1,1,4.106,125.741,5.332,1.607,0.387,138.175,25.722
2026-04-24 10:20:26,2095,0,1,5.267,0.0,4.318,1.577,0.393,12.027,27.277
2026-04-24 10:20:26,2096,0,1,1.987,0.0,4.513,1.6,0.426,8.991,27.909
2026-04-24 10:20:26,2097,1,1,7.905,130.651,5.149,1.632,0.382,146.665,25.749
2026-04-24 10:20:26,2098,0,1,3.939,0.0,4.77,1.602,0.416,11.187,26.697
2026-04-24 10:20:26,2099,0,1,9.984,0.0,5.041,1.729,0.395,17.608,27.631
2026-04-24 10:20:26,2100,1,0,10.137,137.119,4.541,1.657,0.397,154.281,25.483
2026-04-24 10:20:26,2101,0,0,2.009,0.0,4.5,1.516,0.375,8.839,26.413
2026-04-24 10:20:26,2102,0,0,4.414,0.0,4.37,1.599,0.402,11.291,28.298
2026-04-24 10:20:26,2103,1,1,1.797,140.443,5.254,1.654,0.424,150.603,26.07
2026-04-24 10:20:26,2104,0,1,3.472,0.0,4.721,1.62,0.414,10.682,27.028
2026-04-24 10:20:26,2105,0,1,5.692,0.0,4.673,1.625,0.468,12.952,27.795
2026-04-24 10:20:27,2106,1,1,14.803,123.438,5.213,1.612,0.412,146.467,25.651
2026-04-24 10:20:27,2107,0,1,2.116,0.0,4.396,1.615,0.418,9.004,27.268
2026-04-24 10:20:27,2108,0,1,9.088,0.0,4.768,1.551,0.451,16.338,28.083
2026-04-24 10:20:27,2109,1,1,11.867,130.971,4.928,1.5,0.407,150.588,25.902
2026-04-24 10:20:27,2110,0,1,3.244,0.0,4.13,1.552,0.405,9.912,27.144
2026-04-24 10:20:27,2111,0,1,2.015,0.0,4.448,1.632,0.458,9.095,27.881
2026-04-24 10:20:27,2112,1,1,9.633,129.248,5.262,1.503,0.362,147.003,25.723
2026-04-24 10:20:27,2113,0,1,12.354,0.0,4.656,1.55,0.384,19.434,26.819
2026-04-24 10:20:27,2114,0,1,1.912,0.0,4.49,1.64,0.438,8.956,27.565
2026-04-24 10:20:27,2115,1,0,7.717,122.149,4.641,1.564,0.367,136.905,25.5
2026-04-24 10:20:27,2116,0,0,7.388,0.0,5.004,1.543,0.365,14.739,28.012
2026-04-24 10:20:27,2117,0,0,2.09,0.0,5.346,1.533,0.409,9.868,28.815
2026-04-24 10:20:27,2118,1,1,2.583,129.47,4.943,1.576,0.38,139.986,26.57
2026-04-24 10:20:27,2119,0,1,8.341,0.0,4.464,1.583,0.401,15.29,27.942
2026-04-24 10:20:27,2120,0,1,2.585,0.0,4.242,1.489,0.383,9.185,29.117
2026-04-24 10:20:28,2121,1,1,1.678,132.295,5.601,1.608,0.379,142.634,26.826
2026-04-24 10:20:28,2122,0,1,3.914,0.0,4.998,1.456,0.374,11.236,28.781
2026-04-24 10:20:28,2123,0,1,10.102,0.0,4.995,1.591,0.433,17.547,29.408
2026-04-24 10:20:28,2124,1,1,3.423,121.755,5.165,1.571,0.379,133.115,27.156
2026-04-24 10:20:28,2125,0,1,2.248,0.0,5.108,1.555,0.406,9.803,28.557
2026-04-24 10:20:28,2126,0,1,2.2,0.0,4.603,1.615,0.423,9.384,29.548
2026-04-24 10:20:28,2127,1,1,5.878,132.609,5.262,1.502,0.371,146.632,27.206
2026-04-24 10:20:28,2128,0,1,6.712,0.0,4.528,1.387,0.342,13.387,28.739
2026-04-24 10:20:28,2129,0,1,8.498,0.0,3.401,1.272,0.364,13.991,29.923
2026-04-24 10:20:28,2130,1,1,6.552,131.771,4.813,1.607,0.412,146.109,27.562
2026-04-24 10:20:28,2131,0,1,2.187,0.0,4.652,1.652,0.417,9.383,28.341
2026-04-24 10:20:28,2132,0,1,11.586,0.0,4.476,1.524,0.4,18.446,29.209
2026-04-24 10:20:28,2133,1,1,1.733,127.667,4.734,1.54,0.361,136.952,26.926
2026-04-24 10:20:28,2134,0,1,2.138,0.0,4.52,1.531,0.382,9.028,27.862
2026-04-24 10:20:29,2135,0,1,7.901,0.0,4.188,1.489,0.397,14.472,30.2
2026-04-24 10:20:29,2136,1,1,1.938,147.402,5.103,1.664,0.417,157.544,27.744
2026-04-24 10:20:29,2137,0,1,6.625,0.0,5.206,1.675,0.465,14.567,28.57
2026-04-24 10:20:29,2138,0,1,10.119,0.0,5.037,1.542,0.391,17.585,29.124
2026-04-24 10:20:29,2139,1,1,2.269,130.888,5.326,1.593,0.382,141.392,26.834
2026-04-24 10:20:29,2140,0,1,1.712,0.0,4.808,1.52,0.402,8.894,28.203
2026-04-24 10:20:29,2141,0,1,3.169,0.0,4.852,1.516,0.423,10.432,28.972
2026-04-24 10:20:29,2142,1,1,6.435,134.322,5.164,1.618,0.394,148.956,26.688
2026-04-24 10:20:29,2143,0,1,1.721,0.0,4.417,1.581,0.397,8.702,27.912
2026-04-24 10:20:29,2144,0,1,8.588,0.0,5.037,1.119,0.311,15.5,28.923
2026-04-24 10:20:29,2145,1,1,4.827,126.514,4.546,1.495,0.377,138.657,26.671
2026-04-24 10:20:29,2146,0,1,2.469,0.0,4.636,1.492,0.387,9.445,28.146
2026-04-24 10:20:29,2147,0,1,6.132,0.0,4.775,1.522,0.38,13.264,29.47
2026-04-24 10:20:30,2148,1,1,6.128,143.216,4.907,1.586,0.411,157.196,27.115
2026-04-24 10:20:30,2149,0,1,7.58,0.0,4.77,1.556,0.4,14.759,27.947
2026-04-24 10:20:30,2150,0,1,12.198,0.0,5.256,1.545,0.402,19.914,28.522
2026-04-24 10:20:30,2151,1,1,12.417,143.527,5.397,1.606,0.389,164.319,26.241
2026-04-24 10:20:30,2152,0,1,6.478,0.0,4.737,1.483,0.425,13.62,27.777
2026-04-24 10:20:30,2153,0,1,1.976,0.0,4.465,1.524,0.381,9.052,28.443
2026-04-24 10:20:30,2154,1,1,8.466,127.856,5.15,1.624,0.394,144.47,26.241
2026-04-24 10:20:30,2155,0,1,4.75,0.0,4.746,1.585,0.418,11.99,27.331
2026-04-24 10:20:30,2156,0,1,8.125,0.0,4.985,1.513,0.392,15.504,29.66
2026-04-24 10:20:30,2157,1,1,8.909,129.874,4.778,1.501,0.367,146.352,27.299
2026-04-24 10:20:30,2158,0,1,2.376,0.0,4.757,1.516,0.403,9.467,28.35
2026-04-24 10:20:30,2159,0,1,9.91,0.0,3.932,1.527,0.418,16.236,30.422
2026-04-24 10:20:30,2160,1,0,7.743,125.038,5.221,1.565,0.337,140.35,28.015
2026-04-24 10:20:30,2161,0,0,3.367,0.0,4.822,1.516,0.393,10.567,28.859
2026-04-24 10:20:30,2162,0,0,8.933,0.0,4.706,1.602,0.368,16.059,31.004
2026-04-24 10:20:31,2163,1,0,10.37,195.317,4.749,1.652,0.408,212.978,28.343
2026-04-24 10:20:31,2164,0,0,6.212,0.0,4.943,1.672,0.463,13.763,28.895
2026-04-24 10:20:31,2165,0,0,6.101,0.0,4.765,1.64,0.422,13.403,29.448
2026-04-24 10:20:31,2166,1,0,4.324,154.758,4.973,1.715,0.429,166.72,27.044
2026-04-24 10:20:31,2167,0,0,3.85,0.0,4.797,1.679,0.418,11.227,28.066
2026-04-24 10:20:31,2168,0,0,6.325,0.0,5.178,1.643,0.426,14.063,28.714
2026-04-24 10:20:31,2169,1,1,6.58,155.866,5.234,1.659,0.417,170.753,26.38
2026-04-24 10:20:31,2170,0,1,9.029,0.0,4.841,1.545,0.388,16.247,27.328
2026-04-24 10:20:31,2171,0,1,9.744,0.0,5.54,1.66,0.404,17.808,28.156
2026-04-24 10:20:31,2172,1,1,4.423,141.321,5.252,1.591,0.393,153.963,25.923
2026-04-24 10:20:31,2173,0,1,7.694,0.0,5.634,1.754,0.428,16.024,26.879
2026-04-24 10:20:31,2174,0,1,7.557,0.0,5.052,1.641,0.411,15.152,27.765
2026-04-24 10:20:32,2175,1,1,10.757,250.772,6.079,1.772,0.424,270.85,25.344
2026-04-24 10:20:32,2176,0,1,9.877,0.0,5.166,1.72,0.387,17.616,26.294
2026-04-24 10:20:32,2177,0,1,10.762,0.0,4.947,1.661,0.443,18.297,27.141
2026-04-24 10:20:32,2178,1,1,2.424,180.274,6.074,1.612,0.413,191.743,24.9
2026-04-24 10:20:32,2179,0,1,3.581,0.0,4.673,1.829,0.756,11.347,25.932
2026-04-24 10:20:32,2180,0,1,7.357,0.0,4.846,1.659,0.448,14.785,27.714
2026-04-24 10:20:32,2181,1,0,11.314,148.814,4.484,1.554,0.376,166.99,25.489
2026-04-24 10:20:32,2182,0,0,6.572,0.0,5.019,1.715,0.402,14.22,26.739
2026-04-24 10:20:32,2183,0,0,5.281,0.0,4.472,1.539,0.404,12.106,27.684
2026-04-24 10:20:32,2184,1,0,2.079,136.749,4.567,1.612,0.402,145.881,25.541
2026-04-24 10:20:32,2185,0,0,2.528,0.0,4.81,1.602,0.391,9.806,26.152
2026-04-24 10:20:33,2186,0,0,9.632,0.0,4.373,1.582,0.4,16.462,27.295
2026-04-24 10:20:33,2187,1,1,10.09,170.439,4.915,1.628,0.38,188.366,25.084
2026-04-24 10:20:33,2188,0,1,7.448,0.0,5.411,1.752,0.433,15.645,25.548
2026-04-24 10:20:33,2189,0,1,14.025,0.0,5.021,1.674,0.402,21.605,26.632
2026-04-24 10:20:33,2190,1,1,16.845,133.533,5.636,1.752,0.426,159.167,24.523
2026-04-24 10:20:33,2191,0,1,1.582,0.0,4.694,1.588,0.331,8.617,25.564
2026-04-24 10:20:33,2192,0,1,4.955,0.0,4.267,1.521,0.386,11.606,27.181
2026-04-24 10:20:33,2193,1,1,2.478,127.358,5.154,1.483,0.361,137.783,25.117
2026-04-24 10:20:33,2194,0,1,7.313,0.0,4.853,1.534,0.379,14.55,26.226
2026-04-24 10:20:33,2195,0,1,2.153,0.0,4.685,1.55,0.384,9.343,27.554
2026-04-24 10:20:33,2196,1,1,4.046,149.061,5.115,1.628,0.399,161.226,25.376
2026-04-24 10:20:33,2197,0,1,7.371,0.0,5.171,1.638,0.389,15.019,26.223
2026-04-24 10:20:33,2198,0,1,10.53,0.0,4.511,1.514,0.371,17.381,27.582
2026-04-24 10:20:34,2199,1,1,9.142,127.143,5.437,1.674,0.419,144.834,25.464
2026-04-24 10:20:34,2200,0,1,9.119,0.0,4.868,1.447,0.386,16.51,26.508
2026-04-24 10:20:34,2201,0,1,12.113,0.0,4.525,1.55,0.429,19.098,27.55
2026-04-24 10:20:34,2202,1,0,11.415,126.063,4.39,1.533,0.362,144.222,25.466
2026-04-24 10:20:34,2203,0,0,1.715,0.0,4.644,1.494,0.366,8.66,26.839
2026-04-24 10:20:34,2204,0,0,3.074,0.0,4.26,1.489,0.365,9.61,28.061
2026-04-24 10:20:34,2205,1,1,8.92,133.278,4.784,1.484,0.347,149.763,25.88
2026-04-24 10:20:34,2206,0,1,5.808,0.0,4.406,1.14,0.354,12.16,27.096
2026-04-24 10:20:34,2207,0,1,1.899,0.0,4.78,1.667,0.436,9.26,28.206
2026-04-24 10:20:34,2208,1,0,8.844,135.099,4.551,1.543,0.378,150.888,26.01
2026-04-24 10:20:34,2209,0,0,6.779,0.0,4.17,1.534,0.372,13.294,28.21
2026-04-24 10:20:34,2210,0,0,7.597,0.0,4.3,1.534,0.369,14.271,28.66
2026-04-24 10:20:34,2211,1,1,5.442,122.651,5.12,1.548,0.408,136.068,26.473
2026-04-24 10:20:34,2212,0,1,2.11,0.0,4.442,1.148,0.33,8.442,27.657
2026-04-24 10:20:34,2213,0,1,6.948,0.0,5.12,1.464,0.331,14.323,29.82
2026-04-24 10:20:35,2214,1,1,3.873,123.395,4.591,1.559,0.353,134.699,27.478
2026-04-24 10:20:35,2215,0,1,2.014,0.0,3.266,1.41,0.412,7.59,28.471
2026-04-24 10:20:35,2216,0,1,8.471,0.0,3.27,1.175,0.385,13.765,29.736
2026-04-24 10:20:35,2217,1,1,15.23,127.883,4.772,1.52,0.36,150.705,27.384
2026-04-24 10:20:35,2218,0,1,2.362,0.0,4.532,1.584,0.432,9.408,28.463
2026-04-24 10:20:35,2219,0,1,2.116,0.0,4.244,1.437,0.372,8.615,30.138
2026-04-24 10:20:35,2220,1,1,2.173,121.543,4.975,1.51,0.372,131.515,27.793
2026-04-24 10:20:35,2221,0,1,1.516,0.0,4.966,1.545,0.311,8.768,28.812
2026-04-24 10:20:35,2222,0,1,11.449,0.0,4.018,1.178,0.382,17.467,29.699
2026-04-24 10:20:35,2223,1,1,3.511,119.465,4.833,1.533,0.371,130.675,27.418
2026-04-24 10:20:35,2224,0,1,8.993,0.0,5.038,1.388,0.417,16.316,28.535
2026-04-24 10:20:35,2225,0,1,5.531,0.0,5.211,1.151,0.413,12.775,29.496
2026-04-24 10:20:35,2226,1,1,1.944,117.925,4.748,1.52,0.363,127.406,27.236
2026-04-24 10:20:35,2227,0,1,2.419,0.0,4.58,1.668,0.408,9.547,29.048
2026-04-24 10:20:35,2228,0,1,9.92,0.0,5.045,1.543,0.381,17.388,29.885
2026-04-24 10:20:36,2229,1,1,4.149,168.577,4.971,1.618,0.389,180.673,27.407
2026-04-24 10:20:36,2230,0,1,5.446,0.0,5.404,1.757,0.416,13.494,28.124
2026-04-24 10:20:36,2231,0,1,8.229,0.0,5.186,1.495,0.391,15.761,28.804
2026-04-24 10:20:36,2232,1,1,2.49,130.672,5.301,1.619,0.391,141.44,26.554
2026-04-24 10:20:36,2233,0,1,3.743,0.0,3.656,1.556,0.42,9.921,27.725
2026-04-24 10:20:36,2234,0,1,1.656,0.0,4.567,1.494,0.393,8.578,29.327
2026-04-24 10:20:36,2235,1,1,2.669,118.173,4.973,1.282,0.307,128.228,27.072
2026-04-24 10:20:36,2236,0,1,4.418,0.0,4.076,1.103,0.299,10.341,28.268
2026-04-24 10:20:36,2237,0,1,9.048,0.0,4.196,1.534,0.392,15.611,29.298
2026-04-24 10:20:36,2238,1,1,8.106,128.484,4.753,1.487,0.351,144.103,27.009
2026-04-24 10:20:36,2239,0,1,9.757,0.0,5.063,1.503,0.423,17.263,27.943
2026-04-24 10:20:36,2240,0,1,9.992,0.0,3.639,1.566,0.419,16.088,30.07
2026-04-24 10:20:36,2241,1,1,2.251,127.357,4.856,1.526,0.364,137.269,27.689
2026-04-24 10:20:37,2242,0,1,3.69,0.0,5.586,1.504,0.412,11.684,28.814
2026-04-24 10:20:37,2243,0,1,5.601,0.0,3.358,1.272,0.437,11.239,30.755
2026-04-24 10:20:37,2244,1,1,4.469,127.236,5.192,1.502,0.357,139.688,28.312
2026-04-24 10:20:37,2245,0,1,1.779,0.0,4.528,1.554,0.341,8.68,29.373
2026-04-24 10:20:37,2246,0,1,1.81,0.0,4.604,1.517,0.358,8.705,30.017
2026-04-24 10:20:37,2247,1,0,8.687,128.72,4.128,1.485,0.319,143.762,27.671
2026-04-24 10:20:37,2248,0,0,5.228,0.0,4.496,1.254,0.381,11.831,29.216
2026-04-24 10:20:37,2249,0,0,5.345,0.0,4.262,1.514,0.316,11.851,30.292
2026-04-24 10:20:37,2250,1,0,1.834,130.773,4.618,1.734,0.355,139.767,27.912
2026-04-24 10:20:37,2251,0,0,2.478,0.0,4.49,1.081,0.284,8.705,29.621
2026-04-24 10:20:37,2252,0,0,2.392,0.0,4.096,1.494,0.343,8.737,31.07
2026-04-24 10:20:37,2253,1,0,10.925,124.753,4.595,1.54,0.343,142.717,28.639
2026-04-24 10:20:37,2254,0,0,1.652,0.0,4.375,1.511,0.364,8.35,29.404
2026-04-24 10:20:37,2255,0,0,3.768,0.0,4.427,1.496,0.389,10.495,30.799
2026-04-24 10:20:37,2256,1,0,1.786,124.785,4.58,1.53,0.368,133.535,28.401
2026-04-24 10:20:38,2257,0,0,2.019,0.0,4.364,1.591,0.347,8.769,29.002
2026-04-24 10:20:38,2258,0,0,3.641,0.0,4.552,1.472,0.358,10.437,30.818
2026-04-24 10:20:38,2259,1,0,15.179,121.888,4.533,1.47,0.347,143.837,28.391
2026-04-24 10:20:38,2260,0,0,6.564,0.0,4.428,1.137,0.285,12.811,30.573
2026-04-24 10:20:38,2261,0,0,3.012,0.0,4.239,1.461,0.355,9.515,31.293
2026-04-24 10:20:38,2262,1,0,3.355,127.613,4.783,1.468,0.344,138.006,28.821
2026-04-24 10:20:38,2263,0,0,3.627,0.0,4.827,1.522,0.401,10.823,29.825
2026-04-24 10:20:38,2264,0,0,16.962,0.0,4.49,1.508,0.357,23.712,30.533
2026-04-24 10:20:38,2265,1,0,8.364,136.109,4.637,1.528,0.364,151.467,28.127
2026-04-24 10:20:38,2266,0,0,7.412,0.0,4.435,1.466,0.338,14.073,28.718
2026-04-24 10:20:38,2267,0,0,6.076,0.0,4.427,1.631,0.402,12.995,30.187
2026-04-24 10:20:38,2268,1,0,3.56,125.874,2.883,1.121,0.301,134.143,27.845
2026-04-24 10:20:38,2269,0,0,2.102,0.0,4.295,1.49,0.347,8.679,29.125
2026-04-24 10:20:38,2270,0,0,1.79,0.0,4.311,1.49,0.355,8.359,30.46
2026-04-24 10:20:38,2271,1,0,5.173,123.738,4.704,1.549,0.391,136.0,28.111
2026-04-24 10:20:39,2272,0,0,2.48,0.0,4.454,1.481,0.338,9.161,29.312
2026-04-24 10:20:39,2273,0,0,2.111,0.0,4.103,1.483,0.357,8.483,30.539
2026-04-24 10:20:39,2274,1,0,7.651,128.92,4.293,1.444,0.284,142.995,28.14
2026-04-24 10:20:39,2275,0,0,7.286,0.0,4.556,1.572,0.373,14.228,30.52
2026-04-24 10:20:39,2276,0,0,2.334,0.0,4.358,1.457,0.359,8.919,30.841
2026-04-24 10:20:39,2277,1,0,1.978,130.429,4.31,1.533,0.358,139.108,28.413
2026-04-24 10:20:39,2278,0,0,5.818,0.0,4.19,1.562,0.365,12.377,30.363
2026-04-24 10:20:39,2279,0,0,1.747,0.0,4.576,1.497,0.341,8.586,30.866
2026-04-24 10:20:39,2280,1,0,2.095,131.186,4.501,1.569,0.358,140.199,28.426
2026-04-24 10:20:39,2281,0,0,2.193,0.0,4.482,1.466,0.394,8.972,29.712
2026-04-24 10:20:39,2282,0,0,6.743,0.0,4.131,1.493,0.344,13.108,31.75
2026-04-24 10:20:39,2283,1,0,3.608,125.643,4.32,1.544,0.357,135.947,29.244
2026-04-24 10:20:39,2284,0,0,2.011,0.0,4.219,1.519,0.349,8.563,30.104
2026-04-24 10:20:39,2285,0,0,1.916,0.0,4.664,1.543,0.378,8.965,31.223
2026-04-24 10:20:40,2286,1,0,2.216,213.643,4.394,1.52,0.343,222.548,28.544
2026-04-24 10:20:40,2287,0,0,4.747,0.0,4.361,1.496,0.348,11.349,30.57
2026-04-24 10:20:40,2288,0,0,2.575,0.0,4.415,1.579,0.374,9.374,31.768
2026-04-24 10:20:40,2289,1,0,8.59,129.248,4.354,1.516,0.368,144.51,29.254
2026-04-24 10:20:40,2290,0,0,8.951,0.0,4.156,1.489,0.361,15.372,30.723
2026-04-24 10:20:40,2291,0,0,1.951,0.0,4.241,1.463,0.348,8.502,31.568
2026-04-24 10:20:40,2292,1,0,4.867,119.891,4.39,1.456,0.354,131.41,29.108
2026-04-24 10:20:40,2293,0,0,4.238,0.0,4.359,1.501,0.373,10.906,30.872
2026-04-24 10:20:40,2294,0,0,2.067,0.0,4.288,1.525,0.351,8.697,31.612
2026-04-24 10:20:40,2295,1,0,6.493,130.173,3.251,1.456,0.341,142.126,29.105
2026-04-24 10:20:40,2296,0,0,1.743,0.0,4.441,1.578,0.394,8.599,30.428
2026-04-24 10:20:40,2297,0,0,2.008,0.0,4.145,1.529,0.344,8.465,31.405
2026-04-24 10:20:40,2298,1,0,1.97,138.418,5.227,1.635,0.388,148.118,28.874
2026-04-24 10:20:40,2299,0,0,4.101,0.0,4.281,1.429,0.324,10.536,29.96
2026-04-24 10:20:40,2300,0,0,5.482,0.0,4.469,1.481,0.394,12.259,32.008
2026-04-24 10:20:41,2301,1,1,1.893,126.203,5.136,1.49,0.355,136.079,29.456
2026-04-24 10:20:41,2302,0,1,9.299,0.0,4.789,1.368,0.366,16.26,30.387
2026-04-24 10:20:41,2303,0,1,3.766,0.0,4.529,1.486,0.386,10.649,31.449
2026-04-24 10:20:41,2304,1,0,9.922,125.077,4.323,1.512,0.364,141.644,28.965
2026-04-24 10:20:41,2305,0,0,2.02,0.0,4.316,1.475,0.335,8.56,30.855
2026-04-24 10:20:41,2306,0,0,2.508,0.0,4.277,1.641,0.376,9.291,32.284
2026-04-24 10:20:41,2307,1,0,7.922,132.567,4.462,1.564,0.362,147.337,29.716
2026-04-24 10:20:41,2308,0,0,2.521,0.0,4.465,1.472,0.375,9.254,30.306
2026-04-24 10:20:41,2309,0,0,2.454,0.0,4.192,1.48,0.356,8.911,31.871
2026-04-24 10:20:41,2310,1,0,2.428,123.361,3.642,1.47,0.343,131.664,29.39
2026-04-24 10:20:41,2311,0,0,1.687,0.0,4.492,1.651,0.379,8.657,29.648
2026-04-24 10:20:41,2312,0,0,7.611,0.0,4.19,1.526,0.338,14.081,31.852
2026-04-24 10:20:41,2313,1,0,2.492,122.843,4.369,1.488,0.346,131.995,29.328
2026-04-24 10:20:41,2314,0,0,4.178,0.0,4.059,1.566,0.369,10.616,31.067
2026-04-24 10:20:41,2315,0,0,2.051,0.0,4.132,1.48,0.322,8.394,32.066
2026-04-24 10:20:42,2316,1,1,5.049,125.094,4.299,1.086,0.287,136.72,29.535
2026-04-24 10:20:42,2317,0,1,2.651,0.0,4.777,1.531,0.397,9.825,32.09
2026-04-24 10:20:42,2318,0,1,1.734,0.0,4.291,1.837,0.671,8.987,32.532
2026-04-24 10:20:42,2319,1,1,2.254,126.718,4.319,1.476,0.373,136.03,29.946
2026-04-24 10:20:42,2320,0,1,9.321,0.0,4.655,1.506,0.384,16.316,31.169
2026-04-24 10:20:42,2321,0,1,3.14,0.0,4.318,1.466,0.336,9.67,32.419
2026-04-24 10:20:42,2322,1,0,3.39,122.285,4.46,1.493,0.464,132.576,29.883
2026-04-24 10:20:42,2323,0,0,5.011,0.0,2.95,1.069,0.26,9.655,31.848
2026-04-24 10:20:42,2324,0,0,5.589,0.0,4.437,1.515,0.362,12.394,33.613
2026-04-24 10:20:42,2325,1,1,1.948,160.828,5.465,1.611,0.393,171.238,30.779
2026-04-24 10:20:42,2326,0,1,3.834,0.0,4.83,1.525,0.416,11.074,31.32
2026-04-24 10:20:42,2327,0,1,1.956,0.0,4.408,1.535,0.423,8.967,31.975
2026-04-24 10:20:42,2328,1,0,2.134,138.393,4.407,1.644,0.365,147.402,29.394
2026-04-24 10:20:42,2329,0,0,1.582,0.0,4.181,1.443,0.345,7.974,30.076
2026-04-24 10:20:42,2330,0,0,13.749,0.0,4.574,1.522,0.361,20.643,30.477
2026-04-24 10:20:43,2331,1,1,10.657,135.813,4.237,1.645,0.368,153.73,28.023
2026-04-24 10:20:43,2332,0,1,9.394,0.0,4.653,1.524,0.379,16.377,28.788
2026-04-24 10:20:43,2333,0,1,10.468,0.0,4.011,1.452,0.35,16.691,29.765
2026-04-24 10:20:43,2334,1,1,11.327,150.901,4.233,1.575,0.355,169.33,27.354
2026-04-24 10:20:43,2335,0,1,2.694,0.0,3.837,1.43,0.295,8.671,28.915
2026-04-24 10:20:43,2336,0,1,1.925,0.0,3.503,1.451,0.382,7.675,30.067
2026-04-24 10:20:43,2337,1,1,1.7,125.728,3.398,1.077,0.256,133.006,27.725
2026-04-24 10:20:43,2338,0,1,2.041,0.0,4.1,1.497,0.35,8.415,29.806
2026-04-24 10:20:43,2339,0,1,8.498,0.0,4.129,1.564,0.388,15.017,30.996
2026-04-24 10:20:43,2340,1,0,3.535,125.008,4.735,1.694,0.393,135.827,28.58
2026-04-24 10:20:43,2341,0,0,1.58,0.0,4.62,1.478,0.374,8.494,29.139
2026-04-24 10:20:43,2342,0,0,1.658,0.0,4.401,1.504,0.363,8.36,30.196
2026-04-24 10:20:43,2343,1,1,7.746,119.142,4.423,1.572,0.368,134.182,27.876
2026-04-24 10:20:43,2344,0,1,2.658,0.0,3.912,1.521,0.383,8.92,29.313
2026-04-24 10:20:43,2345,0,1,5.034,0.0,4.045,1.565,0.383,11.503,30.238
2026-04-24 10:20:44,2346,1,0,1.906,120.819,4.297,1.541,0.382,129.408,27.907
2026-04-24 10:20:44,2347,0,0,4.473,0.0,4.369,1.499,0.351,11.121,29.224
2026-04-24 10:20:44,2348,0,0,1.636,0.0,4.371,1.534,0.364,8.341,30.152
2026-04-24 10:20:44,2349,1,1,5.018,124.91,4.039,1.514,0.344,136.711,27.816
2026-04-24 10:20:44,2350,0,1,2.084,0.0,3.052,1.29,0.328,7.178,28.817
2026-04-24 10:20:44,2351,0,1,3.463,0.0,3.47,1.492,0.369,9.303,30.38
2026-04-24 10:20:44,2352,1,1,7.746,123.979,4.188,1.546,0.351,138.757,28.005
2026-04-24 10:20:44,2353,0,1,6.524,0.0,4.015,1.132,0.291,12.367,29.072
2026-04-24 10:20:44,2354,0,1,10.809,0.0,4.585,1.696,0.399,17.932,30.309
2026-04-24 10:20:44,2355,1,1,5.91,125.491,4.17,1.523,0.332,138.33,27.939
2026-04-24 10:20:44,2356,0,1,6.345,0.0,3.956,1.489,0.331,12.545,29.227
2026-04-24 10:20:44,2357,0,1,7.068,0.0,4.289,1.524,0.371,13.677,30.464
2026-04-24 10:20:44,2358,1,1,5.327,128.21,4.729,1.514,0.356,141.12,28.071
2026-04-24 10:20:44,2359,0,1,2.508,0.0,3.881,1.099,0.29,8.193,29.218
2026-04-24 10:20:44,2360,0,1,9.481,0.0,4.549,1.501,0.371,16.357,29.918
2026-04-24 10:20:45,2361,1,0,10.095,119.786,2.732,1.465,0.346,134.874,27.611
2026-04-24 10:20:45,2362,0,0,8.185,0.0,4.403,1.479,0.335,14.811,30.047
2026-04-24 10:20:45,2363,0,0,5.319,0.0,4.556,1.4,0.321,12.005,30.61
2026-04-24 10:20:45,2364,1,1,2.19,120.833,4.672,1.501,0.339,130.577,28.249
2026-04-24 10:20:45,2365,0,1,7.591,0.0,4.877,1.506,0.378,14.809,29.421
2026-04-24 10:20:45,2366,0,1,9.945,0.0,4.689,1.486,0.373,16.895,30.247
2026-04-24 10:20:45,2367,1,1,10.327,141.505,4.673,1.499,0.341,159.261,27.811
2026-04-24 10:20:45,2368,0,1,1.861,0.0,4.624,1.503,0.385,8.846,29.693
2026-04-24 10:20:45,2369,0,1,7.247,0.0,4.664,1.515,0.365,14.218,30.709
2026-04-24 10:20:45,2370,1,0,1.813,128.728,4.476,1.524,0.337,137.309,28.301
2026-04-24 10:20:45,2371,0,0,2.152,0.0,4.511,1.471,0.348,8.91,29.494
2026-04-24 10:20:45,2372,0,0,2.579,0.0,4.55,1.447,0.347,9.335,30.936
2026-04-24 10:20:45,2373,1,0,1.626,118.167,4.485,1.532,0.371,126.634,28.583
2026-04-24 10:20:45,2374,0,0,7.035,0.0,4.475,1.508,0.339,13.776,29.646
2026-04-24 10:20:45,2375,0,0,2.506,0.0,3.705,1.108,0.274,7.993,30.779
2026-04-24 10:20:46,2376,1,0,2.508,130.183,4.284,1.538,0.356,139.33,28.36
2026-04-24 10:20:46,2377,0,0,2.498,0.0,4.633,1.461,0.349,9.355,29.203
2026-04-24 10:20:46,2378,0,0,2.007,0.0,2.819,1.061,0.257,6.506,30.544
2026-04-24 10:20:46,2379,1,1,7.154,116.685,5.897,1.61,0.376,132.804,28.183
2026-04-24 10:20:46,2380,0,1,7.61,0.0,6.164,1.526,0.387,16.182,29.327
2026-04-24 10:20:46,2381,0,1,11.49,0.0,5.762,1.588,0.392,19.696,29.59
2026-04-24 10:20:46,2382,1,1,12.622,132.818,5.753,1.545,0.477,154.181,27.227
2026-04-24 10:20:46,2383,0,1,10.026,0.0,7.036,1.572,0.383,19.453,28.072
2026-04-24 10:20:46,2384,0,1,10.674,0.0,6.109,1.533,0.408,19.226,28.697
2026-04-24 10:20:46,2385,1,1,6.78,122.93,6.081,1.582,0.417,138.798,26.487
2026-04-24 10:20:46,2386,0,1,6.166,0.0,5.254,1.177,0.321,13.328,27.998
2026-04-24 10:20:46,2387,0,1,11.973,0.0,6.15,1.544,0.384,20.509,28.77
2026-04-24 10:20:46,2388,1,1,2.571,128.471,5.922,1.698,0.447,140.101,26.532
2026-04-24 10:20:46,2389,0,1,2.153,0.0,5.708,1.526,0.381,10.259,28.154
2026-04-24 10:20:46,2390,0,1,3.93,0.0,5.533,1.527,0.319,11.765,29.71
2026-04-24 10:20:47,2391,1,1,3.051,123.942,5.675,1.535,0.369,135.567,27.394
2026-04-24 10:20:47,2392,0,1,8.988,0.0,5.932,1.345,0.406,17.146,28.214
2026-04-24 10:20:47,2393,0,1,2.157,0.0,5.543,1.484,0.37,10.014,30.141
2026-04-24 10:20:47,2394,1,1,4.555,157.144,6.043,1.598,0.399,170.687,27.661
2026-04-24 10:20:47,2395,0,1,11.036,0.0,6.409,1.549,0.407,19.841,28.246
2026-04-24 10:20:47,2396,0,1,9.956,0.0,6.333,1.625,0.473,18.932,28.809
2026-04-24 10:20:47,2397,1,0,4.262,273.13,4.667,1.671,0.389,284.605,26.26
2026-04-24 10:20:47,2398,0,0,8.036,0.0,4.712,1.548,0.368,15.096,27.324
2026-04-24 10:20:47,2399,0,0,3.03,0.0,4.692,1.532,0.359,10.044,28.513
2026-04-24 10:20:48,2400,1,1,4.579,206.989,4.809,1.601,0.401,219.359,26.087
2026-04-24 10:20:48,2401,0,1,1.947,0.0,5.731,1.744,0.503,10.434,26.612
2026-04-24 10:20:48,2402,0,1,2.232,0.0,5.353,1.734,0.472,10.317,26.811
2026-04-24 10:20:48,2403,1,1,2.118,196.547,4.155,1.608,0.403,205.882,24.572
2026-04-24 10:20:48,2404,0,1,4.927,0.0,4.405,1.737,0.417,11.944,25.496
2026-04-24 10:20:48,2405,0,1,12.949,0.0,3.794,1.556,0.443,19.217,26.43
2026-04-24 10:20:48,2406,1,2,8.038,216.346,6.716,1.677,0.435,234.451,24.191
2026-04-24 10:20:48,2407,0,2,8.321,0.0,6.348,1.573,0.414,17.124,24.771
2026-04-24 10:20:48,2408,0,2,15.404,0.0,5.771,1.526,0.41,23.633,25.381
2026-04-24 10:20:48,2409,1,0,12.896,208.216,4.856,1.533,0.411,228.39,23.264
2026-04-24 10:20:48,2410,0,0,9.83,0.0,4.413,1.582,0.379,16.709,25.442
2026-04-24 10:20:48,2411,0,0,3.878,0.0,4.312,1.503,0.384,10.511,26.189
2026-04-24 10:20:49,2412,1,1,2.28,163.095,4.716,1.74,0.444,173.251,24.083
2026-04-24 10:20:49,2413,0,1,3.242,0.0,4.465,1.61,0.399,10.176,25.154
2026-04-24 10:20:49,2414,0,1,9.938,0.0,4.74,1.757,0.445,17.383,25.935
2026-04-24 10:20:49,2415,1,0,10.188,136.843,4.42,1.623,0.424,153.973,23.952
2026-04-24 10:20:49,2416,0,0,9.532,0.0,4.31,1.503,0.387,16.16,24.944
2026-04-24 10:20:49,2417,0,0,5.615,0.0,4.941,1.592,0.388,12.964,26.337
2026-04-24 10:20:49,2418,1,0,8.276,197.154,4.407,1.789,0.483,212.618,24.156
2026-04-24 10:20:49,2419,0,0,4.276,0.0,4.548,1.517,0.363,11.149,24.83
2026-04-24 10:20:49,2420,0,0,2.172,0.0,4.375,1.635,0.383,8.987,25.951
2026-04-24 10:20:49,2421,1,0,11.958,131.932,4.481,1.593,0.622,151.095,23.987
2026-04-24 10:20:49,2422,0,0,4.686,0.0,4.25,1.48,0.354,11.178,24.871
2026-04-24 10:20:49,2423,0,0,9.387,0.0,4.668,1.588,0.41,16.493,26.318
2026-04-24 10:20:50,2424,1,0,8.264,172.124,4.459,1.562,0.418,187.322,24.194
2026-04-24 10:20:50,2425,0,0,5.929,0.0,4.481,1.599,0.36,12.853,26.149
2026-04-24 10:20:50,2426,0,0,1.966,0.0,4.126,1.53,0.464,8.531,27.267
2026-04-24 10:20:50,2427,1,0,7.783,127.23,4.525,1.592,0.382,141.972,25.233
2026-04-24 10:20:50,2428,0,0,1.984,0.0,2.908,1.064,0.275,6.622,26.068
2026-04-24 10:20:50,2429,0,0,2.458,0.0,4.515,1.542,0.385,9.354,27.757
2026-04-24 10:20:50,2430,1,0,7.501,120.54,3.068,1.499,0.401,133.684,25.7
2026-04-24 10:20:50,2431,0,0,2.424,0.0,4.736,1.481,0.369,9.45,26.819
2026-04-24 10:20:50,2432,0,0,4.67,0.0,4.259,1.489,0.332,11.164,28.389
2026-04-24 10:20:50,2433,1,0,3.701,126.035,4.381,1.485,0.349,136.392,26.24
2026-04-24 10:20:50,2434,0,0,2.466,0.0,4.11,1.468,0.394,8.943,27.098
2026-04-24 10:20:50,2435,0,0,5.774,0.0,3.145,1.417,0.358,11.154,28.88
2026-04-24 10:20:50,2436,1,0,4.831,128.502,4.499,1.098,0.287,139.62,26.646
2026-04-24 10:20:50,2437,0,0,2.482,0.0,4.244,1.481,0.358,9.002,27.525
2026-04-24 10:20:50,2438,0,0,3.629,0.0,2.968,1.124,0.272,8.37,29.363
2026-04-24 10:20:51,2439,1,0,2.473,116.708,4.328,1.495,0.363,125.811,27.149
2026-04-24 10:20:51,2440,0,0,2.49,0.0,4.53,1.468,0.366,9.283,28.909
2026-04-24 10:20:51,2441,0,0,5.274,0.0,4.351,1.502,0.335,11.902,30.538
2026-04-24 10:20:51,2442,1,0,2.197,121.866,4.413,1.539,0.367,130.852,28.176
2026-04-24 10:20:51,2443,0,0,6.167,0.0,3.057,1.254,0.37,11.224,30.63
2026-04-24 10:20:51,2444,0,0,2.183,0.0,4.174,1.563,0.359,8.701,31.381
2026-04-24 10:20:51,2445,1,0,6.052,119.894,4.449,1.48,0.351,132.684,28.93
2026-04-24 10:20:51,2446,0,0,6.821,0.0,4.592,1.525,0.363,13.771,30.832
2026-04-24 10:20:51,2447,0,0,2.262,0.0,4.193,1.507,0.33,8.71,31.628
2026-04-24 10:20:51,2448,1,0,5.354,123.389,4.351,1.461,0.355,135.373,29.166
2026-04-24 10:20:51,2449,0,0,5.394,0.0,4.314,1.506,0.359,12.002,30.62
2026-04-24 10:20:51,2450,0,0,1.904,0.0,4.069,1.52,0.352,8.274,31.726
2026-04-24 10:20:51,2451,1,0,2.522,120.914,2.88,1.108,0.302,128.121,29.236
2026-04-24 10:20:51,2452,0,0,2.402,0.0,4.06,1.448,0.333,8.652,31.419
2026-04-24 10:20:51,2453,0,0,6.73,0.0,4.536,1.503,0.388,13.591,33.299
2026-04-24 10:20:52,2454,1,0,4.097,121.6,3.294,1.511,0.302,131.213,30.653
2026-04-24 10:20:52,2455,0,0,1.676,0.0,4.564,1.491,0.395,8.587,31.485
2026-04-24 10:20:52,2456,0,0,6.981,0.0,4.181,1.523,0.35,13.502,32.413
2026-04-24 10:20:52,2457,1,0,2.482,131.561,4.877,1.531,0.387,141.307,29.824
2026-04-24 10:20:52,2458,0,0,3.618,0.0,4.417,1.507,0.359,10.308,30.86
2026-04-24 10:20:52,2459,0,0,11.158,0.0,4.333,1.755,0.423,18.12,31.42
2026-04-24 10:20:52,2460,1,0,4.818,136.115,4.517,1.542,0.369,147.851,28.89
2026-04-24 10:20:52,2461,0,0,2.913,0.0,4.566,1.57,0.431,9.964,29.59
2026-04-24 10:20:52,2462,0,0,3.259,0.0,3.19,1.556,0.406,8.89,30.717
2026-04-24 10:20:52,2463,1,0,2.934,132.454,4.458,1.465,0.36,142.121,28.288
2026-04-24 10:20:52,2464,0,0,2.303,0.0,4.371,1.507,0.324,8.9,29.498
2026-04-24 10:20:52,2465,0,0,1.591,0.0,2.984,1.083,0.268,6.305,30.563
2026-04-24 10:20:52,2466,1,0,11.936,125.674,4.384,1.447,0.365,144.237,28.16
2026-04-24 10:20:52,2467,0,0,3.112,0.0,4.459,1.411,0.298,9.688,29.79
2026-04-24 10:20:52,2468,0,0,10.578,0.0,4.041,1.557,0.399,16.966,30.358
2026-04-24 10:20:53,2469,1,0,11.544,115.928,3.406,1.365,0.332,132.978,28.005
2026-04-24 10:20:53,2470,0,0,2.409,0.0,4.162,1.376,0.293,8.612,30.226
2026-04-24 10:20:53,2471,0,0,6.91,0.0,4.248,1.453,0.335,13.363,30.953
2026-04-24 10:20:53,2472,1,0,10.563,115.588,4.347,1.383,0.31,132.59,28.542
2026-04-24 10:20:53,2473,0,0,2.521,0.0,4.19,1.447,0.328,8.859,30.046
2026-04-24 10:20:53,2474,0,0,15.011,0.0,4.243,1.386,0.311,21.335,29.754
2026-04-24 10:20:53,2475,1,0,14.138,133.772,3.83,1.404,0.305,153.877,27.386
2026-04-24 10:20:53,2476,0,0,2.337,0.0,3.519,1.273,0.313,7.838,29.09
2026-04-24 10:20:53,2477,0,0,3.675,0.0,3.962,1.375,0.285,9.654,31.532
2026-04-24 10:20:53,2478,1,0,2.194,121.96,4.155,1.455,0.338,130.525,29.103
2026-04-24 10:20:53,2479,0,0,2.524,0.0,4.431,1.443,0.332,9.186,29.604
2026-04-24 10:20:53,2480,0,0,1.97,0.0,4.268,1.04,0.264,7.919,31.555
2026-04-24 10:20:53,2481,1,0,9.223,119.183,3.151,1.054,0.269,133.285,29.097
2026-04-24 10:20:53,2482,0,0,1.778,0.0,3.396,1.014,0.278,6.839,30.869
2026-04-24 10:20:53,2483,0,0,2.503,0.0,4.172,1.219,0.294,8.565,33.13
2026-04-24 10:20:54,2484,1,0,2.742,125.433,4.33,1.479,0.357,134.762,30.501
2026-04-24 10:20:54,2485,0,0,7.539,0.0,4.53,1.412,0.354,14.219,31.638
2026-04-24 10:20:54,2486,0,0,3.147,0.0,4.125,1.437,0.334,9.476,32.913
2026-04-24 10:20:54,2487,1,0,3.308,120.326,4.364,1.477,0.389,130.328,30.319
2026-04-24 10:20:54,2488,0,0,6.032,0.0,4.077,1.482,0.377,12.359,32.008
2026-04-24 10:20:54,2489,0,0,2.54,0.0,4.157,1.459,0.37,8.971,32.499
2026-04-24 10:20:54,2490,1,0,4.944,123.836,4.199,1.55,0.426,135.438,29.944
2026-04-24 10:20:54,2491,0,0,2.463,0.0,4.037,1.531,0.392,8.864,30.161
2026-04-24 10:20:54,2492,0,0,7.38,0.0,4.153,1.476,0.399,13.858,32.264
2026-04-24 10:20:54,2493,1,0,5.516,137.97,4.542,1.541,0.423,150.446,29.643
2026-04-24 10:20:54,2494,0,0,8.645,0.0,4.106,1.464,0.388,15.065,30.053
2026-04-24 10:20:54,2495,0,0,4.977,0.0,4.063,1.555,0.385,11.402,31.033
2026-04-24 10:20:54,2496,1,0,5.363,117.736,4.487,1.522,0.379,129.965,28.634
2026-04-24 10:20:54,2497,0,0,6.873,0.0,3.734,1.414,0.386,12.82,30.22
2026-04-24 10:20:54,2498,0,0,2.134,0.0,4.05,1.515,0.345,8.481,31.265
2026-04-24 10:20:55,2499,1,1,6.795,122.185,5.354,1.531,0.391,137.228,28.82
2026-04-24 10:20:55,2500,0,1,6.128,0.0,4.827,1.52,0.388,13.37,29.825
2026-04-24 10:20:55,2501,0,1,1.905,0.0,4.438,1.449,0.366,8.592,30.606
2026-04-24 10:20:55,2502,1,2,2.12,117.673,6.016,1.461,0.41,128.828,28.225
2026-04-24 10:20:55,2503,0,2,2.042,0.0,5.714,1.517,0.478,10.229,29.836
2026-04-24 10:20:55,2504,0,2,9.112,0.0,5.595,1.585,0.377,17.132,31.327
2026-04-24 10:20:55,2505,1,0,3.873,116.547,4.264,1.478,0.354,126.954,28.902
2026-04-24 10:20:55,2506,0,0,2.852,0.0,3.005,1.051,0.284,7.549,29.79
2026-04-24 10:20:55,2507,0,0,5.929,0.0,4.386,1.481,0.346,12.564,32.782
2026-04-24 10:20:55,2508,1,0,3.697,218.38,4.202,1.409,0.335,228.441,29.914
2026-04-24 10:20:55,2509,0,0,2.458,0.0,3.969,1.541,0.365,8.845,31.338
2026-04-24 10:20:55,2510,0,0,2.136,0.0,3.823,1.353,0.327,8.043,32.345
2026-04-24 10:20:55,2511,1,0,2.169,122.568,4.231,1.394,0.343,131.15,29.805
2026-04-24 10:20:55,2512,0,0,5.894,0.0,3.834,1.477,0.351,11.99,31.418
2026-04-24 10:20:55,2513,0,0,1.924,0.0,4.055,1.434,0.36,8.174,32.183
2026-04-24 10:20:56,2514,1,0,2.522,116.711,2.661,1.302,0.336,123.953,29.7
2026-04-24 10:20:56,2515,0,0,3.942,0.0,3.716,1.042,0.265,9.322,31.34
2026-04-24 10:20:56,2516,0,0,6.18,0.0,4.038,1.435,0.311,12.356,33.273
2026-04-24 10:20:56,2517,1,1,2.544,123.31,4.712,1.404,0.335,133.188,30.601
2026-04-24 10:20:56,2518,0,1,7.172,0.0,4.764,1.509,0.353,14.197,31.596
2026-04-24 10:20:56,2519,0,1,5.551,0.0,4.514,1.584,0.368,12.44,32.227
2026-04-24 10:20:56,2520,1,0,1.76,132.018,4.267,1.465,0.381,140.375,29.662
2026-04-24 10:20:56,2521,0,0,2.397,0.0,4.153,1.396,0.325,8.679,30.487
2026-04-24 10:20:56,2522,0,0,1.765,0.0,4.077,1.424,0.321,7.989,31.775
2026-04-24 10:20:56,2523,1,1,29.172,119.04,5.459,1.379,0.385,156.352,29.198
2026-04-24 10:20:56,2524,0,1,9.134,0.0,5.749,1.468,0.41,17.235,30.372
2026-04-24 10:20:56,2525,0,1,7.201,0.0,5.648,1.385,0.319,15.003,31.339
2026-04-24 10:20:56,2526,1,1,3.792,124.31,6.067,1.482,0.385,136.942,28.851
2026-04-24 10:20:56,2527,0,1,3.345,0.0,5.751,1.569,0.399,11.541,29.689
2026-04-24 10:20:56,2528,0,1,4.6,0.0,6.352,1.533,0.413,13.347,29.795
2026-04-24 10:20:57,2529,1,1,8.17,125.312,4.629,1.134,0.296,140.66,27.465
2026-04-24 10:20:57,2530,0,1,6.882,0.0,5.981,1.488,0.35,15.199,28.751
2026-04-24 10:20:57,2531,0,1,1.576,0.0,5.527,1.492,0.38,9.432,29.778
2026-04-24 10:20:57,2532,1,1,3.567,117.303,5.646,1.436,0.398,129.171,27.495
2026-04-24 10:20:57,2533,0,1,7.111,0.0,5.914,1.5,0.366,15.36,28.55
2026-04-24 10:20:57,2534,0,1,2.449,0.0,5.62,1.483,0.46,10.464,29.815
2026-04-24 10:20:57,2535,1,1,12.052,122.754,5.628,1.477,0.352,143.221,27.481
2026-04-24 10:20:57,2536,0,1,5.641,0.0,3.881,1.181,0.295,11.404,29.133
2026-04-24 10:20:57,2537,0,1,11.552,0.0,6.035,1.506,0.404,19.973,29.839
2026-04-24 10:20:57,2538,1,1,2.409,123.009,6.105,1.5,0.383,134.36,27.522
2026-04-24 10:20:57,2539,0,1,7.654,0.0,6.107,1.501,0.393,16.123,28.275
2026-04-24 10:20:57,2540,0,1,4.479,0.0,5.861,1.505,0.378,12.71,29.651
2026-04-24 10:20:57,2541,1,1,11.969,122.406,5.63,1.481,0.378,142.791,27.331
2026-04-24 10:20:57,2542,0,1,3.667,0.0,5.846,1.658,0.377,11.982,28.258
2026-04-24 10:20:58,2543,0,1,3.408,0.0,5.238,1.044,0.291,10.425,29.88
2026-04-24 10:20:58,2544,1,1,3.01,118.321,5.726,1.492,0.396,129.892,27.567
2026-04-24 10:20:58,2545,0,1,1.742,0.0,5.831,1.47,0.413,9.937,29.583
2026-04-24 10:20:58,2546,0,1,4.411,0.0,3.563,1.042,0.296,9.675,31.094
2026-04-24 10:20:58,2547,1,1,1.696,116.344,4.556,1.061,0.28,124.854,28.673
2026-04-24 10:20:58,2548,0,1,2.176,0.0,5.579,1.436,0.386,10.027,30.27
2026-04-24 10:20:58,2549,0,1,8.483,0.0,4.094,1.444,0.391,14.858,32.193
2026-04-24 10:20:58,2550,1,1,5.783,119.058,5.813,1.451,0.373,133.37,29.636
2026-04-24 10:20:58,2551,0,1,2.569,0.0,5.573,1.438,0.39,10.41,30.739
2026-04-24 10:20:58,2552,0,1,3.724,0.0,5.211,1.423,0.381,11.234,31.49
2026-04-24 10:20:58,2553,1,1,10.047,127.416,5.617,1.452,0.364,145.786,28.987
2026-04-24 10:20:58,2554,0,1,6.729,0.0,4.663,1.069,0.358,13.353,29.688
2026-04-24 10:20:58,2555,0,1,6.816,0.0,5.642,1.469,0.401,14.775,30.669
2026-04-24 10:20:58,2556,1,1,6.686,115.505,5.862,1.5,0.408,130.921,28.312
2026-04-24 10:20:58,2557,0,1,3.875,0.0,5.816,1.463,0.383,11.991,29.341
2026-04-24 10:20:58,2558,0,1,6.049,0.0,3.731,1.23,0.328,11.785,31.403
2026-04-24 10:20:59,2559,1,1,2.885,119.378,5.9,1.463,0.356,130.936,28.926
2026-04-24 10:20:59,2560,0,1,5.733,0.0,4.742,1.328,0.387,12.647,29.768
2026-04-24 10:20:59,2561,0,1,10.457,0.0,5.364,1.514,0.393,18.17,30.463
2026-04-24 10:20:59,2562,1,1,1.629,131.347,5.931,1.457,0.372,141.662,28.04
2026-04-24 10:20:59,2563,0,1,2.59,0.0,5.914,1.681,0.408,11.076,28.9
2026-04-24 10:20:59,2564,0,1,1.881,0.0,5.488,1.493,0.398,9.729,30.449
2026-04-24 10:20:59,2565,1,1,2.256,118.456,5.838,1.476,0.423,129.425,28.078
2026-04-24 10:20:59,2566,0,1,7.908,0.0,5.839,1.539,0.415,16.218,29.708
2026-04-24 10:20:59,2567,0,1,3.086,0.0,5.886,1.425,0.406,11.263,29.814
2026-04-24 10:20:59,2568,1,1,11.008,128.552,5.656,1.439,0.354,147.958,27.469
2026-04-24 10:20:59,2569,0,1,4.303,0.0,5.66,1.423,0.351,12.16,28.727
2026-04-24 10:20:59,2570,0,1,1.756,0.0,5.6,1.393,0.368,9.577,29.347
2026-04-24 10:20:59,2571,1,1,4.263,115.632,5.522,1.125,0.321,127.744,27.133
2026-04-24 10:20:59,2572,0,1,2.224,0.0,5.132,1.243,0.392,9.429,28.298
2026-04-24 10:20:59,2573,0,1,6.366,0.0,5.526,1.387,0.35,14.061,29.268
2026-04-24 10:21:00,2574,1,1,5.317,119.27,4.39,1.054,0.281,131.182,27.022
2026-04-24 10:21:00,2575,0,1,1.597,0.0,5.849,1.449,0.389,9.754,28.319
2026-04-24 10:21:00,2576,0,1,2.465,0.0,5.509,1.603,0.377,10.488,29.321
2026-04-24 10:21:00,2577,1,1,10.425,114.377,5.227,1.468,0.36,132.815,27.09
2026-04-24 10:21:00,2578,0,1,7.321,0.0,5.38,1.298,0.355,14.754,28.104
2026-04-24 10:21:00,2579,0,1,2.405,0.0,5.327,1.388,0.362,9.938,29.824
2026-04-24 10:21:00,2580,1,1,6.424,119.063,6.253,1.49,0.382,134.548,27.521
2026-04-24 10:21:00,2581,0,1,4.001,0.0,3.875,1.042,0.36,9.722,28.517
2026-04-24 10:21:00,2582,0,1,1.616,0.0,5.509,1.497,0.402,9.497,29.653
2026-04-24 10:21:00,2583,1,1,11.17,118.97,5.329,1.45,0.362,138.182,27.361
2026-04-24 10:21:00,2584,0,1,2.673,0.0,5.852,1.381,0.386,10.715,28.301
2026-04-24 10:21:00,2585,0,1,5.115,0.0,5.617,1.399,0.366,12.943,29.407
2026-04-24 10:21:00,2586,1,1,6.497,120.923,5.779,1.425,0.381,136.015,27.138
2026-04-24 10:21:00,2587,0,1,7.411,0.0,5.8,1.352,0.432,15.432,28.132
2026-04-24 10:21:00,2588,0,1,4.47,0.0,5.705,1.395,0.365,12.385,28.987
2026-04-24 10:21:01,2589,1,1,2.448,110.972,5.827,1.443,0.359,122.117,26.802
2026-04-24 10:21:01,2590,0,1,18.433,0.0,5.597,1.516,0.403,26.425,27.153
2026-04-24 10:21:01,2591,0,1,5.257,0.0,5.894,1.408,0.36,13.313,28.2
2026-04-24 10:21:01,2592,1,1,7.191,123.109,3.924,1.409,0.34,136.826,26.038
2026-04-24 10:21:01,2593,0,1,2.359,0.0,3.846,1.5,0.377,8.55,27.57
2026-04-24 10:21:01,2594,0,1,1.742,0.0,4.017,1.616,0.378,8.202,28.832
2026-04-24 10:21:01,2595,1,1,11.838,133.535,3.962,1.493,0.347,152.039,26.566
2026-04-24 10:21:01,2596,0,1,6.702,0.0,4.056,1.509,0.411,13.094,27.834
2026-04-24 10:21:01,2597,0,1,8.046,0.0,4.458,1.542,0.417,14.893,28.849
2026-04-24 10:21:01,2598,1,0,2.328,126.817,2.685,1.076,0.284,133.603,26.622
2026-04-24 10:21:01,2599,0,0,5.328,0.0,3.992,1.434,0.361,11.542,29.116
2026-04-24 10:21:01,2600,0,0,2.206,0.0,4.237,1.454,0.444,8.856,30.314
2026-04-24 10:21:01,2601,1,1,9.902,116.868,3.938,1.462,0.421,133.435,28.009
2026-04-24 10:21:01,2602,0,1,2.031,0.0,3.615,1.483,0.389,7.966,28.475
2026-04-24 10:21:01,2603,0,1,3.258,0.0,3.5,1.345,0.327,8.832,30.229
2026-04-24 10:21:02,2604,1,0,2.124,116.88,3.989,1.438,0.345,125.226,27.921
2026-04-24 10:21:02,2605,0,0,2.414,0.0,4.184,1.341,0.348,8.708,29.271
2026-04-24 10:21:02,2606,0,0,7.228,0.0,3.91,1.351,0.303,13.193,30.956
2026-04-24 10:21:02,2607,1,1,7.294,122.761,3.884,1.394,0.331,136.513,28.526
2026-04-24 10:21:02,2608,0,1,1.68,0.0,3.098,1.228,0.359,6.814,29.531
2026-04-24 10:21:02,2609,0,1,2.458,0.0,3.273,1.375,0.351,7.875,31.855
2026-04-24 10:21:02,2610,1,0,4.387,117.307,4.225,1.566,0.43,128.36,29.405
2026-04-24 10:21:02,2611,0,0,1.893,0.0,4.086,1.539,0.343,8.27,30.196
2026-04-24 10:21:02,2612,0,0,3.96,0.0,3.628,0.983,0.256,9.185,31.717
2026-04-24 10:21:02,2613,1,0,15.064,117.963,4.158,1.423,0.333,139.384,29.233
2026-04-24 10:21:02,2614,0,0,2.44,0.0,4.135,1.474,0.357,8.839,30.523
2026-04-24 10:21:02,2615,0,0,3.651,0.0,2.724,0.982,0.252,7.972,32.345
2026-04-24 10:21:02,2616,1,0,2.448,127.542,4.288,1.434,0.337,136.482,29.779
2026-04-24 10:21:02,2617,0,0,7.764,0.0,3.9,1.445,0.348,13.873,32.333
2026-04-24 10:21:02,2618,0,0,2.085,0.0,3.899,1.332,0.325,8.059,33.088
2026-04-24 10:21:03,2619,1,1,2.461,113.639,5.235,1.469,0.37,124.074,30.499
2026-04-24 10:21:03,2620,0,1,8.719,0.0,4.772,1.569,0.409,15.954,32.583
2026-04-24 10:21:03,2621,0,1,2.282,0.0,4.658,1.489,0.413,9.3,34.625
2026-04-24 10:21:03,2622,1,0,10.598,219.863,4.027,1.491,0.353,236.763,31.569
2026-04-24 10:21:03,2623,0,0,2.489,0.0,4.396,1.571,0.358,9.26,32.267
2026-04-24 10:21:03,2624,0,0,8.838,0.0,4.34,1.507,0.353,15.433,33.109
2026-04-24 10:21:03,2625,1,2,1.81,168.775,6.404,1.642,0.39,180.466,30.309
2026-04-24 10:21:03,2626,0,2,1.937,0.0,6.046,1.609,0.409,10.433,30.636
2026-04-24 10:21:03,2627,0,2,10.182,0.0,6.073,1.473,0.387,18.562,31.169
2026-04-24 10:21:03,2628,1,1,7.319,163.14,5.16,1.484,0.353,178.374,28.576
2026-04-24 10:21:03,2629,0,1,7.268,0.0,4.805,1.62,0.401,14.532,29.305
2026-04-24 10:21:03,2630,0,1,8.009,0.0,4.562,1.441,0.358,14.797,30.119
2026-04-24 10:21:04,2631,1,1,8.838,126.229,4.576,1.425,0.358,142.268,27.763
2026-04-24 10:21:04,2632,0,1,8.705,0.0,5.272,1.418,0.377,16.228,28.933
2026-04-24 10:21:04,2633,0,1,3.668,0.0,4.608,1.42,0.4,10.585,29.975
2026-04-24 10:21:04,2634,1,1,1.726,123.371,4.57,1.453,0.35,132.354,27.641
2026-04-24 10:21:04,2635,0,1,1.757,0.0,5.495,1.579,0.442,9.723,28.763
2026-04-24 10:21:04,2636,0,1,3.485,0.0,4.389,1.569,0.398,10.296,30.058
2026-04-24 10:21:04,2637,1,1,11.572,129.009,4.421,1.42,0.345,147.691,27.681
2026-04-24 10:21:04,2638,0,1,2.673,0.0,4.568,1.471,0.385,9.523,28.875
2026-04-24 10:21:04,2639,0,1,8.905,0.0,4.226,1.482,0.401,15.428,29.544
2026-04-24 10:21:04,2640,1,1,6.291,131.864,4.209,1.443,0.366,145.029,27.221
2026-04-24 10:21:04,2641,0,1,3.032,0.0,4.445,1.543,0.44,9.943,28.151
2026-04-24 10:21:04,2642,0,1,2.084,0.0,4.133,1.479,0.368,8.519,29.112
2026-04-24 10:21:04,2643,1,1,1.739,144.448,4.933,1.427,0.368,153.804,26.777
2026-04-24 10:21:04,2644,0,1,9.07,0.0,4.644,1.443,0.371,15.948,27.779
2026-04-24 10:21:04,2645,0,1,11.421,0.0,4.546,1.46,0.404,18.294,28.779
2026-04-24 10:21:05,2646,1,1,5.047,140.294,5.241,1.545,0.37,153.411,26.493
2026-04-24 10:21:05,2647,0,1,7.975,0.0,4.447,1.447,0.362,14.648,27.496
2026-04-24 10:21:05,2648,0,1,8.54,0.0,5.098,1.423,0.38,15.887,28.819
2026-04-24 10:21:05,2649,1,0,7.735,130.67,4.439,1.524,0.36,145.161,26.592
2026-04-24 10:21:05,2650,0,0,7.033,0.0,3.991,1.04,0.278,12.716,27.747
2026-04-24 10:21:05,2651,0,0,1.758,0.0,4.097,1.298,0.324,7.882,29.861
2026-04-24 10:21:05,2652,1,0,6.46,123.908,4.003,1.451,0.339,136.577,27.565
2026-04-24 10:21:05,2653,0,0,8.758,0.0,4.179,1.417,0.344,15.078,29.715
2026-04-24 10:21:05,2654,0,0,6.692,0.0,4.112,1.416,0.324,12.917,29.981
2026-04-24 10:21:05,2655,1,1,15.655,125.44,4.75,1.233,0.284,148.215,27.64
2026-04-24 10:21:05,2656,0,1,6.91,0.0,4.542,1.467,0.402,13.748,29.917
2026-04-24 10:21:05,2657,0,1,2.733,0.0,4.295,1.395,0.343,9.216,30.293
2026-04-24 10:21:05,2658,1,1,8.057,122.266,4.595,1.413,0.35,137.567,27.944
2026-04-24 10:21:05,2659,0,1,2.363,0.0,4.627,1.533,0.421,9.392,28.841
2026-04-24 10:21:05,2660,0,1,5.729,0.0,4.329,1.417,0.343,12.251,30.072
2026-04-24 10:21:06,2661,1,1,9.196,128.431,4.954,1.499,0.363,145.329,27.715
2026-04-24 10:21:06,2662,0,1,2.465,0.0,4.692,1.638,0.358,9.592,28.771
2026-04-24 10:21:06,2663,0,1,7.097,0.0,4.374,1.384,0.348,13.602,29.735
2026-04-24 10:21:06,2664,1,1,8.022,110.432,4.467,1.337,0.349,125.483,27.492
2026-04-24 10:21:06,2665,0,1,2.049,0.0,4.111,1.013,0.281,7.836,28.543
2026-04-24 10:21:06,2666,0,1,1.636,0.0,4.412,1.396,0.397,8.29,29.821
2026-04-24 10:21:06,2667,1,1,1.777,117.467,4.62,1.386,0.326,126.416,27.533
2026-04-24 10:21:06,2668,0,1,1.767,0.0,4.234,1.356,0.411,8.194,29.01
2026-04-24 10:21:06,2669,0,1,4.31,0.0,4.436,1.381,0.36,10.93,30.486
2026-04-24 10:21:06,2670,1,1,1.656,116.965,4.116,1.398,0.316,125.277,28.142
2026-04-24 10:21:06,2671,0,1,2.189,0.0,4.465,1.392,0.354,8.82,29.801
2026-04-24 10:21:06,2672,0,1,8.379,0.0,4.236,1.374,0.337,14.726,31.044
2026-04-24 10:21:06,2673,1,1,4.045,114.084,4.708,1.374,0.339,125.444,28.662
2026-04-24 10:21:06,2674,0,1,1.743,0.0,4.186,1.39,0.347,8.095,29.847
2026-04-24 10:21:06,2675,0,1,9.493,0.0,3.889,1.364,0.328,15.49,31.291
2026-04-24 10:21:07,2676,1,1,14.322,113.529,4.821,1.354,0.34,135.235,28.84
2026-04-24 10:21:07,2677,0,1,2.255,0.0,4.482,1.171,0.284,8.575,30.024
2026-04-24 10:21:07,2678,0,1,1.659,0.0,4.215,1.372,0.365,8.054,30.921
2026-04-24 10:21:07,2679,1,1,4.959,112.608,3.813,1.319,0.34,123.887,28.541
2026-04-24 10:21:07,2680,0,1,2.359,0.0,4.245,1.349,0.339,8.71,29.902
2026-04-24 10:21:07,2681,0,1,8.383,0.0,4.277,1.347,0.34,14.777,31.507
2026-04-24 10:21:07,2682,1,1,4.894,121.82,4.483,1.392,0.32,133.733,29.042
2026-04-24 10:21:07,2683,0,1,1.624,0.0,4.22,1.512,0.404,8.259,30.252
2026-04-24 10:21:07,2684,0,1,1.948,0.0,4.291,1.369,0.327,8.344,31.61
2026-04-24 10:21:07,2685,1,1,2.07,125.273,4.36,1.355,0.341,134.252,29.105
2026-04-24 10:21:07,2686,0,1,6.657,0.0,4.381,1.386,0.392,13.259,30.294
2026-04-24 10:21:07,2687,0,1,7.814,0.0,4.091,1.247,0.36,13.958,31.893
2026-04-24 10:21:07,2688,1,1,4.693,113.374,4.471,1.38,0.331,125.147,29.437
2026-04-24 10:21:07,2689,0,1,3.247,0.0,4.608,1.352,0.351,9.966,30.646
2026-04-24 10:21:07,2690,0,1,17.577,0.0,4.032,1.338,0.348,23.702,31.288
2026-04-24 10:21:08,2691,1,1,5.053,119.84,4.361,1.365,0.332,131.825,28.847
2026-04-24 10:21:08,2692,0,1,8.321,0.0,4.103,1.408,0.348,14.628,31.666
2026-04-24 10:21:08,2693,0,1,1.981,0.0,4.065,1.359,0.347,8.174,31.768
2026-04-24 10:21:08,2694,1,1,5.176,110.897,4.308,1.347,0.322,122.898,29.329
2026-04-24 10:21:08,2695,0,1,2.643,0.0,3.73,1.388,0.344,8.491,31.672
2026-04-24 10:21:08,2696,0,1,3.676,0.0,3.675,1.301,0.318,9.366,33.423
2026-04-24 10:21:08,2697,1,1,5.235,123.231,5.059,1.377,0.36,136.19,30.729
2026-04-24 10:21:08,2698,0,1,9.598,0.0,4.071,1.314,0.333,15.721,31.668
2026-04-24 10:21:08,2699,0,1,4.718,0.0,4.551,1.336,0.351,11.356,32.768
2026-04-24 10:21:08,2700,1,1,7.379,124.896,4.532,1.385,0.347,139.405,30.151
2026-04-24 10:21:08,2701,0,1,2.191,0.0,3.603,1.012,0.289,7.522,30.907
2026-04-24 10:21:08,2702,0,1,1.617,0.0,4.041,1.381,0.363,7.882,32.105
2026-04-24 10:21:08,2703,1,1,4.539,108.378,4.37,1.385,0.329,119.891,29.656
2026-04-24 10:21:08,2704,0,1,2.008,0.0,3.669,1.384,0.353,7.899,31.711
2026-04-24 10:21:08,2705,0,1,1.874,0.0,3.873,1.177,0.285,7.584,33.68
2026-04-24 10:21:08,2706,1,1,3.773,109.718,4.181,1.291,0.291,120.137,31.063
2026-04-24 10:21:09,2707,0,1,4.015,0.0,3.935,1.315,0.316,9.977,32.178
2026-04-24 10:21:09,2708,0,1,5.889,0.0,3.657,1.397,0.343,11.664,34.394
2026-04-24 10:21:09,2709,1,1,1.68,116.827,4.304,1.39,0.333,125.363,31.643
2026-04-24 10:21:09,2710,0,1,1.856,0.0,4.156,1.298,0.353,8.075,32.463
2026-04-24 10:21:09,2711,0,1,3.012,0.0,4.179,1.301,0.346,9.25,34.019
2026-04-24 10:21:09,2712,1,1,2.427,113.723,5.28,1.649,0.435,124.522,31.339
2026-04-24 10:21:09,2713,0,1,2.772,0.0,4.88,1.602,0.481,10.309,32.05
2026-04-24 10:21:09,2714,0,1,9.046,0.0,4.889,1.501,0.389,16.256,32.177
2026-04-24 10:21:09,2715,1,1,7.665,124.732,4.692,1.486,0.378,139.918,29.616
2026-04-24 10:21:09,2716,0,1,7.733,0.0,4.666,1.493,0.405,14.774,30.562
2026-04-24 10:21:09,2717,0,1,2.022,0.0,3.733,1.358,0.376,7.913,31.703
2026-04-24 10:21:09,2718,1,1,2.488,111.929,3.94,1.247,0.301,120.711,29.267
2026-04-24 10:21:09,2719,0,1,2.312,0.0,3.666,0.907,0.259,7.486,30.714
2026-04-24 10:21:09,2720,0,1,7.327,0.0,3.969,1.233,0.326,13.251,32.101
2026-04-24 10:21:09,2721,1,1,2.471,115.786,4.228,1.2,0.285,124.753,29.603
2026-04-24 10:21:09,2722,0,1,3.672,0.0,2.629,0.884,0.281,7.836,32.059
2026-04-24 10:21:09,2723,0,1,6.38,0.0,3.489,1.183,0.354,11.769,33.843
2026-04-24 10:21:10,2724,1,1,2.025,120.657,3.224,0.962,0.312,127.928,31.141
2026-04-24 10:21:10,2725,0,1,2.388,0.0,3.744,1.209,0.308,8.019,33.741
2026-04-24 10:21:10,2726,0,1,7.342,0.0,3.49,1.236,0.317,12.769,34.801
2026-04-24 10:21:10,2727,1,1,10.795,110.083,4.12,1.262,0.304,127.337,32.021
2026-04-24 10:21:10,2728,0,1,5.118,0.0,3.846,1.279,0.34,10.995,34.368
2026-04-24 10:21:10,2729,0,1,6.641,0.0,3.561,1.278,0.346,12.228,34.066
2026-04-24 10:21:10,2730,1,1,14.567,112.842,4.12,1.241,0.302,133.817,31.348
2026-04-24 10:21:10,2731,0,1,1.59,0.0,3.093,0.941,0.252,6.223,32.537
2026-04-24 10:21:10,2732,0,1,4.754,0.0,3.756,1.245,0.327,10.478,33.509
2026-04-24 10:21:10,2733,1,1,28.377,252.02,4.965,1.193,0.296,287.627,30.492
2026-04-24 10:21:10,2734,0,1,7.099,0.0,3.782,1.203,0.325,12.787,31.675
2026-04-24 10:21:10,2735,0,1,2.8,0.0,3.771,0.9,0.249,8.071,33.597
2026-04-24 10:21:11,2736,1,1,1.971,123.786,4.565,1.133,0.299,132.647,30.928
2026-04-24 10:21:11,2737,0,1,8.644,0.0,3.672,1.045,0.295,14.061,31.779
2026-04-24 10:21:11,2738,0,1,6.46,0.0,3.6,1.439,0.399,12.362,33.062
2026-04-24 10:21:11,2739,1,1,7.175,121.477,4.086,1.295,0.321,135.169,30.429
2026-04-24 10:21:11,2740,0,1,2.548,0.0,3.116,0.961,0.267,7.255,31.697
2026-04-24 10:21:11,2741,0,1,1.978,0.0,4.131,1.303,0.341,8.203,32.921
2026-04-24 10:21:11,2742,1,1,8.211,115.993,4.109,1.272,0.309,130.699,30.338
2026-04-24 10:21:11,2743,0,1,2.563,0.0,3.863,1.252,0.341,8.436,31.505
2026-04-24 10:21:11,2744,0,1,2.407,0.0,3.373,1.198,0.301,7.633,32.651
2026-04-24 10:21:11,2745,1,1,3.841,107.841,3.812,1.225,0.352,118.002,30.157
2026-04-24 10:21:11,2746,0,1,4.594,0.0,3.917,1.175,0.31,10.372,31.828
2026-04-24 10:21:11,2747,0,1,3.968,0.0,3.755,1.159,0.304,9.557,33.573
2026-04-24 10:21:11,2748,1,1,2.608,112.909,3.795,1.231,0.309,121.665,30.959
2026-04-24 10:21:11,2749,0,1,2.755,0.0,2.84,1.261,0.342,7.581,32.964
2026-04-24 10:21:11,2750,0,1,2.322,0.0,3.414,1.184,0.296,7.61,34.554
2026-04-24 10:21:11,2751,1,1,2.437,119.931,4.289,1.292,0.491,129.31,31.799
2026-04-24 10:21:11,2752,0,1,10.207,0.0,3.971,1.312,0.344,16.247,32.718
2026-04-24 10:21:11,2753,0,1,8.419,0.0,4.081,1.246,0.321,14.469,33.81
2026-04-24 10:21:12,2754,1,1,1.524,141.893,4.959,1.578,0.425,151.43,31.028
2026-04-24 10:21:12,2755,0,1,3.116,0.0,4.888,1.674,0.479,10.627,31.387
2026-04-24 10:21:12,2756,0,1,4.679,0.0,4.688,1.526,0.415,11.776,31.713
2026-04-24 10:21:12,2757,1,1,6.645,124.109,4.75,1.432,0.355,138.2,29.204
2026-04-24 10:21:12,2758,0,1,7.053,0.0,4.525,1.309,0.361,13.716,30.287
2026-04-24 10:21:12,2759,0,1,9.744,0.0,3.412,1.075,0.294,14.917,31.234
2026-04-24 10:21:12,2760,1,1,5.24,116.582,4.313,1.363,0.327,128.629,28.826
2026-04-24 10:21:12,2761,0,1,2.541,0.0,2.639,0.922,0.257,6.69,31.116
2026-04-24 10:21:12,2762,0,1,1.832,0.0,3.669,1.341,0.405,7.648,33.262
2026-04-24 10:21:12,2763,1,1,5.37,120.179,3.85,1.223,0.295,131.738,30.644
2026-04-24 10:21:12,2764,0,1,2.435,0.0,3.515,1.302,0.355,8.006,32.679
2026-04-24 10:21:12,2765,0,1,4.264,0.0,3.539,1.211,0.294,9.678,34.113
2026-04-24 10:21:12,2766,1,1,2.749,119.38,3.871,1.236,0.326,128.36,31.388
2026-04-24 10:21:12,2767,0,1,1.803,0.0,3.637,1.199,0.323,7.349,32.783
2026-04-24 10:21:12,2768,0,1,2.42,0.0,3.366,1.215,0.339,7.729,33.992
2026-04-24 10:21:13,2769,1,1,5.028,131.785,3.888,1.323,0.335,143.121,31.241
2026-04-24 10:21:13,2770,0,1,9.0,0.0,3.842,1.277,0.328,14.803,32.98
2026-04-24 10:21:13,2771,0,1,2.15,0.0,3.706,1.237,0.343,7.856,33.596
2026-04-24 10:21:13,2772,1,1,3.664,113.537,5.034,1.522,0.361,125.082,30.978
2026-04-24 10:21:13,2773,0,1,5.461,0.0,4.366,1.51,0.398,12.22,32.151
2026-04-24 10:21:13,2774,0,1,18.209,0.0,4.097,1.417,0.375,24.546,31.321
2026-04-24 10:21:13,2775,1,1,7.043,118.118,4.394,1.467,0.348,132.281,28.849
2026-04-24 10:21:13,2776,0,1,1.683,0.0,4.021,1.375,0.339,7.815,29.989
2026-04-24 10:21:13,2777,0,1,5.685,0.0,4.172,1.382,0.274,11.875,31.248
2026-04-24 10:21:13,2778,1,1,9.644,110.277,3.545,0.975,0.258,125.498,28.861
2026-04-24 10:21:13,2779,0,1,1.858,0.0,3.47,1.176,0.308,7.197,30.7
2026-04-24 10:21:13,2780,0,1,12.629,0.0,3.512,1.251,0.32,18.107,31.081
2026-04-24 10:21:13,2781,1,1,8.889,114.338,3.848,1.208,0.287,129.351,28.66
2026-04-24 10:21:13,2782,0,1,2.915,0.0,3.407,1.205,0.333,8.236,30.654
2026-04-24 10:21:13,2783,0,1,2.784,0.0,3.377,1.188,0.277,7.986,32.436
2026-04-24 10:21:14,2784,1,1,7.536,133.656,3.891,1.199,0.299,147.324,29.838
2026-04-24 10:21:14,2785,0,1,1.876,0.0,3.693,1.227,0.33,7.504,31.358
2026-04-24 10:21:14,2786,0,1,2.385,0.0,3.764,1.332,0.376,8.246,32.617
2026-04-24 10:21:14,2787,1,1,8.796,120.878,4.112,1.238,0.294,136.157,30.042
2026-04-24 10:21:14,2788,0,1,3.068,0.0,2.771,0.909,0.239,7.308,32.781
2026-04-24 10:21:14,2789,0,1,1.944,0.0,3.501,1.185,0.308,7.346,33.745
2026-04-24 10:21:14,2790,1,1,1.762,114.362,3.278,0.936,0.241,121.306,31.127
2026-04-24 10:21:14,2791,0,1,2.122,0.0,3.926,1.276,0.345,8.094,32.557
2026-04-24 10:21:14,2792,0,1,2.286,0.0,2.351,0.919,0.259,6.157,33.503
2026-04-24 10:21:14,2793,1,1,2.413,112.15,3.945,1.067,0.314,120.67,30.894
2026-04-24 10:21:14,2794,0,1,4.762,0.0,3.933,1.26,0.332,10.7,32.259
2026-04-24 10:21:14,2795,0,1,1.715,0.0,3.512,1.255,0.333,7.221,33.379
2026-04-24 10:21:14,2796,1,1,1.588,115.403,3.394,1.273,0.312,122.791,30.755
2026-04-24 10:21:14,2797,0,1,6.247,0.0,2.731,1.079,0.347,10.892,33.506
2026-04-24 10:21:14,2798,0,1,1.847,0.0,3.543,1.251,0.328,7.371,33.982
2026-04-24 10:21:15,2799,1,1,5.738,111.628,3.907,1.352,0.331,123.809,31.333
2026-04-24 10:21:15,2800,0,1,1.474,0.0,4.185,1.32,0.344,7.739,32.871
2026-04-24 10:21:15,2801,0,1,5.063,0.0,4.036,1.286,0.344,11.128,33.569
2026-04-24 10:21:15,2802,1,1,14.249,114.308,4.424,1.352,0.35,135.564,30.892
2026-04-24 10:21:15,2803,0,1,1.672,0.0,4.049,1.326,0.346,7.812,32.747
2026-04-24 10:21:15,2804,0,1,22.926,0.0,3.629,1.238,0.337,28.538,31.934
2026-04-24 10:21:15,2805,1,1,15.324,143.222,4.91,1.509,0.384,166.273,29.309
2026-04-24 10:21:15,2806,0,1,4.66,0.0,4.648,1.323,0.442,11.529,30.082
2026-04-24 10:21:15,2807,0,1,3.357,0.0,3.934,1.448,0.36,9.57,31.394
2026-04-24 10:21:15,2808,1,1,2.51,120.121,4.439,1.384,0.368,129.718,28.921
2026-04-24 10:21:15,2809,0,1,2.51,0.0,4.277,1.317,0.316,8.809,30.257
2026-04-24 10:21:15,2810,0,1,1.765,0.0,3.617,1.4,0.335,7.523,31.34
2026-04-24 10:21:15,2811,1,1,1.538,109.903,3.865,1.192,0.288,117.603,28.95
2026-04-24 10:21:15,2812,0,1,1.697,0.0,3.656,1.227,0.33,7.303,30.616
2026-04-24 10:21:15,2813,0,1,3.311,0.0,3.43,1.19,0.295,8.598,32.245
2026-04-24 10:21:15,2814,1,1,2.421,114.124,3.865,1.218,0.306,122.74,29.744
2026-04-24 10:21:16,2815,0,1,1.648,0.0,3.374,1.216,0.31,6.931,32.479
2026-04-24 10:21:16,2816,0,1,9.788,0.0,3.437,1.238,0.347,15.206,32.881
2026-04-24 10:21:16,2817,1,1,13.823,108.829,3.285,1.201,0.298,128.268,30.303
2026-04-24 10:21:16,2818,0,1,2.149,0.0,3.634,1.211,0.314,7.694,32.161
2026-04-24 10:21:16,2819,0,1,8.867,0.0,3.841,1.185,0.294,14.562,33.764
2026-04-24 10:21:16,2820,1,1,2.075,121.792,5.056,1.489,0.388,132.053,31.06
2026-04-24 10:21:16,2821,0,1,1.72,0.0,4.406,1.562,0.434,8.671,31.613
2026-04-24 10:21:16,2822,0,1,2.974,0.0,4.421,1.474,0.361,9.67,32.284
2026-04-24 10:21:16,2823,1,1,1.645,119.709,4.066,1.454,0.347,128.097,29.732
2026-04-24 10:21:16,2824,0,1,8.554,0.0,4.388,1.436,0.375,15.201,32.189
2026-04-24 10:21:16,2825,0,1,4.559,0.0,4.115,1.352,0.369,10.799,32.29
2026-04-24 10:21:16,2826,1,1,9.057,114.106,4.323,1.293,0.329,129.97,29.776
2026-04-24 10:21:16,2827,0,1,1.801,0.0,3.946,1.347,0.279,7.748,31.806
2026-04-24 10:21:16,2828,0,1,8.055,0.0,4.158,1.196,0.316,14.101,33.042
2026-04-24 10:21:16,2829,1,1,3.126,109.994,3.96,1.186,0.291,119.304,30.493
2026-04-24 10:21:16,2830,0,1,1.772,0.0,3.56,1.196,0.321,7.227,33.071
2026-04-24 10:21:16,2831,0,1,7.235,0.0,3.791,1.196,0.315,12.923,34.385
2026-04-24 10:21:17,2832,1,1,1.7,124.381,4.06,1.225,0.306,132.468,31.631
2026-04-24 10:21:17,2833,0,1,5.772,0.0,2.52,0.874,0.234,9.715,34.345
2026-04-24 10:21:17,2834,0,1,1.688,0.0,3.548,1.203,0.331,7.156,35.107
2026-04-24 10:21:17,2835,1,1,5.875,174.745,4.055,1.239,0.323,187.344,32.107
2026-04-24 10:21:17,2836,0,1,3.926,0.0,4.037,1.375,0.366,10.114,32.879
2026-04-24 10:21:17,2837,0,1,8.869,0.0,3.982,1.229,0.312,14.745,33.56
2026-04-24 10:21:17,2838,1,1,8.006,137.487,4.597,1.364,0.359,152.731,30.823
2026-04-24 10:21:17,2839,0,1,6.107,0.0,4.195,1.321,0.333,12.331,31.899
2026-04-24 10:21:17,2840,0,1,11.478,0.0,4.104,1.429,0.345,17.748,32.598
2026-04-24 10:21:17,2841,1,1,2.426,142.528,4.866,1.606,0.383,152.77,29.936
2026-04-24 10:21:17,2842,0,1,7.611,0.0,5.216,1.597,0.424,15.339,30.883
2026-04-24 10:21:17,2843,0,1,3.822,0.0,4.581,1.498,0.418,10.755,31.409
2026-04-24 10:21:17,2844,1,1,11.441,119.007,4.888,1.422,0.356,138.058,28.946
2026-04-24 10:21:18,2845,0,1,2.072,0.0,4.078,1.416,0.366,8.374,31.158
2026-04-24 10:21:18,2846,0,1,2.039,0.0,3.784,1.343,0.369,7.98,32.071
2026-04-24 10:21:18,2847,1,1,1.858,131.095,4.754,1.383,0.35,140.292,29.523
2026-04-24 10:21:18,2848,0,1,29.037,0.0,9.087,1.36,0.364,40.293,28.885
2026-04-24 10:21:18,2849,0,1,2.099,0.0,4.941,1.325,0.38,9.197,35.513
2026-04-24 10:21:18,2850,1,1,23.239,286.821,4.127,1.285,0.338,316.569,32.278
2026-04-24 10:21:18,2851,0,1,1.791,0.0,4.058,1.329,0.418,8.008,32.264
2026-04-24 10:21:18,2852,0,1,1.798,0.0,4.029,1.244,0.33,7.768,32.871
2026-04-24 10:21:19,2853,1,1,1.784,428.776,4.129,1.166,0.278,436.851,29.804
2026-04-24 10:21:19,2854,0,1,2.038,0.0,3.659,1.281,0.349,7.729,31.161
2026-04-24 10:21:19,2855,0,1,3.294,0.0,4.465,1.3,0.352,9.796,32.629
2026-04-24 10:21:19,2856,1,1,1.617,129.102,3.609,1.199,0.286,136.542,30.017
2026-04-24 10:21:19,2857,0,1,6.414,0.0,3.714,1.208,0.321,12.036,31.625
2026-04-24 10:21:19,2858,0,1,2.731,0.0,3.328,1.284,0.322,8.04,32.732
2026-04-24 10:21:19,2859,1,1,1.797,122.635,4.547,1.306,0.368,131.613,30.147
2026-04-24 10:21:19,2860,0,1,9.045,0.0,4.518,1.375,0.35,15.745,30.903
2026-04-24 10:21:19,2861,0,1,9.322,0.0,4.321,1.422,0.345,15.848,32.02
2026-04-24 10:21:19,2862,1,1,9.456,119.216,4.717,1.325,0.337,135.873,29.5
2026-04-24 10:21:19,2863,0,1,2.706,0.0,2.817,1.345,0.341,7.646,31.127
2026-04-24 10:21:19,2864,0,1,1.928,0.0,3.739,1.309,0.339,7.721,32.163
2026-04-24 10:21:19,2865,1,1,7.596,109.211,3.727,1.233,0.296,122.826,29.701
2026-04-24 10:21:19,2866,0,1,5.1,0.0,3.901,1.235,0.324,10.957,31.921
2026-04-24 10:21:19,2867,0,1,1.811,0.0,3.397,1.282,0.315,7.212,32.676
2026-04-24 10:21:20,2868,1,1,1.878,129.06,3.935,1.243,0.298,137.232,30.062
2026-04-24 10:21:20,2869,0,1,1.602,0.0,3.382,1.207,0.306,6.882,32.655
2026-04-24 10:21:20,2870,0,1,6.073,0.0,3.592,1.161,0.249,11.437,34.093
2026-04-24 10:21:20,2871,1,1,1.599,120.586,3.658,1.317,0.322,128.289,31.386
2026-04-24 10:21:20,2872,0,1,8.158,0.0,3.537,1.229,0.311,13.626,33.279
2026-04-24 10:21:20,2873,0,1,2.404,0.0,3.287,1.2,0.32,7.589,34.405
2026-04-24 10:21:20,2874,1,1,7.57,116.868,3.761,1.255,0.3,130.54,31.654
2026-04-24 10:21:20,2875,0,1,5.559,0.0,3.876,1.347,0.335,11.506,33.619
2026-04-24 10:21:20,2876,0,1,3.764,0.0,3.579,1.185,0.302,9.197,35.11
2026-04-24 10:21:20,2877,1,1,2.338,115.105,4.345,1.297,0.364,124.285,32.307
2026-04-24 10:21:20,2878,0,1,1.815,0.0,3.87,1.237,0.326,7.657,34.452
2026-04-24 10:21:20,2879,0,1,1.761,0.0,3.64,1.227,0.306,7.323,35.42
2026-04-24 10:21:20,2880,1,1,1.95,114.082,4.298,1.339,0.32,122.839,32.624
2026-04-24 10:21:20,2881,0,1,2.181,0.0,3.794,1.274,0.331,7.985,33.567
2026-04-24 10:21:20,2882,0,1,3.732,0.0,3.474,1.243,0.316,9.154,34.652
2026-04-24 10:21:20,2883,1,1,1.749,113.934,4.031,1.297,0.314,122.081,31.914
2026-04-24 10:21:20,2884,0,1,6.354,0.0,3.673,1.396,0.36,12.165,34.49
2026-04-24 10:21:20,2885,0,1,2.409,0.0,3.511,1.226,0.317,7.834,34.704
2026-04-24 10:21:21,2886,1,1,1.706,117.232,5.126,1.57,0.382,127.147,31.937
2026-04-24 10:21:21,2887,0,1,3.568,0.0,4.958,1.601,0.389,11.006,32.548
2026-04-24 10:21:21,2888,0,1,8.65,0.0,4.768,1.546,0.402,15.838,33.212
2026-04-24 10:21:21,2889,1,1,4.18,123.253,4.119,1.078,0.288,133.665,30.562
2026-04-24 10:21:21,2890,0,1,9.512,0.0,4.634,1.434,0.367,16.408,31.709
2026-04-24 10:21:21,2891,0,1,9.467,0.0,4.324,1.372,0.355,15.97,32.687
2026-04-24 10:21:21,2892,1,1,3.028,107.588,4.264,1.255,0.316,117.549,30.162
2026-04-24 10:21:21,2893,0,1,1.789,0.0,3.649,1.268,0.32,7.417,31.46
2026-04-24 10:21:21,2894,0,1,5.397,0.0,3.811,1.247,0.301,11.13,33.295
2026-04-24 10:21:21,2895,1,1,3.095,117.431,3.699,1.212,0.314,126.569,30.659
2026-04-24 10:21:21,2896,0,1,1.679,0.0,3.867,1.238,0.32,7.493,33.171
2026-04-24 10:21:21,2897,0,1,8.769,0.0,3.235,1.173,0.285,13.819,34.397
2026-04-24 10:21:21,2898,1,1,29.141,111.453,3.998,1.196,0.294,146.763,31.575
2026-04-24 10:21:21,2899,0,1,2.375,0.0,3.784,1.001,0.258,7.75,33.201
2026-04-24 10:21:21,2900,0,1,9.856,0.0,3.745,1.24,0.341,15.579,33.589
2026-04-24 10:21:22,2901,1,1,10.518,106.957,3.728,1.196,0.284,123.416,30.947
2026-04-24 10:21:22,2902,0,1,2.279,0.0,3.546,1.176,0.252,7.599,32.592
2026-04-24 10:21:22,2903,0,1,12.565,0.0,3.768,1.229,0.327,18.348,32.608
2026-04-24 10:21:22,2904,1,1,17.337,131.394,3.887,1.266,0.306,154.962,29.954
2026-04-24 10:21:22,2905,0,1,2.894,0.0,4.041,1.268,0.332,8.931,31.51
2026-04-24 10:21:22,2906,0,1,2.549,0.0,3.606,1.174,0.317,8.025,32.256
2026-04-24 10:21:22,2907,1,1,13.302,120.503,4.977,1.549,0.379,141.643,29.696
2026-04-24 10:21:22,2908,0,1,3.436,0.0,4.678,1.499,0.438,10.608,30.685
2026-04-24 10:21:22,2909,0,1,10.911,0.0,4.096,1.413,0.353,17.209,31.458
2026-04-24 10:21:22,2910,1,1,4.12,119.334,4.699,1.44,0.339,130.83,28.999
2026-04-24 10:21:22,2911,0,1,1.593,0.0,4.348,1.407,0.362,8.143,30.059
2026-04-24 10:21:22,2912,0,1,4.293,0.0,3.866,1.353,0.37,10.322,31.363
2026-04-24 10:21:22,2913,1,1,13.806,108.309,4.292,1.32,0.327,128.834,28.932
2026-04-24 10:21:22,2914,0,1,3.005,0.0,3.662,1.335,0.332,8.738,30.411
2026-04-24 10:21:22,2915,0,1,8.091,0.0,3.534,1.209,0.331,13.576,30.981
2026-04-24 10:21:23,2916,1,1,12.075,108.59,3.249,1.148,0.276,126.052,28.59
2026-04-24 10:21:23,2917,0,1,1.921,0.0,3.539,1.171,0.3,7.316,31.522
2026-04-24 10:21:23,2918,0,1,6.804,0.0,3.703,1.173,0.293,12.357,33.826
2026-04-24 10:21:23,2919,1,1,2.046,122.849,3.047,1.174,0.284,130.055,31.118
2026-04-24 10:21:23,2920,0,1,1.948,0.0,2.261,0.873,0.238,5.631,32.959
2026-04-24 10:21:23,2921,0,1,1.641,0.0,3.372,1.189,0.315,6.902,34.683
2026-04-24 10:21:23,2922,1,1,2.105,111.244,3.831,1.221,0.296,119.473,31.971
2026-04-24 10:21:23,2923,0,1,2.68,0.0,3.42,1.239,0.31,8.23,33.962
2026-04-24 10:21:23,2924,0,1,8.293,0.0,3.75,1.331,0.336,14.136,35.516
2026-04-24 10:21:23,2925,1,1,2.182,120.033,4.081,1.261,0.296,128.616,32.651
2026-04-24 10:21:23,2926,0,1,2.374,0.0,3.79,1.362,0.376,8.312,33.862
2026-04-24 10:21:23,2927,0,1,11.515,0.0,3.814,1.341,0.327,17.396,33.682
2026-04-24 10:21:23,2928,1,1,2.02,115.736,4.058,1.291,0.312,124.204,31.029
2026-04-24 10:21:23,2929,0,1,2.183,0.0,3.678,1.377,0.336,7.968,32.262
2026-04-24 10:21:23,2930,0,1,1.812,0.0,3.991,1.166,0.356,7.812,33.387
2026-04-24 10:21:24,2931,1,1,3.033,115.928,4.31,1.253,0.316,125.624,30.755
2026-04-24 10:21:24,2932,0,1,1.792,0.0,3.784,1.257,0.332,7.571,31.999
2026-04-24 10:21:24,2933,0,1,1.8,0.0,4.083,1.236,0.323,7.831,33.171
2026-04-24 10:21:24,2934,1,1,5.516,116.18,4.284,1.285,0.317,128.43,30.569
2026-04-24 10:21:24,2935,0,1,2.044,0.0,3.891,1.261,0.317,7.914,31.897
2026-04-24 10:21:24,2936,0,1,7.187,0.0,3.668,1.237,0.331,12.821,32.954
2026-04-24 10:21:24,2937,1,1,9.579,117.955,3.921,1.338,0.324,133.98,30.323
2026-04-24 10:21:24,2938,0,1,1.792,0.0,3.735,1.335,0.341,7.62,31.572
2026-04-24 10:21:24,2939,0,1,1.887,0.0,3.898,1.416,0.348,7.959,32.322
2026-04-24 10:21:24,2940,1,1,9.28,141.334,5.71,1.556,0.392,159.634,29.685
2026-04-24 10:21:24,2941,0,1,1.988,0.0,5.009,1.665,0.41,9.589,30.054
2026-04-24 10:21:24,2942,0,1,10.77,0.0,4.548,1.615,0.44,17.879,31.231
2026-04-24 10:21:24,2943,1,1,3.89,125.376,4.636,1.458,0.337,136.577,28.746
2026-04-24 10:21:24,2944,0,1,4.811,0.0,4.347,1.415,0.348,11.377,29.888
2026-04-24 10:21:24,2945,0,1,7.393,0.0,4.147,1.429,0.373,13.725,31.494
2026-04-24 10:21:25,2946,1,1,9.588,110.926,3.86,1.324,0.324,126.839,29.038
2026-04-24 10:21:25,2947,0,1,1.54,0.0,3.774,1.279,0.329,7.339,30.512
2026-04-24 10:21:25,2948,0,1,2.24,0.0,3.611,1.232,0.318,7.816,31.621
2026-04-24 10:21:25,2949,1,1,6.669,111.885,4.023,1.19,0.286,124.772,29.199
2026-04-24 10:21:25,2950,0,1,2.443,0.0,3.706,1.213,0.319,8.069,30.647
2026-04-24 10:21:25,2951,0,1,2.153,0.0,3.68,1.195,0.311,7.722,31.866
2026-04-24 10:21:25,2952,1,1,4.065,118.606,4.16,1.199,0.306,129.052,29.39
2026-04-24 10:21:25,2953,0,1,2.511,0.0,3.499,1.304,0.321,8.002,31.07
2026-04-24 10:21:25,2954,0,1,2.717,0.0,3.998,1.201,0.305,8.587,32.472
2026-04-24 10:21:25,2955,1,0,2.293,113.421,3.476,1.22,0.298,121.093,29.994
2026-04-24 10:21:25,2956,0,0,1.513,0.0,3.386,1.178,0.286,6.719,30.982
2026-04-24 10:21:25,2957,0,0,2.424,0.0,3.393,1.244,0.309,7.742,32.681
2026-04-24 10:21:25,2958,1,0,2.561,114.258,3.546,1.213,0.299,122.263,30.152
2026-04-24 10:21:25,2959,0,0,1.802,0.0,3.435,1.267,0.299,7.178,31.744
2026-04-24 10:21:25,2960,0,0,4.664,0.0,3.61,1.216,0.306,10.143,33.912
2026-04-24 10:21:25,2961,1,0,1.753,208.237,2.172,0.873,0.233,213.603,30.957
2026-04-24 10:21:26,2962,0,0,2.41,0.0,3.306,1.202,0.286,7.554,33.435
2026-04-24 10:21:26,2963,0,0,1.531,0.0,2.614,0.859,0.226,5.545,34.903
2026-04-24 10:21:26,2964,1,0,2.415,116.532,3.517,1.237,0.306,124.418,32.159
2026-04-24 10:21:26,2965,0,0,2.021,0.0,3.391,1.234,0.29,7.327,33.961
2026-04-24 10:21:26,2966,0,0,2.435,0.0,3.439,1.211,0.302,7.736,35.66
2026-04-24 10:21:26,2967,1,0,1.8,112.847,3.665,1.238,0.274,120.194,32.859
2026-04-24 10:21:26,2968,0,0,2.46,0.0,3.473,1.149,0.239,7.64,34.341
2026-04-24 10:21:26,2969,0,0,1.938,0.0,2.58,0.85,0.22,5.893,36.523
2026-04-24 10:21:26,2970,1,0,2.236,112.982,2.32,0.837,0.189,118.85,33.645
2026-04-24 10:21:26,2971,0,0,1.878,0.0,3.705,1.202,0.248,7.388,36.486
2026-04-24 10:21:26,2972,0,0,16.107,0.0,3.772,1.175,0.252,21.652,36.172
2026-04-24 10:21:26,2973,1,0,18.409,120.49,4.275,1.496,0.291,145.361,33.234
2026-04-24 10:21:26,2974,0,0,1.885,0.0,4.495,1.361,0.285,8.382,33.931
2026-04-24 10:21:26,2975,0,0,1.791,0.0,4.119,1.334,0.27,7.859,35.418
2026-04-24 10:21:26,2976,1,0,16.987,137.437,4.404,1.358,0.277,160.831,32.465
2026-04-24 10:21:26,2977,0,0,2.219,0.0,3.843,1.262,0.239,7.887,35.103
2026-04-24 10:21:26,2978,0,0,6.23,0.0,3.637,1.2,0.26,11.816,36.44
2026-04-24 10:21:27,2979,1,0,16.004,113.542,2.427,1.164,0.251,133.702,33.521
2026-04-24 10:21:27,2980,0,0,1.425,0.0,3.328,1.193,0.237,6.489,34.678
2026-04-24 10:21:27,2981,0,0,20.186,0.0,3.599,1.145,0.274,25.524,34.205
2026-04-24 10:21:27,2982,1,0,16.985,120.648,3.421,1.181,0.276,142.853,31.455
2026-04-24 10:21:27,2983,0,0,2.349,0.0,3.097,1.055,0.223,7.018,34.055
2026-04-24 10:21:27,2984,0,0,1.633,0.0,3.394,1.057,0.231,6.601,34.003
2026-04-24 10:21:27,2985,1,0,28.17,112.376,2.844,0.964,0.21,144.905,31.253
2026-04-24 10:21:27,2986,0,0,2.413,0.0,3.975,1.291,0.262,8.274,33.447
2026-04-24 10:21:27,2987,0,0,15.011,0.0,4.065,1.243,0.271,20.93,33.397
2026-04-24 10:21:27,2988,1,0,14.676,128.915,4.012,1.331,0.272,149.601,30.703
2026-04-24 10:21:27,2989,0,0,1.935,0.0,3.893,1.315,0.262,7.747,31.884
2026-04-24 10:21:27,2990,0,0,3.483,0.0,3.943,1.354,0.275,9.393,33.476
2026-04-24 10:21:27,2991,1,0,7.704,111.113,3.778,1.195,0.249,124.38,30.867
2026-04-24 10:21:27,2992,0,0,2.434,0.0,3.399,1.093,0.221,7.446,33.155
2026-04-24 10:21:27,2993,0,0,1.759,0.0,3.491,1.085,0.232,6.88,35.843
2026-04-24 10:21:28,2994,1,0,1.486,110.445,3.225,1.075,0.225,116.737,33.1
2026-04-24 10:21:28,2995,0,0,1.799,0.0,3.233,1.047,0.219,6.59,33.14
2026-04-24 10:21:28,2996,0,0,1.942,0.0,3.243,1.038,0.242,6.76,36.14
2026-04-24 10:21:28,2997,1,0,2.55,115.657,3.472,1.108,0.243,123.322,33.315
2026-04-24 10:21:28,2998,0,0,1.923,0.0,3.648,1.244,0.25,7.366,34.701
2026-04-24 10:21:28,2999,0,0,2.438,0.0,3.334,1.092,0.232,7.389,36.719
2026-04-24 10:21:28,3000,1,0,3.375,112.075,3.499,1.1,0.245,120.607,33.812
2026-04-24 10:21:28,3001,0,0,1.455,0.0,4.005,1.149,0.256,7.166,36.456
2026-04-24 10:21:28,3002,0,0,1.594,0.0,3.562,1.1,0.251,6.86,38.762
2026-04-24 10:21:28,3003,1,0,2.356,119.49,4.474,1.407,0.287,128.411,35.646
2026-04-24 10:21:28,3004,0,0,2.388,0.0,4.441,1.462,0.295,8.955,35.657
2026-04-24 10:21:28,3005,0,0,3.11,0.0,4.662,1.487,0.298,9.921,36.487
2026-04-24 10:21:28,3006,1,0,2.81,111.063,4.009,1.412,0.32,120.007,33.656
2026-04-24 10:21:28,3007,0,0,2.269,0.0,4.012,1.325,0.291,8.25,33.996
2026-04-24 10:21:28,3008,0,0,3.146,0.0,4.186,1.331,0.263,9.267,35.81
2026-04-24 10:21:28,3009,1,0,2.393,108.054,2.483,0.915,0.212,114.344,33.018
2026-04-24 10:21:28,3010,0,0,2.353,0.0,3.612,1.183,0.251,7.723,35.228
2026-04-24 10:21:28,3011,0,0,15.862,0.0,3.351,0.861,0.194,20.561,35.016
2026-04-24 10:21:29,3012,1,0,16.989,119.031,3.765,1.22,0.273,141.594,32.193
2026-04-24 10:21:29,3013,0,0,2.468,0.0,3.554,1.267,0.349,7.982,33.651
2026-04-24 10:21:29,3014,0,0,8.564,0.0,4.107,1.209,0.28,14.476,34.563
2026-04-24 10:21:29,3015,1,0,17.353,114.93,3.386,1.121,0.249,137.36,31.786
2026-04-24 10:21:29,3016,0,0,2.449,0.0,3.36,1.124,0.236,7.483,34.468
2026-04-24 10:21:29,3017,0,0,1.59,0.0,3.513,1.12,0.248,6.962,36.607
2026-04-24 10:21:29,3018,1,0,2.424,121.974,3.406,1.193,0.248,129.59,33.68
2026-04-24 10:21:29,3019,0,0,2.019,0.0,2.306,0.834,0.183,5.61,35.283
2026-04-24 10:21:29,3020,0,0,1.963,0.0,3.733,1.154,0.3,7.458,38.353
2026-04-24 10:21:29,3021,1,0,1.655,112.908,2.718,1.063,0.234,118.944,35.302
2026-04-24 10:21:29,3022,0,0,2.448,0.0,4.19,1.524,0.323,8.839,36.353
2026-04-24 10:21:29,3023,0,0,6.193,0.0,4.684,1.394,0.305,12.939,36.789
2026-04-24 10:21:29,3024,1,0,31.786,122.728,3.915,1.281,0.28,160.369,33.709
2026-04-24 10:21:29,3025,0,0,1.838,0.0,4.377,1.442,0.302,8.303,34.706
2026-04-24 10:21:29,3026,0,0,1.819,0.0,4.053,1.309,0.269,7.785,36.099
2026-04-24 10:21:29,3027,1,0,2.211,119.997,2.342,0.886,0.208,125.997,33.218
2026-04-24 10:21:30,3028,0,0,2.634,0.0,3.61,1.16,0.253,7.982,35.191
2026-04-24 10:21:30,3029,0,0,2.003,0.0,2.849,0.799,0.206,6.144,37.006
2026-04-24 10:21:30,3030,1,0,1.744,118.949,3.321,1.133,0.24,125.723,34.044
2026-04-24 10:21:30,3031,0,0,1.701,0.0,3.422,1.252,0.262,6.956,36.352
2026-04-24 10:21:30,3032,0,0,1.798,0.0,4.086,1.291,0.26,7.822,38.162
2026-04-24 10:21:30,3033,1,0,1.726,138.057,3.597,1.104,0.232,145.01,34.988
2026-04-24 10:21:30,3034,0,0,2.839,0.0,3.509,1.11,0.248,8.043,38.129
2026-04-24 10:21:30,3035,0,0,1.734,0.0,3.537,1.098,0.239,6.896,40.317
2026-04-24 10:21:30,3036,1,0,1.991,147.275,4.936,1.538,0.339,156.455,36.892
2026-04-24 10:21:30,3037,0,0,1.991,0.0,4.914,1.506,0.328,9.087,37.315
2026-04-24 10:21:30,3038,0,0,3.324,0.0,4.212,1.347,0.294,9.5,38.089
2026-04-24 10:21:30,3039,1,0,2.173,155.117,4.634,1.403,0.292,163.96,34.847
2026-04-24 10:21:30,3040,0,0,1.823,0.0,4.707,1.49,0.337,8.718,36.172
2026-04-24 10:21:30,3041,0,0,2.096,0.0,4.178,1.266,0.29,8.155,37.755
2026-04-24 10:21:31,3042,1,0,1.986,192.767,3.798,1.274,0.277,200.449,34.459
2026-04-24 10:21:31,3043,0,0,3.407,0.0,3.926,1.301,0.327,9.283,35.612
2026-04-24 10:21:31,3044,0,0,2.224,0.0,3.79,1.246,0.277,7.846,37.805
2026-04-24 10:21:31,3045,1,0,4.334,203.1,4.228,1.299,0.325,213.636,34.473
2026-04-24 10:21:31,3046,0,0,1.766,0.0,4.174,1.318,0.293,7.904,35.729
2026-04-24 10:21:31,3047,0,0,1.799,0.0,4.235,1.412,0.285,8.09,37.316
2026-04-24 10:21:31,3048,1,0,2.65,187.398,4.578,1.642,0.358,197.077,34.071
2026-04-24 10:21:31,3049,0,0,1.702,0.0,5.255,1.629,0.342,9.368,34.828
2026-04-24 10:21:31,3050,0,0,1.648,0.0,5.182,1.601,0.332,9.167,35.709
2026-04-24 10:21:31,3051,1,0,6.006,152.722,3.904,1.452,0.311,164.746,32.722
2026-04-24 10:21:31,3052,0,0,3.705,0.0,4.013,1.324,0.282,9.649,34.013
2026-04-24 10:21:31,3053,0,0,2.547,0.0,4.765,1.522,0.323,9.522,35.31
2026-04-24 10:21:31,3054,1,0,4.24,140.881,3.76,1.263,0.283,150.758,32.403
2026-04-24 10:21:31,3055,0,0,1.587,0.0,3.747,1.243,0.262,7.209,34.444
2026-04-24 10:21:32,3056,0,0,1.554,0.0,4.213,1.228,0.281,7.633,36.327
2026-04-24 10:21:32,3057,1,0,1.91,137.438,3.651,1.243,0.265,144.821,33.341
2026-04-24 10:21:32,3058,0,0,2.562,0.0,4.06,1.237,0.287,8.488,34.782
2026-04-24 10:21:32,3059,0,0,2.479,0.0,3.593,1.147,0.261,7.787,36.242
2026-04-24 10:21:32,3060,1,0,1.915,115.36,3.565,1.2,0.264,122.607,33.376
2026-04-24 10:21:32,3061,0,0,1.71,0.0,3.763,1.409,0.272,7.466,35.039
2026-04-24 10:21:32,3062,0,0,1.916,0.0,4.619,1.404,0.306,8.767,36.589
2026-04-24 10:21:32,3063,1,0,1.622,121.681,4.228,1.32,0.274,129.459,33.63
2026-04-24 10:21:32,3064,0,0,1.901,0.0,3.648,1.199,0.266,7.325,35.371
2026-04-24 10:21:32,3065,0,0,2.776,0.0,3.593,1.255,0.26,8.199,37.227
2026-04-24 10:21:32,3066,1,0,15.662,138.365,3.744,1.309,0.276,159.714,34.107
2026-04-24 10:21:32,3067,0,0,1.911,0.0,3.817,1.292,0.326,7.752,35.651
2026-04-24 10:21:32,3068,0,0,2.399,0.0,3.652,1.213,0.271,7.879,37.228
2026-04-24 10:21:32,3069,1,0,2.488,110.311,3.769,1.266,0.268,118.491,34.315
2026-04-24 10:21:32,3070,0,0,2.352,0.0,3.887,1.308,0.249,8.138,34.783
2026-04-24 10:21:32,3071,0,0,14.954,0.0,3.864,1.237,0.268,20.666,34.615
2026-04-24 10:21:33,3072,1,0,33.934,112.474,3.684,1.207,0.26,151.897,31.79
2026-04-24 10:21:33,3073,0,0,2.382,0.0,3.547,1.196,0.28,7.724,33.11
2026-04-24 10:21:33,3074,0,0,13.52,0.0,3.721,1.148,0.257,18.974,33.255
2026-04-24 10:21:33,3075,1,0,16.599,117.603,3.798,1.232,0.254,139.86,30.602
2026-04-24 10:21:33,3076,0,0,2.439,0.0,3.626,1.369,0.296,8.061,33.131
2026-04-24 10:21:33,3077,0,0,8.848,0.0,3.605,1.155,0.259,14.214,33.95
2026-04-24 10:21:33,3078,1,0,17.597,110.906,36.152,1.283,0.285,166.592,31.254
2026-04-24 10:21:33,3079,0,0,2.153,0.0,4.106,1.257,0.3,8.199,30.493
2026-04-24 10:21:33,3080,0,0,14.6,0.0,12.444,1.441,0.263,29.045,31.817
2026-04-24 10:21:33,3081,1,0,15.273,155.809,4.451,1.246,0.264,177.376,29.168
2026-04-24 10:21:33,3082,0,0,2.162,0.0,3.73,1.238,0.255,7.711,31.399
2026-04-24 10:21:33,3083,0,0,1.89,0.0,3.646,1.34,0.289,7.47,33.664
2026-04-24 10:21:33,3084,1,0,1.967,115.325,3.524,1.243,0.252,122.644,31.064
2026-04-24 10:21:33,3085,0,0,2.429,0.0,3.806,1.223,0.249,8.03,32.807
2026-04-24 10:21:33,3086,0,0,5.796,0.0,4.005,1.197,0.257,11.566,33.855
2026-04-24 10:21:34,3087,1,0,16.317,119.557,4.354,1.49,0.325,142.446,31.129
2026-04-24 10:21:34,3088,0,0,2.134,0.0,4.506,1.5,0.289,8.773,32.617
2026-04-24 10:21:34,3089,0,0,2.09,0.0,5.302,1.801,0.34,9.889,33.54
2026-04-24 10:21:34,3090,1,0,6.936,130.264,4.463,1.393,0.295,143.739,30.825
2026-04-24 10:21:34,3091,0,0,1.707,0.0,4.053,1.363,0.285,7.764,32.244
2026-04-24 10:21:34,3092,0,0,1.989,0.0,4.493,1.388,0.309,8.502,33.985
2026-04-24 10:21:34,3093,1,0,20.018,124.467,3.91,1.314,0.276,150.319,31.236
2026-04-24 10:21:34,3094,0,0,2.425,0.0,4.349,1.283,0.264,8.6,31.898
2026-04-24 10:21:34,3095,0,0,1.606,0.0,3.595,1.317,0.252,7.07,33.944
2026-04-24 10:21:34,3096,1,0,14.971,130.988,3.417,1.241,0.257,151.182,31.189
2026-04-24 10:21:34,3097,0,0,2.006,0.0,4.455,1.332,0.292,8.404,32.755
2026-04-24 10:21:34,3098,0,0,1.806,0.0,3.393,1.193,0.256,6.929,34.675
2026-04-24 10:21:34,3099,1,0,7.697,131.504,3.537,1.16,0.272,144.495,31.861
2026-04-24 10:21:34,3100,0,0,1.875,0.0,4.17,1.264,0.268,7.9,33.692
2026-04-24 10:21:34,3101,0,0,10.367,0.0,4.11,1.293,0.269,16.35,34.115
2026-04-24 10:21:35,3102,1,0,16.055,118.157,3.338,1.162,0.246,139.267,31.366
2026-04-24 10:21:35,3103,0,0,1.961,0.0,4.535,1.28,0.263,8.356,33.513
2026-04-24 10:21:35,3104,0,0,5.563,0.0,4.102,1.16,0.263,11.381,34.575
2026-04-24 10:21:35,3105,1,0,14.041,135.567,4.293,1.48,0.315,156.071,31.738
2026-04-24 10:21:35,3106,0,0,2.489,0.0,4.28,1.567,0.295,9.009,32.172
2026-04-24 10:21:35,3107,0,0,2.441,0.0,4.45,1.432,0.291,9.022,32.842
2026-04-24 10:21:35,3108,1,0,6.557,132.104,4.047,1.332,0.279,144.681,30.195
2026-04-24 10:21:35,3109,0,0,1.635,0.0,4.067,1.411,0.308,7.832,31.86
2026-04-24 10:21:35,3110,0,0,1.923,0.0,4.524,1.379,0.292,8.445,33.489
2026-04-24 10:21:35,3111,1,0,1.915,132.27,4.645,1.456,0.296,140.915,30.797
2026-04-24 10:21:35,3112,0,0,2.151,0.0,3.864,1.275,0.299,7.918,32.845
2026-04-24 10:21:35,3113,0,0,1.553,0.0,4.512,1.31,0.28,7.96,34.949
2026-04-24 10:21:35,3114,1,0,2.49,125.722,3.556,1.169,0.259,133.533,32.151
2026-04-24 10:21:35,3115,0,0,1.828,0.0,3.58,1.165,0.235,7.101,33.868
2026-04-24 10:21:35,3116,0,0,1.751,0.0,3.492,1.177,0.254,6.965,36.39
2026-04-24 10:21:36,3117,1,0,1.667,152.573,4.078,1.237,0.282,160.143,33.341
2026-04-24 10:21:36,3118,0,0,2.174,0.0,3.475,1.182,0.246,7.378,35.432
2026-04-24 10:21:36,3119,0,0,1.906,0.0,3.349,1.16,0.256,7.061,37.733
2026-04-24 10:21:36,3120,1,0,1.976,121.896,3.519,1.251,0.306,129.293,34.674
2026-04-24 10:21:36,3121,0,0,1.665,0.0,3.785,1.176,0.246,7.191,36.489
2026-04-24 10:21:36,3122,0,0,2.099,0.0,3.806,1.2,0.255,7.687,38.007
2026-04-24 10:21:36,3123,1,0,1.799,124.597,3.846,1.276,0.269,132.146,34.905
2026-04-24 10:21:36,3124,0,0,2.384,0.0,3.897,1.367,0.293,8.273,36.346
2026-04-24 10:21:36,3125,0,0,2.725,0.0,3.679,1.214,0.264,8.234,37.644
2026-04-24 10:21:36,3126,1,0,2.445,128.686,3.85,1.274,0.275,136.882,34.559
2026-04-24 10:21:36,3127,0,0,4.779,0.0,4.423,1.32,0.269,11.098,36.765
2026-04-24 10:21:36,3128,0,0,2.303,0.0,4.143,1.263,0.293,8.321,37.854
2026-04-24 10:21:36,3129,1,0,15.258,120.799,3.767,1.358,0.281,141.798,34.727
2026-04-24 10:21:36,3130,0,0,1.551,0.0,4.209,1.265,0.296,7.615,36.47
2026-04-24 10:21:36,3131,0,0,3.108,0.0,4.091,1.384,0.295,9.215,37.733
2026-04-24 10:21:37,3132,1,0,15.28,121.587,3.92,1.424,0.299,142.877,34.617
2026-04-24 10:21:37,3133,0,0,4.643,0.0,4.019,1.278,0.251,10.472,36.601
2026-04-24 10:21:37,3134,0,0,5.079,0.0,4.613,1.388,0.297,11.71,37.508
2026-04-24 10:21:37,3135,1,0,13.577,120.801,3.661,1.243,0.266,139.896,34.414
2026-04-24 10:21:37,3136,0,0,1.978,0.0,4.349,1.283,0.288,8.267,36.487
2026-04-24 10:21:37,3137,0,0,1.96,0.0,4.112,1.273,0.286,7.95,37.752
2026-04-24 10:21:37,3138,1,0,1.63,141.697,4.07,1.351,0.282,149.397,34.621
2026-04-24 10:21:37,3139,0,0,2.413,0.0,3.963,1.458,0.32,8.514,35.057
2026-04-24 10:21:37,3140,0,0,9.742,0.0,3.846,1.255,0.309,15.481,35.157
2026-04-24 10:21:37,3141,1,0,14.864,123.875,4.25,1.477,0.317,145.161,32.309
2026-04-24 10:21:37,3142,0,0,2.0,0.0,4.611,1.448,0.308,8.7,33.012
2026-04-24 10:21:37,3143,0,0,14.091,0.0,4.412,1.221,0.264,20.31,32.859
2026-04-24 10:21:37,3144,1,0,15.316,117.806,3.888,1.254,0.261,138.888,30.255
2026-04-24 10:21:37,3145,0,0,3.48,0.0,3.84,1.256,0.268,9.135,32.129
2026-04-24 10:21:37,3146,0,0,8.314,0.0,4.736,1.389,0.332,15.119,32.875
2026-04-24 10:21:38,3147,1,0,14.139,118.779,3.935,1.309,0.286,138.831,30.263
2026-04-24 10:21:38,3148,0,0,2.461,0.0,3.883,1.35,0.286,8.338,31.538
2026-04-24 10:21:38,3149,0,0,4.52,0.0,3.988,1.283,0.265,10.415,33.257
2026-04-24 10:21:38,3150,1,0,30.409,117.368,4.183,1.3,0.262,153.906,30.534
2026-04-24 10:21:38,3151,0,0,2.439,0.0,3.918,1.299,0.283,8.307,32.397
2026-04-24 10:21:38,3152,0,0,5.819,0.0,4.402,1.275,0.281,12.117,33.62
2026-04-24 10:21:38,3153,1,0,13.329,140.999,4.08,1.261,0.269,160.278,30.841
2026-04-24 10:21:38,3154,0,0,2.314,0.0,3.777,1.248,0.27,7.895,32.737
2026-04-24 10:21:38,3155,0,0,1.762,0.0,3.908,1.261,0.27,7.536,34.986
2026-04-24 10:21:38,3156,1,0,1.703,133.115,4.854,1.587,0.371,142.012,32.173
2026-04-24 10:21:38,3157,0,0,2.126,0.0,3.956,1.319,0.271,8.008,32.434
2026-04-24 10:21:38,3158,0,0,2.429,0.0,3.721,1.258,0.266,8.019,34.022
2026-04-24 10:21:38,3159,1,0,7.893,118.273,3.944,1.413,0.297,132.221,31.325
2026-04-24 10:21:38,3160,0,0,3.225,0.0,4.247,1.366,0.291,9.5,32.897
2026-04-24 10:21:38,3161,0,0,4.442,0.0,4.004,1.298,0.315,10.432,33.8
2026-04-24 10:21:38,3162,1,0,12.589,123.587,4.038,1.329,0.308,142.217,31.086
2026-04-24 10:21:39,3163,0,0,1.701,0.0,4.019,1.28,0.309,7.767,31.829
2026-04-24 10:21:39,3164,0,0,12.346,0.0,3.984,1.49,0.341,18.552,31.79
2026-04-24 10:21:39,3165,1,0,15.396,117.473,4.403,1.405,0.355,139.479,29.298
2026-04-24 10:21:39,3166,0,0,2.448,0.0,3.798,1.321,0.305,8.266,30.057
2026-04-24 10:21:39,3167,0,0,1.556,0.0,3.638,1.259,0.286,7.139,31.711
2026-04-24 10:21:39,3168,1,0,15.915,114.155,3.914,1.336,0.328,136.051,29.237
2026-04-24 10:21:39,3169,0,0,6.569,0.0,3.775,1.313,0.279,12.301,31.549
2026-04-24 10:21:39,3170,0,0,6.378,0.0,3.648,1.251,0.288,11.938,32.133
2026-04-24 10:21:39,3171,1,0,32.783,112.556,3.573,1.013,0.351,150.661,29.554
2026-04-24 10:21:39,3172,0,0,2.465,0.0,3.794,1.261,0.293,8.179,30.531
2026-04-24 10:21:39,3173,0,0,8.391,0.0,3.606,1.257,0.283,13.905,31.539
2026-04-24 10:21:39,3174,1,1,15.035,123.035,5.949,1.31,0.307,146.449,29.019
2026-04-24 10:21:39,3175,0,1,2.502,0.0,5.679,1.267,0.326,10.155,30.145
2026-04-24 10:21:39,3176,0,1,3.173,0.0,5.311,0.971,0.25,10.079,32.021
2026-04-24 10:21:39,3177,1,1,1.806,117.765,5.695,1.273,0.316,127.65,29.522
2026-04-24 10:21:40,3178,0,1,1.935,0.0,5.606,1.302,0.337,9.558,30.711
2026-04-24 10:21:40,3179,0,1,7.215,0.0,5.936,1.35,0.326,15.19,32.007
2026-04-24 10:21:40,3180,1,1,4.915,127.359,6.966,1.545,0.362,142.062,29.467
2026-04-24 10:21:40,3181,0,1,1.982,0.0,6.256,1.567,0.469,10.735,30.37
2026-04-24 10:21:40,3182,0,1,2.087,0.0,7.152,1.689,0.408,11.755,30.745
2026-04-24 10:21:40,3183,1,1,3.731,124.679,6.122,1.323,0.311,137.049,28.324
2026-04-24 10:21:40,3184,0,1,1.686,0.0,5.825,1.324,0.319,9.558,29.528
2026-04-24 10:21:40,3185,0,1,2.218,0.0,5.859,1.332,0.297,10.099,30.618
2026-04-24 10:21:40,3186,1,1,3.446,128.256,5.933,1.256,0.302,140.116,28.216
2026-04-24 10:21:40,3187,0,1,13.952,0.0,5.417,1.219,0.291,21.23,29.556
2026-04-24 10:21:40,3188,0,1,2.27,0.0,5.273,1.223,0.294,9.401,31.03
2026-04-24 10:21:40,3189,1,1,6.125,115.846,5.783,1.212,0.28,129.994,28.626
2026-04-24 10:21:40,3190,0,1,2.509,0.0,5.158,1.226,0.319,9.565,31.487
2026-04-24 10:21:40,3191,0,1,2.184,0.0,4.223,0.882,0.227,7.841,33.344
2026-04-24 10:21:40,3192,1,1,2.036,113.224,4.867,1.212,0.283,122.373,30.76
2026-04-24 10:21:40,3193,0,1,1.611,0.0,5.478,1.204,0.292,8.932,32.38
2026-04-24 10:21:41,3194,0,1,3.042,0.0,5.728,1.25,0.312,10.708,33.265
2026-04-24 10:21:41,3195,1,1,4.003,118.677,6.023,1.276,0.341,131.131,30.646
2026-04-24 10:21:41,3196,0,1,4.158,0.0,5.829,1.269,0.309,11.907,31.908
2026-04-24 10:21:41,3197,0,1,2.399,0.0,5.522,1.247,0.297,9.808,33.237
2026-04-24 10:21:41,3198,1,1,1.77,137.684,6.556,1.461,0.331,148.664,30.529
2026-04-24 10:21:41,3199,0,1,5.387,0.0,6.603,1.456,0.335,14.192,31.837
2026-04-24 10:21:41,3200,0,1,2.007,0.0,6.553,1.458,0.333,10.723,32.961
2026-04-24 10:21:41,3201,1,1,2.644,115.745,6.157,1.302,0.304,127.002,30.361
2026-04-24 10:21:41,3202,0,1,1.602,0.0,5.17,1.414,0.309,8.877,31.671
2026-04-24 10:21:41,3203,0,1,2.048,0.0,5.922,1.473,0.333,10.178,33.072
2026-04-24 10:21:41,3204,1,1,4.499,224.123,6.291,1.129,0.257,237.038,30.17
2026-04-24 10:21:41,3205,0,1,2.18,0.0,4.723,1.136,0.255,8.586,32.992
2026-04-24 10:21:41,3206,0,1,2.391,0.0,4.472,1.119,0.249,8.544,34.711
2026-04-24 10:21:42,3207,1,1,2.44,113.859,5.016,1.092,0.251,123.316,31.975
2026-04-24 10:21:42,3208,0,1,3.601,0.0,5.253,1.151,0.288,10.686,34.849
2026-04-24 10:21:42,3209,0,1,2.449,0.0,4.832,1.131,0.267,9.009,35.881
2026-04-24 10:21:42,3210,1,1,2.278,115.056,5.216,1.222,0.28,124.769,33.03
2026-04-24 10:21:42,3211,0,1,2.391,0.0,5.08,1.186,0.28,9.3,34.828
2026-04-24 10:21:42,3212,0,1,1.951,0.0,5.178,1.179,0.29,8.951,35.819
2026-04-24 10:21:42,3213,1,1,2.54,111.634,5.663,1.232,0.299,122.101,32.972
2026-04-24 10:21:42,3214,0,1,2.454,0.0,4.373,1.038,0.301,8.53,33.955
2026-04-24 10:21:42,3215,0,1,2.229,0.0,5.399,1.258,0.301,9.548,35.251
2026-04-24 10:21:42,3216,1,1,1.581,111.932,5.477,1.207,0.266,121.196,32.462
2026-04-24 10:21:42,3217,0,1,1.724,0.0,5.377,1.222,0.306,9.046,34.753
2026-04-24 10:21:42,3218,0,1,1.861,0.0,5.665,1.375,0.299,9.55,35.794
2026-04-24 10:21:42,3219,1,1,2.429,116.303,5.738,1.244,0.287,126.794,32.924
2026-04-24 10:21:42,3220,0,1,2.385,0.0,5.426,1.253,0.301,9.751,33.924
2026-04-24 10:21:42,3221,0,1,5.311,0.0,5.111,1.277,0.299,12.369,35.329
2026-04-24 10:21:42,3222,1,1,10.896,136.566,6.31,1.477,0.338,156.452,32.382
2026-04-24 10:21:42,3223,0,1,1.823,0.0,7.017,1.538,0.354,11.181,32.826
2026-04-24 10:21:42,3224,0,1,3.338,0.0,6.306,1.433,0.337,11.837,33.31
2026-04-24 10:21:43,3225,1,1,2.487,147.307,6.908,1.396,0.557,159.535,30.569
2026-04-24 10:21:43,3226,0,1,2.26,0.0,6.056,1.458,0.355,10.543,31.17
2026-04-24 10:21:43,3227,0,1,6.589,0.0,5.466,1.267,0.298,14.005,32.473
2026-04-24 10:21:43,3228,1,1,1.825,123.573,5.288,1.167,0.253,132.888,29.902
2026-04-24 10:21:43,3229,0,1,2.43,0.0,5.039,1.175,0.279,9.301,32.988
2026-04-24 10:21:43,3230,0,1,2.46,0.0,5.413,1.205,0.287,9.716,33.845
2026-04-24 10:21:43,3231,1,1,5.125,109.807,5.298,1.197,0.279,122.426,31.224
2026-04-24 10:21:43,3232,0,1,1.851,0.0,4.642,0.897,0.226,7.943,32.718
2026-04-24 10:21:43,3233,0,1,2.389,0.0,5.189,1.191,0.279,9.393,34.593
2026-04-24 10:21:43,3234,1,1,2.504,124.504,5.147,1.273,0.346,134.564,31.804
2026-04-24 10:21:43,3235,0,1,1.731,0.0,4.973,1.188,0.288,8.545,33.416
2026-04-24 10:21:43,3236,0,1,1.671,0.0,5.365,1.19,0.287,8.854,34.656
2026-04-24 10:21:43,3237,1,1,8.877,114.926,5.508,1.214,0.272,131.597,31.883
2026-04-24 10:21:43,3238,0,1,1.687,0.0,5.205,1.314,0.295,8.862,34.191
2026-04-24 10:21:43,3239,0,1,10.554,0.0,4.944,1.3,0.294,17.472,34.606
2026-04-24 10:21:44,3240,1,1,11.731,110.659,5.197,1.251,0.301,129.96,31.84
2026-04-24 10:21:44,3241,0,1,1.823,0.0,5.252,1.202,0.298,8.945,33.301
2026-04-24 10:21:44,3242,0,1,25.751,0.0,5.137,1.27,0.298,32.834,32.405
2026-04-24 10:21:44,3243,1,1,12.33,114.254,6.672,1.459,0.319,135.898,29.838
2026-04-24 10:21:44,3244,0,1,1.808,0.0,6.425,1.467,0.368,10.495,31.282
2026-04-24 10:21:44,3245,0,1,3.777,0.0,6.04,1.39,0.307,11.888,32.383
2026-04-24 10:21:44,3246,1,1,11.082,119.9,6.632,1.392,0.328,140.195,29.803
2026-04-24 10:21:44,3247,0,1,2.135,0.0,6.151,1.382,0.382,10.496,30.876
2026-04-24 10:21:44,3248,0,1,1.583,0.0,5.748,1.35,0.309,9.381,32.0
2026-04-24 10:21:44,3249,1,1,2.51,114.922,5.692,1.246,0.273,125.407,29.518
2026-04-24 10:21:44,3250,0,1,2.441,0.0,5.876,0.9,0.24,9.785,31.611
2026-04-24 10:21:44,3251,0,1,3.472,0.0,5.294,1.167,0.265,10.532,33.333
2026-04-24 10:21:44,3252,1,1,2.388,109.357,5.13,1.137,0.257,118.91,30.747
2026-04-24 10:21:44,3253,0,1,1.587,0.0,5.079,1.262,0.324,8.603,33.866
2026-04-24 10:21:44,3254,0,1,2.39,0.0,5.137,1.218,0.295,9.409,34.927
2026-04-24 10:21:45,3255,1,1,1.512,113.747,5.127,1.16,0.287,122.546,32.179
2026-04-24 10:21:45,3256,0,1,2.706,0.0,4.948,1.257,0.282,9.574,34.802
2026-04-24 10:21:45,3257,0,1,2.687,0.0,5.419,1.288,0.307,10.051,35.538
2026-04-24 10:21:45,3258,1,1,4.867,147.53,5.64,1.232,0.286,160.308,32.575
2026-04-24 10:21:45,3259,0,1,2.338,0.0,5.89,1.328,0.3,10.216,33.728
2026-04-24 10:21:45,3260,0,1,2.419,0.0,4.945,1.229,0.265,9.19,35.73
2026-04-24 10:21:45,3261,1,1,2.375,117.141,5.742,1.638,0.372,128.115,32.871
2026-04-24 10:21:45,3262,0,1,3.482,0.0,6.718,1.513,0.351,12.496,33.89
2026-04-24 10:21:45,3263,0,1,2.424,0.0,6.066,1.402,0.322,10.606,34.436
2026-04-24 10:21:45,3264,1,1,3.298,117.109,5.732,1.297,0.299,128.538,31.697
2026-04-24 10:21:45,3265,0,1,2.594,0.0,5.646,1.347,0.309,10.274,33.466
2026-04-24 10:21:45,3266,0,1,1.821,0.0,5.699,1.247,0.294,9.452,34.563
2026-04-24 10:21:45,3267,1,1,3.627,108.024,5.541,1.197,0.261,119.45,31.864
2026-04-24 10:21:45,3268,0,1,2.445,0.0,5.183,1.213,0.298,9.509,33.101
2026-04-24 10:21:45,3269,0,1,2.544,0.0,4.958,1.184,0.265,9.29,34.952
2026-04-24 10:21:45,3270,1,1,14.862,114.54,5.032,1.116,0.259,136.526,32.128
2026-04-24 10:21:46,3271,0,1,1.524,0.0,4.896,1.127,0.272,8.166,33.365
2026-04-24 10:21:46,3272,0,1,1.606,0.0,4.822,1.157,0.281,8.216,35.01
2026-04-24 10:21:46,3273,1,1,1.922,115.955,4.066,1.085,0.265,124.069,32.246
2026-04-24 10:21:46,3274,0,1,1.96,0.0,4.939,1.161,0.305,8.728,34.274
2026-04-24 10:21:46,3275,0,1,2.447,0.0,5.146,1.196,0.291,9.432,35.601
2026-04-24 10:21:46,3276,1,1,2.269,111.671,4.228,1.042,0.274,120.228,32.778
2026-04-24 10:21:46,3277,0,1,1.68,0.0,5.223,1.312,0.34,8.922,35.943
2026-04-24 10:21:46,3278,0,1,2.116,0.0,5.311,1.236,0.294,9.327,36.533
2026-04-24 10:21:46,3279,1,1,5.133,111.177,5.662,1.2,0.268,124.217,33.629
2026-04-24 10:21:46,3280,0,1,5.27,0.0,5.401,1.291,0.341,12.688,35.721
2026-04-24 10:21:46,3281,0,1,2.413,0.0,3.822,0.914,0.232,7.709,36.629
2026-04-24 10:21:46,3282,1,1,6.316,115.919,5.632,1.289,0.305,130.286,33.688
2026-04-24 10:21:46,3283,0,1,2.451,0.0,5.612,1.269,0.301,10.015,34.803
2026-04-24 10:21:46,3284,0,1,2.399,0.0,4.599,0.9,0.231,8.465,35.88
2026-04-24 10:21:46,3285,1,1,10.919,111.027,5.143,0.919,0.232,129.031,32.997
2026-04-24 10:21:46,3286,0,1,1.774,0.0,5.433,1.251,0.451,9.28,34.853
2026-04-24 10:21:46,3287,0,1,1.719,0.0,5.495,1.233,0.295,9.093,35.493
2026-04-24 10:21:47,3288,1,1,2.0,129.855,5.704,1.268,0.291,139.895,32.607
2026-04-24 10:21:47,3289,0,1,1.501,0.0,5.826,1.395,0.322,9.419,33.951
2026-04-24 10:21:47,3290,0,1,1.789,0.0,5.335,1.28,0.321,9.108,34.707
2026-04-24 10:21:47,3291,1,1,2.571,130.989,5.613,1.277,0.276,141.5,31.881
2026-04-24 10:21:47,3292,0,1,7.17,0.0,6.371,1.26,0.301,15.437,33.076
2026-04-24 10:21:47,3293,0,1,4.364,0.0,6.216,1.368,0.298,12.635,34.326
2026-04-24 10:21:47,3294,1,1,1.588,150.649,5.901,1.39,0.492,160.995,31.47
2026-04-24 10:21:47,3295,0,1,15.836,0.0,6.031,1.322,0.315,23.899,32.101
2026-04-24 10:21:47,3296,0,1,4.764,0.0,6.019,1.335,0.338,12.82,33.075
2026-04-24 10:21:47,3297,1,1,6.705,207.586,6.626,1.459,0.333,223.55,30.194
2026-04-24 10:21:47,3298,0,1,2.156,0.0,6.609,1.435,0.329,10.922,30.893
2026-04-24 10:21:47,3299,0,1,15.512,0.0,7.091,1.446,0.328,24.768,31.587
2026-04-24 10:21:48,3300,1,1,1.8,247.351,6.597,1.411,0.332,258.432,28.79
2026-04-24 10:21:48,3301,0,1,1.566,0.0,7.408,1.575,0.391,11.348,29.358
2026-04-24 10:21:48,3302,0,1,2.463,0.0,6.56,1.417,0.338,11.156,30.316
2026-04-24 10:21:48,3303,1,1,38.152,280.229,6.407,1.427,0.355,327.576,27.578
2026-04-24 10:21:48,3304,0,1,6.31,0.0,6.308,1.689,0.393,15.219,28.896
2026-04-24 10:21:48,3305,0,1,2.461,0.0,7.017,1.46,0.341,11.588,29.779
2026-04-24 10:21:48,3306,1,1,5.462,247.276,6.504,1.399,0.317,261.913,27.163
2026-04-24 10:21:48,3307,0,1,6.779,0.0,6.663,1.47,0.346,15.702,28.361
2026-04-24 10:21:48,3308,0,1,6.561,0.0,7.689,1.406,0.313,16.376,29.573
2026-04-24 10:21:49,3309,1,1,6.529,215.006,6.266,1.509,0.326,230.607,27.027
2026-04-24 10:21:49,3310,0,1,7.187,0.0,8.946,1.507,0.353,18.38,28.316
2026-04-24 10:21:49,3311,0,1,1.904,0.0,8.184,1.606,0.378,12.483,28.784
2026-04-24 10:21:49,3312,1,1,26.987,448.424,6.994,1.512,0.32,485.607,26.11
2026-04-24 10:21:49,3313,0,1,1.515,0.0,7.523,1.512,0.358,11.303,27.244
2026-04-24 10:21:49,3314,0,1,4.948,0.0,6.879,1.558,0.359,14.156,27.97
2026-04-24 10:21:50,3315,1,1,5.122,340.932,6.459,1.494,0.351,355.338,25.445
2026-04-24 10:21:50,3316,0,1,2.177,0.0,7.67,1.68,0.392,12.312,26.558
2026-04-24 10:21:50,3317,0,1,7.466,0.0,6.712,1.491,0.326,16.385,27.363
2026-04-24 10:21:50,3318,1,1,8.575,420.564,7.323,1.52,0.33,439.291,24.847
2026-04-24 10:21:50,3319,0,1,2.303,0.0,6.92,1.528,0.348,11.494,26.234
2026-04-24 10:21:50,3320,0,1,2.87,0.0,6.656,1.53,0.355,11.789,27.467
2026-04-24 10:21:50,3321,1,1,15.419,194.854,6.703,1.452,0.346,219.623,25.146
2026-04-24 10:21:50,3322,0,1,1.737,0.0,7.456,1.519,0.37,11.467,26.649
2026-04-24 10:21:50,3323,0,1,1.738,0.0,6.77,1.496,0.344,10.719,27.375
2026-04-24 10:21:51,3324,1,1,1.99,188.672,6.393,1.404,0.322,199.685,25.1
2026-04-24 10:21:51,3325,0,1,1.97,0.0,7.147,1.517,0.452,11.487,26.341
2026-04-24 10:21:51,3326,0,1,2.209,0.0,7.162,3.007,0.327,13.101,27.702
2026-04-24 10:21:51,3327,1,1,2.135,158.216,6.414,1.392,0.361,169.447,25.464
2026-04-24 10:21:51,3328,0,1,4.944,0.0,6.019,1.388,0.335,13.072,27.138
2026-04-24 10:21:51,3329,0,1,3.247,0.0,6.529,1.554,0.355,12.041,29.586
2026-04-24 10:21:51,3330,1,1,6.839,125.536,6.623,1.389,0.333,141.739,27.253
2026-04-24 10:21:51,3331,0,1,2.083,0.0,5.727,1.375,0.311,10.246,28.651
2026-04-24 10:21:51,3332,0,1,1.642,0.0,5.877,0.967,0.247,9.076,30.383
2026-04-24 10:21:51,3333,1,1,2.048,123.508,6.02,1.364,0.305,134.043,28.026
2026-04-24 10:21:51,3334,0,1,3.664,0.0,5.989,1.369,0.317,11.688,29.436
2026-04-24 10:21:51,3335,0,1,2.459,0.0,5.544,1.325,0.3,10.012,30.952
2026-04-24 10:21:51,3336,1,1,15.377,119.224,7.042,1.357,0.362,144.185,28.503
2026-04-24 10:21:52,3337,0,1,2.189,0.0,5.949,1.308,0.349,10.192,29.886
2026-04-24 10:21:52,3338,0,1,2.431,0.0,5.672,1.392,0.341,10.253,31.274
2026-04-24 10:21:52,3339,1,1,1.539,234.219,10.922,1.409,0.343,249.361,28.527
2026-04-24 10:21:52,3340,0,1,1.958,0.0,6.962,1.448,0.324,11.094,29.835
2026-04-24 10:21:52,3341,0,1,3.367,0.0,6.944,1.633,0.357,12.694,30.661
2026-04-24 10:21:52,3342,1,1,2.086,266.594,6.747,1.536,0.369,278.203,27.937
2026-04-24 10:21:52,3343,0,1,2.61,0.0,7.373,1.502,0.364,12.251,29.284
2026-04-24 10:21:52,3344,0,1,1.823,0.0,7.535,2.062,0.49,12.425,29.561
2026-04-24 10:21:53,3345,1,1,2.04,270.42,8.529,1.844,0.39,284.489,26.933
2026-04-24 10:21:53,3346,0,1,1.817,0.0,8.262,1.842,0.397,12.811,28.017
2026-04-24 10:21:53,3347,0,1,1.705,0.0,7.42,2.143,0.467,12.105,28.645
2026-04-24 10:21:53,3348,1,1,1.903,195.946,7.566,1.658,0.399,208.537,26.219
2026-04-24 10:21:53,3349,0,1,10.423,0.0,6.6,1.429,0.371,19.273,27.201
2026-04-24 10:21:53,3350,0,1,1.886,0.0,7.786,1.635,0.308,12.123,28.109
2026-04-24 10:21:53,3351,1,1,2.613,218.758,7.529,1.691,0.456,232.167,25.7
2026-04-24 10:21:53,3352,0,1,1.712,0.0,6.556,1.419,0.438,10.688,27.024
2026-04-24 10:21:53,3353,0,1,1.706,0.0,7.794,1.385,0.304,11.568,27.726
2026-04-24 10:21:53,3354,1,1,1.88,208.731,7.3,1.795,0.415,221.201,25.371
2026-04-24 10:21:53,3355,0,1,8.688,0.0,6.795,1.36,0.317,17.559,26.026
2026-04-24 10:21:53,3356,0,1,4.293,0.0,6.912,1.841,0.412,13.918,26.74
2026-04-24 10:21:54,3357,1,1,5.476,188.261,8.357,1.791,0.401,205.378,24.53
2026-04-24 10:21:54,3358,0,1,10.265,0.0,8.291,1.889,0.416,21.309,25.144
2026-04-24 10:21:54,3359,0,1,1.944,0.0,6.025,1.867,0.527,10.835,26.152
2026-04-24 10:21:54,3360,1,1,1.805,364.167,15.789,1.582,0.311,384.773,23.788
2026-04-24 10:21:54,3361,0,1,2.029,0.0,10.073,1.582,0.316,14.46,24.493
2026-04-24 10:21:54,3362,0,1,3.483,0.0,8.71,1.838,0.43,15.096,25.227
2026-04-24 10:21:55,3363,1,1,7.244,289.543,7.929,1.303,0.32,307.382,23.015
2026-04-24 10:21:55,3364,0,1,2.574,0.0,6.978,1.809,0.364,12.127,24.164
2026-04-24 10:21:55,3365,0,1,5.465,0.0,7.251,1.303,0.352,14.715,25.3
2026-04-24 10:21:55,3366,1,1,2.085,245.962,8.096,1.657,0.285,259.325,23.133
2026-04-24 10:21:55,3367,0,1,1.659,0.0,6.531,1.296,0.301,10.288,24.345
2026-04-24 10:21:55,3368,0,1,1.929,0.0,7.427,1.899,0.419,12.17,25.61
2026-04-24 10:21:55,3369,1,1,7.175,179.022,7.722,1.599,0.393,197.065,23.535
2026-04-24 10:21:55,3370,0,1,2.12,0.0,7.59,1.191,0.286,11.678,24.789
2026-04-24 10:21:55,3371,0,1,1.922,0.0,7.496,1.191,0.282,11.468,26.004
2026-04-24 10:21:55,3372,1,1,1.583,162.138,6.756,1.82,0.405,173.83,23.922
2026-04-24 10:21:55,3373,0,1,5.984,0.0,6.893,1.2,0.288,14.769,25.476
2026-04-24 10:21:55,3374,0,1,3.514,0.0,8.334,2.021,0.295,14.655,26.59
2026-04-24 10:21:56,3375,1,1,3.311,162.872,7.867,1.808,0.406,177.435,24.453
2026-04-24 10:21:56,3376,0,1,1.766,0.0,6.258,1.33,0.327,10.146,26.14
2026-04-24 10:21:56,3377,0,1,6.385,0.0,7.482,1.048,0.239,15.653,27.829
2026-04-24 10:21:56,3378,1,1,6.999,163.28,7.946,1.172,0.369,181.139,25.548
2026-04-24 10:21:56,3379,0,1,2.091,0.0,5.081,1.441,0.334,9.478,26.8
2026-04-24 10:21:56,3380,0,1,2.233,0.0,7.576,0.967,0.412,11.705,28.08
2026-04-24 10:21:56,3381,1,1,1.842,161.686,7.504,1.817,0.405,174.23,25.797
2026-04-24 10:21:56,3382,0,1,1.565,0.0,6.689,1.345,0.402,10.52,26.928
2026-04-24 10:21:56,3383,0,1,9.359,0.0,7.972,1.242,0.253,19.172,27.696
2026-04-24 10:21:56,3384,1,1,4.179,168.098,8.093,1.297,0.431,182.943,25.424
2026-04-24 10:21:56,3385,0,1,2.347,0.0,7.258,1.589,0.268,11.968,26.668
2026-04-24 10:21:56,3386,0,1,1.701,0.0,7.212,1.374,0.306,11.063,27.839
2026-04-24 10:21:57,3387,1,1,2.103,169.403,8.183,1.855,0.279,182.849,25.564
2026-04-24 10:21:57,3388,0,1,2.097,0.0,4.996,1.421,0.334,9.398,26.584
2026-04-24 10:21:57,3389,0,1,2.224,0.0,6.022,1.803,0.491,11.035,27.863
2026-04-24 10:21:57,3390,1,1,1.753,174.079,7.461,1.851,0.412,186.655,25.571
2026-04-24 10:21:57,3391,0,1,2.498,0.0,7.913,1.874,0.422,13.242,26.327
2026-04-24 10:21:57,3392,0,1,4.037,0.0,7.575,1.91,0.334,14.34,27.266
2026-04-24 10:21:57,3393,1,1,4.423,157.389,7.458,1.774,0.232,172.398,25.072
2026-04-24 10:21:57,3394,0,1,5.205,0.0,5.816,1.754,0.291,13.567,26.497
2026-04-24 10:21:57,3395,0,1,2.626,0.0,7.771,1.838,0.421,13.217,27.99
2026-04-24 10:21:57,3396,1,1,3.177,166.048,7.833,1.85,0.39,180.479,25.703
2026-04-24 10:21:57,3397,0,1,1.892,0.0,10.005,1.42,0.344,14.207,26.848
2026-04-24 10:21:57,3398,0,1,5.238,0.0,7.006,1.157,2.514,17.047,27.779
2026-04-24 10:21:58,3399,1,1,1.826,176.811,8.529,1.845,0.428,190.713,25.478
2026-04-24 10:21:58,3400,0,1,5.356,0.0,9.263,2.064,0.418,17.68,26.682
2026-04-24 10:21:58,3401,0,1,10.184,0.0,8.54,1.87,0.416,21.526,26.976
2026-04-24 10:21:58,3402,1,1,4.779,189.831,5.619,1.228,0.297,202.578,24.728
2026-04-24 10:21:58,3403,0,1,1.477,0.0,6.327,1.33,0.294,9.844,26.537
2026-04-24 10:21:58,3404,0,1,5.358,0.0,6.285,1.228,0.339,13.519,28.225
2026-04-24 10:21:58,3405,1,1,2.493,127.45,5.312,1.279,0.294,137.547,26.079
2026-04-24 10:21:58,3406,0,1,1.638,0.0,6.118,1.255,0.293,9.703,28.555
2026-04-24 10:21:58,3407,0,1,6.72,0.0,5.539,1.201,0.302,14.11,30.206
2026-04-24 10:21:58,3408,1,1,2.381,140.794,5.319,1.05,0.227,150.493,27.793
2026-04-24 10:21:58,3409,0,1,1.598,0.0,5.917,1.255,0.336,9.469,29.388
2026-04-24 10:21:58,3410,0,1,2.138,0.0,7.744,1.445,0.303,11.997,30.664
2026-04-24 10:21:58,3411,1,1,5.575,135.044,5.223,1.125,0.294,147.911,28.212
2026-04-24 10:21:59,3412,0,1,1.684,0.0,4.91,1.343,0.299,8.738,31.44
2026-04-24 10:21:59,3413,0,1,2.187,0.0,5.246,1.151,0.276,9.207,32.486
2026-04-24 10:21:59,3414,1,1,1.418,155.611,5.555,1.29,0.3,164.932,29.797
2026-04-24 10:21:59,3415,0,1,2.701,0.0,5.153,1.213,0.287,9.688,32.117
2026-04-24 10:21:59,3416,0,1,11.477,0.0,5.03,0.839,0.209,17.865,31.902
2026-04-24 10:21:59,3417,1,1,12.568,134.547,5.82,1.032,0.239,154.932,29.312
2026-04-24 10:21:59,3418,0,1,2.463,0.0,5.813,1.154,0.283,10.076,31.1
2026-04-24 10:21:59,3419,0,1,4.41,0.0,5.135,1.057,0.378,11.753,32.535
2026-04-24 10:21:59,3420,1,1,2.506,249.256,6.363,0.928,0.206,259.942,29.626
2026-04-24 10:21:59,3421,0,1,1.995,0.0,6.548,1.074,0.261,10.212,30.755
2026-04-24 10:21:59,3422,0,1,2.008,0.0,5.757,1.294,0.323,9.841,31.819
2026-04-24 10:21:59,3423,1,1,5.845,138.016,4.824,1.094,0.257,150.664,29.259
2026-04-24 10:21:59,3424,0,1,2.44,0.0,4.677,1.311,0.339,9.142,32.059
2026-04-24 10:22:00,3425,0,1,2.725,0.0,5.711,1.248,0.27,10.309,33.429
2026-04-24 10:22:00,3426,1,1,1.508,130.809,4.075,0.827,0.224,138.096,30.728
2026-04-24 10:22:00,3427,0,1,2.774,0.0,4.407,0.786,0.185,8.417,32.308
2026-04-24 10:22:00,3428,0,1,3.386,0.0,6.193,1.432,0.32,11.787,32.811
2026-04-24 10:22:00,3429,1,1,2.374,133.081,4.97,1.151,0.303,142.637,30.166
2026-04-24 10:22:00,3430,0,1,1.736,0.0,5.23,1.747,0.334,9.462,32.447
2026-04-24 10:22:00,3431,0,1,1.881,0.0,5.637,1.206,0.289,9.378,33.526
2026-04-24 10:22:00,3432,1,1,2.37,125.878,5.3,0.835,0.268,135.346,30.845
2026-04-24 10:22:00,3433,0,1,1.956,0.0,5.985,1.179,0.304,9.762,32.899
2026-04-24 10:22:00,3434,0,1,13.791,0.0,5.535,1.461,0.338,21.522,33.697
2026-04-24 10:22:00,3435,1,1,2.143,129.558,5.221,1.016,0.233,138.898,30.98
2026-04-24 10:22:00,3436,0,1,2.181,0.0,5.177,1.195,0.302,9.228,32.852
2026-04-24 10:22:00,3437,0,1,1.956,0.0,4.239,1.117,0.245,7.842,34.318
2026-04-24 10:22:00,3438,1,1,2.107,117.541,4.604,1.17,0.298,126.496,31.569
2026-04-24 10:22:00,3439,0,1,1.779,0.0,4.445,1.034,0.246,7.83,33.741
2026-04-24 10:22:00,3440,0,1,1.452,0.0,4.983,1.071,0.243,8.107,34.304
2026-04-24 10:22:01,3441,1,1,2.313,120.229,5.776,1.054,0.241,130.33,31.573
2026-04-24 10:22:01,3442,0,1,1.687,0.0,6.673,1.469,0.324,10.576,32.634
2026-04-24 10:22:01,3443,0,1,2.203,0.0,6.566,1.445,0.379,10.966,33.219
2026-04-24 10:22:01,3444,1,1,6.138,158.43,5.732,1.248,0.265,172.488,30.448
2026-04-24 10:22:01,3445,0,1,1.566,0.0,6.039,1.41,0.286,9.763,31.63
2026-04-24 10:22:01,3446,0,1,3.039,0.0,6.333,1.459,0.317,11.7,31.815
2026-04-24 10:22:01,3447,1,1,5.877,131.385,5.491,1.233,0.285,144.91,29.28
2026-04-24 10:22:01,3448,0,1,2.234,0.0,5.743,1.13,0.27,9.714,30.831
2026-04-24 10:22:01,3449,0,1,2.386,0.0,4.602,1.079,0.279,8.667,32.195
2026-04-24 10:22:01,3450,1,1,2.573,129.981,5.445,1.234,0.281,140.362,29.63
2026-04-24 10:22:01,3451,0,1,2.374,0.0,5.76,1.489,0.332,10.381,31.012
2026-04-24 10:22:01,3452,0,1,2.404,0.0,4.964,1.204,0.502,9.799,31.939
2026-04-24 10:22:01,3453,1,1,1.932,142.137,5.283,1.052,0.234,151.254,29.341
2026-04-24 10:22:02,3454,0,1,1.922,0.0,5.682,1.137,0.267,9.325,30.292
2026-04-24 10:22:02,3455,0,1,11.173,0.0,5.881,1.33,0.293,19.025,30.386
2026-04-24 10:22:02,3456,1,1,12.16,146.652,4.434,1.21,0.356,165.611,27.909
2026-04-24 10:22:02,3457,0,1,1.995,0.0,6.182,1.278,0.318,10.135,29.837
2026-04-24 10:22:02,3458,0,1,1.942,0.0,6.77,1.172,0.452,10.981,30.662
2026-04-24 10:22:02,3459,1,1,1.694,144.504,5.657,1.206,0.324,154.033,28.187
2026-04-24 10:22:02,3460,0,1,1.661,0.0,4.724,1.207,0.33,8.297,31.286
2026-04-24 10:22:02,3461,0,1,2.45,0.0,5.111,1.093,0.269,9.255,32.226
2026-04-24 10:22:02,3462,1,1,2.288,122.488,6.54,1.397,0.32,134.086,29.684
2026-04-24 10:22:02,3463,0,1,1.649,0.0,6.014,1.534,0.387,10.162,30.576
2026-04-24 10:22:02,3464,0,1,2.127,0.0,5.838,1.379,0.364,10.176,31.259
2026-04-24 10:22:02,3465,1,1,1.629,125.112,6.56,1.528,0.338,136.065,28.795
2026-04-24 10:22:02,3466,0,1,2.247,0.0,8.01,1.763,0.394,13.346,28.913
2026-04-24 10:22:02,3467,0,1,2.071,0.0,6.054,1.336,0.322,10.187,29.431
2026-04-24 10:22:03,3468,1,1,2.41,129.433,5.321,1.208,0.266,139.42,27.13
2026-04-24 10:22:03,3469,0,1,1.741,0.0,6.396,1.216,0.304,10.036,28.207
2026-04-24 10:22:03,3470,0,1,2.056,0.0,5.435,1.22,0.384,9.469,29.573
2026-04-24 10:22:03,3471,1,1,2.403,148.317,5.679,1.179,0.274,158.616,27.191
2026-04-24 10:22:03,3472,0,1,2.855,0.0,6.511,1.218,0.299,11.231,28.863
2026-04-24 10:22:03,3473,0,1,2.402,0.0,4.932,1.852,0.468,10.051,30.333
2026-04-24 10:22:03,3474,1,1,1.668,155.344,6.997,1.467,0.335,166.727,27.851
2026-04-24 10:22:03,3475,0,1,3.408,0.0,7.824,1.496,0.336,13.475,28.993
2026-04-24 10:22:03,3476,0,1,2.045,0.0,6.651,2.238,0.356,11.724,29.736
2026-04-24 10:22:03,3477,1,1,1.786,170.558,6.243,1.336,0.525,182.045,27.266
2026-04-24 10:22:03,3478,0,1,2.796,0.0,7.029,1.356,0.318,11.876,28.244
2026-04-24 10:22:03,3479,0,1,2.002,0.0,6.968,1.487,0.409,11.246,29.289
2026-04-24 10:22:04,3480,1,1,2.017,184.392,6.294,1.56,0.314,195.382,26.837
2026-04-24 10:22:04,3481,0,1,1.841,0.0,6.049,1.368,0.303,9.954,27.965
2026-04-24 10:22:04,3482,0,1,2.456,0.0,5.225,1.231,0.296,9.566,29.075
2026-04-24 10:22:04,3483,1,1,4.102,121.868,5.824,1.37,0.297,134.236,26.845
2026-04-24 10:22:04,3484,0,1,1.754,0.0,4.549,1.145,0.336,8.134,28.361
2026-04-24 10:22:04,3485,0,1,2.587,0.0,6.535,0.977,0.334,10.822,30.016
2026-04-24 10:22:04,3486,1,1,2.273,126.654,4.898,1.269,0.264,136.138,27.679
2026-04-24 10:22:04,3487,0,1,2.388,0.0,5.791,1.255,0.305,10.1,29.487
2026-04-24 10:22:04,3488,0,1,5.615,0.0,7.276,1.1,0.44,14.801,29.832
2026-04-24 10:22:04,3489,1,1,6.06,121.265,6.356,1.316,0.298,136.121,27.509
2026-04-24 10:22:04,3490,0,1,1.627,0.0,6.286,1.007,0.253,9.534,28.861
2026-04-24 10:22:04,3491,0,1,6.148,0.0,5.665,1.494,0.301,14.002,29.531
2026-04-24 10:22:04,3492,1,1,10.009,113.85,5.679,1.358,0.296,132.037,27.26
2026-04-24 10:22:04,3493,0,1,1.782,0.0,6.428,1.324,0.33,10.25,28.575
2026-04-24 10:22:04,3494,0,1,1.766,0.0,5.662,1.349,0.321,9.514,29.907
2026-04-24 10:22:05,3495,1,1,5.58,143.381,6.86,1.618,0.362,158.737,27.489
2026-04-24 10:22:05,3496,0,1,2.0,0.0,8.87,2.511,0.365,14.355,28.73
2026-04-24 10:22:05,3497,0,1,7.402,0.0,26.105,1.651,0.339,36.457,29.942
2026-04-24 10:22:05,3498,1,1,16.801,141.593,6.581,1.496,0.337,167.661,27.474
2026-04-24 10:22:05,3499,0,1,1.588,0.0,6.056,1.567,0.754,10.747,28.705
2026-04-24 10:22:05,3500,0,1,2.539,0.0,5.896,1.312,0.316,10.41,29.598
2026-04-24 10:22:05,3501,1,1,1.794,145.965,5.789,1.298,0.307,156.001,27.221
2026-04-24 10:22:05,3502,0,1,2.247,0.0,6.65,1.391,0.338,11.036,27.942
2026-04-24 10:22:05,3503,0,1,1.91,0.0,6.046,1.5,0.339,10.197,29.239
2026-04-24 10:22:05,3504,1,1,19.724,165.478,6.383,1.421,0.309,194.417,26.793
2026-04-24 10:22:05,3505,0,1,2.89,0.0,7.16,1.447,0.352,12.275,26.847
2026-04-24 10:22:05,3506,0,1,2.212,0.0,5.908,1.355,0.296,10.187,27.822
2026-04-24 10:22:06,3507,1,1,2.205,190.229,6.522,1.383,0.308,201.751,25.501
2026-04-24 10:22:06,3508,0,1,7.582,0.0,6.733,1.356,0.552,16.642,26.96
2026-04-24 10:22:06,3509,0,1,2.64,0.0,6.671,1.373,0.307,11.365,28.26
2026-04-24 10:22:06,3510,1,1,16.389,176.004,5.336,1.008,0.24,199.809,25.925
2026-04-24 10:22:06,3511,0,1,2.275,0.0,6.922,1.479,0.379,11.462,26.909
2026-04-24 10:22:06,3512,0,1,2.18,0.0,6.018,1.736,0.62,11.07,28.114
2026-04-24 10:22:06,3513,1,1,4.116,146.405,6.466,1.389,0.298,159.518,25.864
2026-04-24 10:22:06,3514,0,1,2.626,0.0,6.097,1.4,0.393,11.684,27.213
2026-04-24 10:22:06,3515,0,1,3.576,0.0,6.214,1.41,0.337,11.95,28.658
2026-04-24 10:22:06,3516,1,1,1.945,150.042,6.028,1.405,0.328,160.579,26.359
2026-04-24 10:22:06,3517,0,1,2.42,0.0,6.127,1.437,0.343,10.746,27.57
2026-04-24 10:22:06,3518,0,1,2.886,0.0,6.714,1.445,0.333,11.787,28.884
2026-04-24 10:22:06,3519,1,1,1.661,135.557,6.452,1.367,0.32,146.212,26.613
2026-04-24 10:22:06,3520,0,1,1.995,0.0,6.605,1.446,0.349,10.779,27.718
2026-04-24 10:22:07,3521,0,1,1.744,0.0,5.588,1.719,0.883,10.921,29.149
2026-04-24 10:22:07,3522,1,1,1.638,152.626,6.562,1.203,0.277,163.055,26.785
2026-04-24 10:22:07,3523,0,1,13.14,0.0,12.723,1.495,0.357,28.156,26.14
2026-04-24 10:22:07,3524,0,1,1.803,0.0,28.248,1.501,0.417,33.661,26.465
2026-04-24 10:22:07,3525,1,1,1.582,198.119,6.626,1.365,0.363,208.915,24.284
2026-04-24 10:22:07,3526,0,1,1.944,0.0,8.466,1.542,0.346,12.716,25.357
2026-04-24 10:22:07,3527,0,1,2.017,0.0,7.221,2.042,0.368,12.038,26.58
2026-04-24 10:22:07,3528,1,1,4.399,195.075,6.392,1.449,0.333,208.566,24.366
2026-04-24 10:22:07,3529,0,1,6.897,0.0,7.082,1.622,0.363,16.379,25.815
2026-04-24 10:22:07,3530,0,1,5.117,0.0,6.849,1.555,0.357,14.432,26.976
2026-04-24 10:22:08,3531,1,1,7.452,379.6,7.539,1.656,0.322,397.483,24.525
2026-04-24 10:22:08,3532,0,1,6.47,0.0,7.053,1.385,0.32,15.609,25.836
2026-04-24 10:22:08,3533,0,1,7.75,0.0,6.775,1.552,0.352,17.041,27.431
2026-04-24 10:22:08,3534,1,1,2.06,267.778,8.787,1.957,0.368,281.899,25.022
2026-04-24 10:22:08,3535,0,1,1.729,0.0,7.081,1.983,0.344,11.546,25.927
2026-04-24 10:22:08,3536,0,1,1.979,0.0,7.244,1.532,0.369,11.538,26.763
2026-04-24 10:22:08,3537,1,1,1.755,173.968,6.487,1.349,0.323,184.721,24.581
2026-04-24 10:22:08,3538,0,1,4.87,0.0,6.653,1.407,0.344,13.684,25.974
2026-04-24 10:22:08,3539,0,1,1.849,0.0,6.472,1.643,0.329,10.689,27.121
2026-04-24 10:22:09,3540,1,1,2.145,188.247,6.332,1.414,0.349,199.42,24.866
2026-04-24 10:22:09,3541,0,1,1.578,0.0,7.42,1.494,0.365,11.296,25.73
2026-04-24 10:22:09,3542,0,1,2.238,0.0,7.711,1.627,0.382,12.392,26.592
2026-04-24 10:22:09,3543,1,1,2.104,268.445,6.142,1.387,0.333,279.256,24.271
2026-04-24 10:22:09,3544,0,1,7.448,0.0,6.283,1.374,0.355,15.864,25.923
2026-04-24 10:22:09,3545,0,1,2.587,0.0,7.919,1.426,0.356,12.7,26.93
2026-04-24 10:22:09,3546,1,1,1.945,255.942,6.432,1.451,0.327,266.962,24.588
2026-04-24 10:22:09,3547,0,1,2.38,0.0,4.935,0.963,0.248,8.882,26.131
2026-04-24 10:22:09,3548,0,1,2.004,0.0,6.527,1.482,0.331,10.731,27.572
2026-04-24 10:22:10,3549,1,1,2.334,141.853,6.37,1.419,0.333,153.403,25.406
2026-04-24 10:22:10,3550,0,1,1.669,0.0,6.525,1.54,0.416,10.566,26.758
2026-04-24 10:22:10,3551,0,1,2.298,0.0,7.196,1.575,0.404,11.928,27.815
2026-04-24 10:22:10,3552,1,1,1.858,491.695,7.453,1.394,0.448,503.972,25.226
2026-04-24 10:22:10,3553,0,1,2.0,0.0,7.141,1.633,0.358,11.51,26.219
2026-04-24 10:22:10,3554,0,1,2.372,0.0,11.205,1.394,0.341,16.09,27.233
2026-04-24 10:22:10,3555,1,1,1.951,206.612,6.751,1.461,0.383,218.251,24.926
2026-04-24 10:22:10,3556,0,1,3.229,0.0,7.05,1.926,0.353,12.954,25.723
2026-04-24 10:22:10,3557,0,1,1.767,0.0,7.876,1.694,0.376,12.127,26.778
2026-04-24 10:22:11,3558,1,1,12.35,234.96,7.083,1.755,0.346,257.378,24.474
2026-04-24 10:22:11,3559,0,1,2.163,0.0,7.556,1.61,0.356,12.085,25.728
2026-04-24 10:22:11,3560,0,1,3.992,0.0,6.626,1.389,0.334,12.752,26.872
2026-04-24 10:22:11,3561,1,1,1.866,187.725,6.277,1.464,0.327,198.513,24.643
2026-04-24 10:22:11,3562,0,1,1.56,0.0,8.214,1.453,0.367,11.995,26.156
2026-04-24 10:22:11,3563,0,1,2.24,0.0,6.632,2.379,0.427,12.083,27.058
2026-04-24 10:22:11,3564,1,1,5.52,180.489,7.251,1.512,0.358,196.07,24.823
2026-04-24 10:22:11,3565,0,1,2.238,0.0,6.918,1.644,0.376,11.626,25.788
2026-04-24 10:22:11,3566,0,1,9.757,0.0,5.988,1.572,0.389,18.132,27.011
2026-04-24 10:22:12,3567,1,1,2.351,199.099,6.575,1.359,0.334,210.633,24.752
2026-04-24 10:22:12,3568,0,1,6.592,0.0,7.076,1.516,0.405,15.996,26.226
2026-04-24 10:22:12,3569,0,1,1.952,0.0,7.07,1.607,0.371,11.406,27.32
2026-04-24 10:22:12,3570,1,1,2.438,424.402,7.066,1.656,0.333,436.944,24.808
2026-04-24 10:22:12,3571,0,1,16.698,0.0,8.577,1.58,0.359,27.62,24.003
2026-04-24 10:22:12,3572,0,1,17.119,0.0,6.52,1.522,1.422,27.149,25.075
2026-04-24 10:22:12,3573,1,1,2.574,234.695,7.454,1.558,0.378,247.669,22.944
2026-04-24 10:22:12,3574,0,1,2.085,0.0,6.472,1.641,0.363,10.945,24.25
2026-04-24 10:22:12,3575,0,1,2.173,0.0,6.879,1.491,0.372,11.339,25.63
2026-04-24 10:22:13,3576,1,1,1.891,210.491,6.766,1.445,0.374,222.092,23.481
2026-04-24 10:22:13,3577,0,1,8.43,0.0,6.836,1.469,0.37,17.506,24.775
2026-04-24 10:22:13,3578,0,1,1.794,0.0,7.037,1.457,0.325,11.026,26.363
2026-04-24 10:22:13,3579,1,1,1.747,185.161,7.82,1.788,0.455,198.143,24.19
2026-04-24 10:22:13,3580,0,1,1.702,0.0,7.208,1.602,0.395,11.316,25.05
2026-04-24 10:22:13,3581,0,1,1.98,0.0,7.243,1.656,0.641,12.014,26.182
2026-04-24 10:22:13,3582,1,1,1.826,423.697,7.39,1.95,0.52,436.455,23.784
2026-04-24 10:22:14,3583,0,1,1.615,0.0,8.166,1.388,0.495,12.173,24.571
2026-04-24 10:22:14,3584,0,1,3.801,0.0,6.213,1.214,0.389,12.086,25.368
2026-04-24 10:22:14,3585,1,1,2.187,202.838,7.394,1.858,0.436,215.923,23.26
2026-04-24 10:22:14,3586,0,1,1.651,0.0,8.14,1.981,0.451,12.793,24.292
2026-04-24 10:22:14,3587,0,1,2.336,0.0,7.317,1.781,0.463,12.51,25.097
2026-04-24 10:22:14,3588,1,1,1.908,166.323,7.446,1.916,0.426,179.169,23.098
2026-04-24 10:22:14,3589,0,1,2.394,0.0,5.816,1.549,0.698,10.968,24.343
2026-04-24 10:22:14,3590,0,1,1.977,0.0,4.646,1.477,0.348,9.183,26.274
2026-04-24 10:22:14,3591,1,1,2.245,165.929,7.98,1.81,0.392,179.662,24.158
2026-04-24 10:22:14,3592,0,1,3.261,0.0,7.622,1.536,0.24,13.202,25.905
2026-04-24 10:22:14,3593,0,1,2.134,0.0,8.108,1.912,0.428,13.158,25.813
2026-04-24 10:22:15,3594,1,1,2.527,168.079,7.431,1.859,0.408,181.347,23.726
2026-04-24 10:22:15,3595,0,1,2.636,0.0,9.093,1.96,0.29,14.502,24.997
2026-04-24 10:22:15,3596,0,1,2.014,0.0,8.253,1.829,0.292,12.932,26.471
2026-04-24 10:22:15,3597,1,1,2.111,163.492,8.226,1.817,0.388,177.248,24.336
2026-04-24 10:22:15,3598,0,1,2.042,0.0,7.752,1.278,0.27,11.685,25.676
2026-04-24 10:22:15,3599,0,1,2.569,0.0,8.118,1.898,0.456,13.66,26.509
2026-04-24 10:22:15,3600,1,1,1.522,178.13,8.296,1.937,0.457,191.35,24.337
2026-04-24 10:22:15,3601,0,1,2.166,0.0,7.769,1.692,0.386,12.601,25.379
2026-04-24 10:22:15,3602,0,1,2.043,0.0,5.733,1.233,0.291,9.921,26.46
2026-04-24 10:22:15,3603,1,1,2.585,181.163,6.028,1.736,0.267,192.705,24.29
2026-04-24 10:22:15,3604,0,1,1.952,0.0,6.899,1.833,0.506,11.862,26.046
2026-04-24 10:22:15,3605,0,1,2.126,0.0,5.853,1.483,0.313,10.2,26.74
2026-04-24 10:22:16,3606,1,1,2.171,159.214,7.912,1.822,0.483,172.62,24.6
2026-04-24 10:22:16,3607,0,1,2.748,0.0,8.441,2.006,0.463,14.181,25.918
2026-04-24 10:22:16,3608,0,1,4.277,0.0,8.492,1.122,0.348,14.714,26.834
2026-04-24 10:22:16,3609,1,1,2.158,161.938,8.153,1.865,0.437,175.681,24.674
2026-04-24 10:22:16,3610,0,1,2.138,0.0,7.915,1.208,0.295,12.041,25.725
2026-04-24 10:22:16,3611,0,1,2.27,0.0,7.807,1.95,0.42,13.016,26.619
2026-04-24 10:22:16,3612,1,1,1.475,174.421,8.362,1.852,0.497,187.788,24.444
2026-04-24 10:22:16,3613,0,1,2.265,0.0,6.757,0.957,0.257,10.914,25.284
2026-04-24 10:22:16,3614,0,1,1.678,0.0,7.855,2.207,0.452,12.692,27.138
2026-04-24 10:22:16,3615,1,1,2.169,159.297,8.194,1.952,0.433,173.168,24.95
2026-04-24 10:22:16,3616,0,1,1.806,0.0,7.52,1.932,0.3,11.906,25.927
2026-04-24 10:22:16,3617,0,1,5.328,0.0,8.418,1.915,0.459,16.624,26.697
2026-04-24 10:22:17,3618,1,1,8.235,162.031,6.687,1.845,0.382,180.273,24.554
2026-04-24 10:22:17,3619,0,1,2.546,0.0,7.575,2.091,0.514,13.263,25.753
2026-04-24 10:22:17,3620,0,1,19.691,0.0,9.347,1.91,0.265,31.818,25.034
2026-04-24 10:22:17,3621,1,1,2.126,245.385,6.203,0.988,0.443,256.228,22.909
2026-04-24 10:22:17,3622,0,1,2.093,0.0,6.261,1.754,0.469,11.146,25.489
2026-04-24 10:22:17,3623,0,1,1.864,0.0,6.008,1.716,0.431,10.659,26.16
2026-04-24 10:22:17,3624,1,1,2.003,190.099,5.356,1.66,0.478,200.872,23.996
2026-04-24 10:22:17,3625,0,1,2.186,0.0,5.009,2.794,0.419,10.993,24.762
2026-04-24 10:22:17,3626,0,1,1.95,0.0,4.589,2.056,0.555,9.632,25.402
2026-04-24 10:22:17,3627,1,0,1.994,189.093,3.678,1.381,0.355,196.894,23.311
2026-04-24 10:22:17,3628,0,0,9.148,0.0,4.117,1.023,0.259,15.14,24.653
2026-04-24 10:22:18,3629,0,0,1.714,0.0,4.696,1.777,0.311,9.011,25.069
2026-04-24 10:22:18,3630,1,1,7.053,189.537,5.626,1.787,0.238,205.363,23.022
2026-04-24 10:22:18,3631,0,1,2.056,0.0,5.452,2.147,0.461,10.501,23.815
2026-04-24 10:22:18,3632,0,1,1.723,0.0,5.731,1.511,0.494,10.003,24.931
2026-04-24 10:22:18,3633,1,0,1.888,174.797,5.152,1.208,0.462,184.001,22.931
2026-04-24 10:22:18,3634,0,0,2.004,0.0,4.131,1.872,0.384,8.885,24.89
2026-04-24 10:22:18,3635,0,0,2.273,0.0,5.883,1.375,0.506,10.527,26.251
2026-04-24 10:22:18,3636,1,1,2.275,194.284,6.139,1.196,0.255,204.959,24.08
2026-04-24 10:22:18,3637,0,1,3.322,0.0,5.927,1.476,0.504,11.708,25.434
2026-04-24 10:22:18,3638,0,1,4.428,0.0,5.367,1.299,0.326,12.144,26.459
2026-04-24 10:22:19,3639,1,1,1.91,175.873,6.879,1.934,0.414,188.102,24.302
2026-04-24 10:22:19,3640,0,1,1.986,0.0,5.512,1.444,0.271,9.586,25.457
2026-04-24 10:22:19,3641,0,1,5.826,0.0,8.058,1.122,0.451,15.942,27.155
2026-04-24 10:22:19,3642,1,1,8.633,207.033,7.833,1.546,0.371,226.387,24.863
2026-04-24 10:22:19,3643,0,1,1.913,0.0,6.672,1.525,0.333,10.958,25.849
2026-04-24 10:22:19,3644,0,1,1.593,0.0,7.737,2.062,0.509,12.476,27.125
2026-04-24 10:22:19,3645,1,1,2.006,212.563,8.759,1.795,0.34,226.486,24.82
2026-04-24 10:22:19,3646,0,1,2.061,0.0,6.446,1.211,0.517,10.796,25.873
2026-04-24 10:22:19,3647,0,1,2.164,0.0,6.854,1.564,0.453,11.457,26.551
2026-04-24 10:22:19,3648,1,1,1.523,199.956,7.421,1.94,0.377,211.968,24.338
2026-04-24 10:22:19,3649,0,1,1.85,0.0,7.104,1.438,0.449,11.231,25.318
2026-04-24 10:22:19,3650,0,1,2.164,0.0,7.994,2.012,0.336,12.923,26.114
2026-04-24 10:22:20,3651,1,1,2.246,218.441,7.557,1.417,0.447,230.997,23.912
2026-04-24 10:22:20,3652,0,1,1.782,0.0,6.999,1.579,0.506,11.393,25.489
2026-04-24 10:22:20,3653,0,1,2.113,0.0,6.983,2.088,0.43,12.106,26.197
2026-04-24 10:22:20,3654,1,1,1.772,198.973,6.726,1.874,0.408,210.775,24.013
2026-04-24 10:22:20,3655,0,1,1.508,0.0,6.038,1.404,0.284,9.604,25.258
2026-04-24 10:22:20,3656,0,1,1.71,0.0,6.187,1.322,0.382,10.126,26.713
2026-04-24 10:22:20,3657,1,1,1.777,185.962,8.232,1.925,0.417,199.432,24.508
2026-04-24 10:22:20,3658,0,1,1.798,0.0,8.209,1.767,0.284,12.472,25.794
2026-04-24 10:22:20,3659,0,1,4.973,0.0,7.49,1.296,0.305,14.587,26.671
2026-04-24 10:22:21,3660,1,1,2.61,169.91,6.21,1.161,0.352,181.107,24.503
2026-04-24 10:22:21,3661,0,1,2.122,0.0,7.08,1.383,0.508,11.652,25.958
2026-04-24 10:22:21,3662,0,1,2.298,0.0,6.278,1.281,0.286,10.688,27.051
2026-04-24 10:22:21,3663,1,1,1.613,170.213,6.205,1.843,0.393,181.258,24.859
2026-04-24 10:22:21,3664,0,1,1.848,0.0,6.74,1.367,0.403,10.843,26.254
2026-04-24 10:22:21,3665,0,1,2.438,0.0,7.892,2.039,0.504,13.446,27.555
2026-04-24 10:22:21,3666,1,1,1.902,157.686,7.991,1.843,0.456,170.933,25.325
2026-04-24 10:22:21,3667,0,1,1.71,0.0,8.671,1.219,0.353,12.542,26.751
2026-04-24 10:22:21,3668,0,1,2.386,0.0,5.215,1.604,0.293,9.984,27.266
2026-04-24 10:22:21,3669,1,1,2.405,204.018,8.109,1.883,0.434,217.958,24.971
2026-04-24 10:22:21,3670,0,1,1.962,0.0,7.264,1.342,0.449,11.521,25.929
2026-04-24 10:22:21,3671,0,1,1.803,0.0,8.08,2.135,0.43,12.986,26.534
2026-04-24 10:22:22,3672,1,1,1.935,160.898,5.637,1.791,0.425,171.649,24.405
2026-04-24 10:22:22,3673,0,1,1.556,0.0,6.423,1.186,0.267,9.672,26.2
2026-04-24 10:22:22,3674,0,1,15.269,0.0,7.041,1.699,0.387,24.809,25.453
2026-04-24 10:22:22,3675,1,1,2.107,242.31,7.907,1.884,0.415,255.748,23.294
2026-04-24 10:22:22,3676,0,1,2.166,0.0,8.069,1.011,0.24,11.986,24.469
2026-04-24 10:22:22,3677,0,1,2.185,0.0,7.106,1.587,0.431,11.873,25.029
2026-04-24 10:22:22,3678,1,1,2.66,178.783,7.947,1.831,0.451,192.798,23.003
2026-04-24 10:22:22,3679,0,1,2.319,0.0,8.173,1.894,0.427,13.405,23.836
2026-04-24 10:22:22,3680,0,1,2.226,0.0,5.238,1.709,0.421,9.99,24.935
2026-04-24 10:22:22,3681,1,1,2.682,160.167,6.318,1.208,0.455,171.966,22.965
2026-04-24 10:22:22,3682,0,1,5.098,0.0,5.797,1.16,0.302,12.832,25.084
2026-04-24 10:22:22,3683,0,1,1.473,0.0,5.654,1.162,0.27,9.115,26.973
2026-04-24 10:22:23,3684,1,1,3.618,170.712,7.245,1.887,0.456,185.17,24.777
2026-04-24 10:22:23,3685,0,1,1.954,0.0,6.452,1.358,0.686,10.817,25.931
2026-04-24 10:22:23,3686,0,1,1.722,0.0,6.673,1.957,0.255,11.001,27.483
2026-04-24 10:22:23,3687,1,1,2.56,179.175,8.705,1.837,0.418,193.861,25.212
2026-04-24 10:22:23,3688,0,1,1.719,0.0,7.742,1.926,0.264,12.104,26.379
2026-04-24 10:22:23,3689,0,1,2.696,0.0,8.506,1.818,0.423,14.04,26.811
2026-04-24 10:22:23,3690,1,1,1.805,192.366,8.363,1.87,0.434,206.074,24.575
2026-04-24 10:22:23,3691,0,1,2.222,0.0,5.864,1.079,0.227,9.973,25.093
2026-04-24 10:22:23,3692,0,1,1.754,0.0,6.245,1.75,0.236,10.487,26.809
2026-04-24 10:22:23,3693,1,1,2.26,174.209,8.407,1.885,0.423,188.326,24.623
2026-04-24 10:22:23,3694,0,1,2.1,0.0,8.841,2.032,0.423,14.013,26.017
2026-04-24 10:22:24,3695,0,1,2.207,0.0,5.041,1.272,0.324,9.335,27.165
2026-04-24 10:22:24,3696,1,1,2.141,175.446,6.389,1.743,0.404,187.183,24.935
2026-04-24 10:22:24,3697,0,1,1.996,0.0,7.0,1.229,0.29,11.152,26.187
2026-04-24 10:22:24,3698,0,1,1.705,0.0,8.479,1.866,0.246,12.794,27.411
2026-04-24 10:22:24,3699,1,1,2.203,180.916,6.309,1.835,0.465,192.962,25.137
2026-04-24 10:22:24,3700,0,1,2.023,0.0,7.838,1.168,0.451,11.977,26.453
2026-04-24 10:22:24,3701,0,1,1.967,0.0,7.732,1.335,0.284,11.666,27.294
2026-04-24 10:22:24,3702,1,1,17.98,192.5,8.296,1.81,0.41,222.089,24.982
2026-04-24 10:22:24,3703,0,1,1.719,0.0,5.705,1.015,0.253,9.189,26.281
2026-04-24 10:22:24,3704,0,1,2.203,0.0,7.287,1.24,0.244,11.469,27.688
2026-04-24 10:22:25,3705,1,1,1.79,168.367,7.838,1.852,0.25,181.147,25.433
2026-04-24 10:22:25,3706,0,1,1.85,0.0,5.034,1.153,0.321,8.852,26.239
2026-04-24 10:22:25,3707,0,1,1.619,0.0,8.206,2.015,0.413,12.842,27.266
2026-04-24 10:22:25,3708,1,1,2.097,175.35,7.15,1.63,0.221,187.342,25.027
2026-04-24 10:22:25,3709,0,1,1.555,0.0,5.761,1.9,0.258,10.003,26.692
2026-04-24 10:22:25,3710,0,1,1.612,0.0,8.375,1.897,0.505,12.957,27.754
2026-04-24 10:22:25,3711,1,1,1.915,165.815,5.755,1.827,0.427,176.896,25.48
2026-04-24 10:22:25,3712,0,1,2.594,0.0,6.066,1.629,0.272,11.054,26.148
2026-04-24 10:22:25,3713,0,1,2.155,0.0,6.369,1.505,0.412,10.923,27.277
2026-04-24 10:22:25,3714,1,1,1.697,175.039,7.121,1.666,0.428,186.96,25.043
2026-04-24 10:22:25,3715,0,1,1.584,0.0,6.691,1.288,0.296,10.266,26.349
2026-04-24 10:22:25,3716,0,1,2.078,0.0,7.146,1.692,0.391,11.874,27.551
2026-04-24 10:22:26,3717,1,1,2.682,174.5,8.187,1.817,0.384,188.729,25.284
2026-04-24 10:22:26,3718,0,1,2.341,0.0,6.443,1.927,0.429,11.653,25.388
2026-04-24 10:22:26,3719,0,1,1.62,0.0,5.181,1.819,0.421,9.593,26.748
2026-04-24 10:22:26,3720,1,1,7.97,162.479,5.448,0.844,0.361,178.057,24.603
2026-04-24 10:22:26,3721,0,1,1.948,0.0,7.57,1.563,0.44,12.042,26.256
2026-04-24 10:22:26,3722,0,1,2.409,0.0,7.593,2.018,0.378,12.879,27.009
2026-04-24 10:22:26,3723,1,1,1.995,165.242,7.927,2.016,0.454,178.945,24.817
2026-04-24 10:22:26,3724,0,1,1.676,0.0,5.723,1.787,0.491,10.168,25.732
2026-04-24 10:22:26,3725,0,1,2.433,0.0,6.511,1.053,0.277,10.791,26.791
2026-04-24 10:22:26,3726,1,1,2.412,287.68,7.373,1.89,0.425,300.746,24.43
2026-04-24 10:22:26,3727,0,1,1.489,0.0,6.834,1.69,0.322,10.779,25.815
2026-04-24 10:22:26,3728,0,1,2.376,0.0,7.593,1.45,0.309,12.152,27.085
2026-04-24 10:22:27,3729,1,1,1.773,186.576,8.662,1.532,0.462,200.109,24.845
2026-04-24 10:22:27,3730,0,1,1.917,0.0,5.838,2.126,0.858,11.173,25.811
2026-04-24 10:22:27,3731,0,1,1.565,0.0,7.426,1.099,0.462,11.106,26.699
2026-04-24 10:22:27,3732,1,1,2.037,165.369,8.062,1.928,0.408,178.99,24.549
2026-04-24 10:22:27,3733,0,1,2.644,0.0,4.508,1.939,0.426,9.981,25.686
2026-04-24 10:22:27,3734,0,1,2.181,0.0,6.847,1.191,0.383,11.163,26.959
2026-04-24 10:22:27,3735,1,1,2.026,163.512,6.648,1.788,0.447,175.586,24.79
2026-04-24 10:22:27,3736,0,1,1.976,0.0,6.922,1.572,0.312,11.233,26.159
2026-04-24 10:22:27,3737,0,1,2.173,0.0,7.661,2.169,0.454,12.956,27.261
2026-04-24 10:22:27,3738,1,1,1.976,160.37,8.487,1.816,0.413,174.225,25.058
2026-04-24 10:22:27,3739,0,1,1.688,0.0,8.436,2.103,0.37,13.178,26.47
2026-04-24 10:22:27,3740,0,1,1.763,0.0,7.026,1.881,0.427,11.649,27.068
2026-04-24 10:22:28,3741,1,1,1.867,170.656,8.405,1.919,0.42,184.475,24.858
2026-04-24 10:22:28,3742,0,1,2.18,0.0,8.077,2.017,0.345,13.111,26.054
2026-04-24 10:22:28,3743,0,1,4.938,0.0,7.988,1.875,0.433,15.789,26.659
2026-04-24 10:22:28,3744,1,1,22.156,158.042,8.419,1.824,0.417,192.108,24.472
2026-04-24 10:22:28,3745,0,1,1.728,0.0,5.493,1.32,0.361,9.417,25.391
2026-04-24 10:22:28,3746,0,1,2.22,0.0,7.865,1.937,0.426,12.94,26.215
2026-04-24 10:22:28,3747,1,1,3.85,192.978,7.772,1.909,0.422,207.916,24.047
2026-04-24 10:22:28,3748,0,1,1.596,0.0,6.758,1.107,0.279,10.187,25.504
2026-04-24 10:22:28,3749,0,1,1.946,0.0,6.022,1.21,0.343,10.059,26.701
2026-04-24 10:22:28,3750,1,1,2.066,165.848,8.4,1.857,0.487,180.101,24.552
2026-04-24 10:22:29,3751,0,1,2.124,0.0,6.38,1.424,0.411,10.903,26.034
2026-04-24 10:22:29,3752,0,1,3.584,0.0,6.575,1.451,0.466,12.598,26.795
2026-04-24 10:22:29,3753,1,1,1.581,191.61,7.396,1.976,0.363,203.872,24.572
2026-04-24 10:22:29,3754,0,1,2.36,0.0,5.701,1.275,0.449,10.346,25.733
2026-04-24 10:22:29,3755,0,1,1.968,0.0,6.782,1.858,0.502,11.599,27.0
2026-04-24 10:22:29,3756,1,1,4.194,209.822,7.577,2.021,0.412,224.969,24.718
2026-04-24 10:22:29,3757,0,1,1.548,0.0,7.296,1.853,0.37,11.576,25.557
2026-04-24 10:22:29,3758,0,1,1.572,0.0,9.359,1.126,0.31,12.905,26.62
2026-04-24 10:22:29,3759,1,1,2.24,217.902,8.126,2.176,0.424,232.068,24.35
2026-04-24 10:22:29,3760,0,1,2.313,0.0,5.559,1.71,0.837,11.081,25.005
2026-04-24 10:22:29,3761,0,1,2.065,0.0,6.714,1.883,0.489,11.676,24.876
2026-04-24 10:22:30,3762,1,1,2.483,182.317,8.193,2.055,0.457,196.587,22.858
2026-04-24 10:22:30,3763,0,1,1.985,0.0,6.426,1.57,0.291,10.787,24.178
2026-04-24 10:22:30,3764,0,1,2.048,0.0,7.504,1.2,0.536,11.874,25.689
2026-04-24 10:22:30,3765,1,1,1.739,180.88,8.029,1.963,0.517,194.298,23.594
2026-04-24 10:22:30,3766,0,1,1.858,0.0,8.596,2.249,0.456,13.65,24.621
2026-04-24 10:22:30,3767,0,1,1.559,0.0,4.998,1.613,0.407,9.019,25.585
2026-04-24 10:22:30,3768,1,1,1.836,195.456,8.326,1.391,0.394,208.582,23.479
2026-04-24 10:22:30,3769,0,1,1.857,0.0,5.743,1.172,0.429,9.8,24.805
2026-04-24 10:22:30,3770,0,1,1.593,0.0,10.536,1.408,0.268,14.37,25.566
2026-04-24 10:22:31,3771,1,1,30.656,306.036,7.821,1.886,0.429,347.867,23.285
2026-04-24 10:22:31,3772,0,1,2.749,0.0,8.092,1.422,0.238,12.892,24.302
2026-04-24 10:22:31,3773,0,1,1.865,0.0,7.417,1.513,0.274,11.417,25.561
2026-04-24 10:22:31,3774,1,1,1.952,189.136,8.525,1.729,0.488,202.801,23.461
2026-04-24 10:22:31,3775,0,1,1.509,0.0,6.957,1.342,0.275,10.728,24.301
2026-04-24 10:22:31,3776,0,1,2.31,0.0,6.785,1.529,0.511,11.634,25.096
2026-04-24 10:22:31,3777,1,1,1.993,203.169,7.161,1.903,0.414,215.347,23.013
2026-04-24 10:22:31,3778,0,1,2.558,0.0,5.72,1.261,0.377,10.45,23.769
2026-04-24 10:22:31,3779,0,1,1.978,0.0,6.137,1.478,0.403,10.39,25.159
2026-04-24 10:22:31,3780,1,1,2.026,165.599,8.003,1.897,0.414,178.982,23.161
2026-04-24 10:22:31,3781,0,1,1.697,0.0,6.276,1.254,0.406,10.191,24.589
2026-04-24 10:22:31,3782,0,1,1.521,0.0,6.003,1.52,0.297,9.955,26.325
2026-04-24 10:22:32,3783,1,1,1.73,163.571,7.915,1.901,0.429,176.708,24.217
2026-04-24 10:22:32,3784,0,1,2.672,0.0,7.806,1.352,0.255,12.566,25.296
2026-04-24 10:22:32,3785,0,1,3.165,0.0,7.729,1.952,0.447,13.892,26.068
2026-04-24 10:22:32,3786,1,1,2.212,162.19,8.439,1.861,0.418,176.392,23.981
2026-04-24 10:22:32,3787,0,1,2.166,0.0,8.281,2.113,0.263,13.37,25.606
2026-04-24 10:22:32,3788,0,1,1.765,0.0,8.525,1.954,0.472,13.201,26.018
2026-04-24 10:22:32,3789,1,1,7.848,191.926,8.431,1.966,0.422,211.688,23.863
2026-04-24 10:22:32,3790,0,1,1.972,0.0,7.533,2.005,0.47,12.522,25.343
2026-04-24 10:22:32,3791,0,1,1.755,0.0,6.365,1.492,0.349,10.474,26.615
2026-04-24 10:22:32,3792,1,1,1.598,171.209,8.733,1.955,0.438,185.07,24.449
2026-04-24 10:22:33,3793,0,1,2.073,0.0,8.399,1.858,0.417,13.238,25.538
2026-04-24 10:22:33,3794,0,1,2.05,0.0,5.849,1.895,0.232,10.55,26.525
2026-04-24 10:22:33,3795,1,1,3.299,177.137,7.82,1.787,0.436,191.672,24.361
2026-04-24 10:22:33,3796,0,1,2.596,0.0,8.789,1.867,0.506,14.106,25.414
2026-04-24 10:22:33,3797,0,1,2.086,0.0,6.983,1.932,0.448,12.027,26.219
2026-04-24 10:22:33,3798,1,1,1.746,166.374,6.351,1.325,0.348,177.088,24.102
2026-04-24 10:22:33,3799,0,1,1.923,0.0,7.313,1.096,0.273,11.108,25.565
2026-04-24 10:22:33,3800,0,1,1.938,0.0,6.165,0.946,0.231,9.769,26.833
2026-04-24 10:22:33,3801,1,1,7.476,171.685,7.496,1.865,0.428,190.121,24.661
2026-04-24 10:22:33,3802,0,1,1.814,0.0,6.747,1.571,0.455,10.922,25.897
2026-04-24 10:22:33,3803,0,1,9.705,0.0,6.584,1.303,0.258,18.37,27.185
2026-04-24 10:22:34,3804,1,1,1.85,181.863,8.422,1.635,0.47,195.304,24.942
2026-04-24 10:22:34,3805,0,1,1.747,0.0,7.528,1.86,0.457,11.989,26.215
2026-04-24 10:22:34,3806,0,1,5.868,0.0,8.977,1.396,0.488,17.103,26.781
2026-04-24 10:22:34,3807,1,1,1.768,205.728,6.774,1.543,0.427,217.05,24.517
2026-04-24 10:22:34,3808,0,1,1.608,0.0,8.404,1.834,0.422,12.8,26.013
2026-04-24 10:22:34,3809,0,1,8.943,0.0,6.938,1.462,0.319,18.162,25.947
2026-04-24 10:22:34,3810,1,1,9.619,173.413,7.19,1.832,0.42,193.507,23.838
2026-04-24 10:22:34,3811,0,1,1.885,0.0,7.955,1.273,0.328,11.962,24.708
2026-04-24 10:22:34,3812,0,1,1.952,0.0,6.003,1.388,0.376,10.643,25.772
2026-04-24 10:22:34,3813,1,1,3.184,164.704,6.623,1.829,0.431,177.741,23.709
2026-04-24 10:22:34,3814,0,1,1.712,0.0,7.063,1.547,0.298,10.973,25.425
2026-04-24 10:22:34,3815,0,1,1.828,0.0,5.329,1.191,0.274,9.094,26.505
2026-04-24 10:22:35,3816,1,1,1.529,184.705,7.992,1.793,0.396,197.496,24.324
2026-04-24 10:22:35,3817,0,1,1.738,0.0,7.133,1.469,0.408,11.235,25.472
2026-04-24 10:22:35,3818,0,1,5.472,0.0,8.601,1.821,0.421,16.805,25.922
2026-04-24 10:22:35,3819,1,1,8.722,167.119,7.125,1.284,0.296,185.449,23.832
2026-04-24 10:22:35,3820,0,1,1.86,0.0,7.949,1.62,0.468,12.401,25.014
2026-04-24 10:22:35,3821,0,1,1.624,0.0,8.192,1.51,0.487,12.447,25.753
2026-04-24 10:22:35,3822,1,1,2.451,155.802,8.137,1.578,0.415,169.45,23.707
2026-04-24 10:22:35,3823,0,1,2.084,0.0,8.376,2.025,0.533,13.573,25.125
2026-04-24 10:22:35,3824,0,1,1.843,0.0,5.851,1.0,0.312,9.387,25.947
2026-04-24 10:22:35,3825,1,1,2.14,165.304,8.341,1.516,0.438,178.884,23.871
2026-04-24 10:22:35,3826,0,1,6.555,0.0,5.161,0.99,0.427,13.7,25.439
2026-04-24 10:22:35,3827,0,1,3.269,0.0,8.046,1.908,0.559,14.446,27.506
2026-04-24 10:22:36,3828,1,1,1.566,171.311,7.996,2.067,0.424,184.445,25.243
2026-04-24 10:22:36,3829,0,1,4.487,0.0,9.144,1.295,0.319,15.664,26.275
2026-04-24 10:22:36,3830,0,1,1.819,0.0,6.719,1.081,0.302,10.421,26.984
2026-04-24 10:22:36,3831,1,1,2.187,155.009,5.96,1.481,0.418,166.052,24.839
2026-04-24 10:22:36,3832,0,1,3.104,0.0,7.785,1.893,0.905,14.044,26.11
2026-04-24 10:22:36,3833,0,1,6.965,0.0,7.757,1.406,0.325,17.475,26.986
2026-04-24 10:22:36,3834,1,1,3.419,154.282,7.797,1.819,0.296,168.749,24.82
2026-04-24 10:22:36,3835,0,1,2.028,0.0,5.287,1.888,0.457,10.183,25.843
2026-04-24 10:22:36,3836,0,1,4.069,0.0,6.112,1.246,0.353,12.339,26.813
2026-04-24 10:22:36,3837,1,1,25.339,164.428,7.314,1.891,0.421,200.388,24.6
2026-04-24 10:22:36,3838,0,1,2.756,0.0,8.476,1.889,0.423,14.052,26.547
2026-04-24 10:22:36,3839,0,1,1.932,0.0,5.243,2.13,0.467,10.367,27.766
2026-04-24 10:22:37,3840,1,1,2.103,186.034,8.278,1.847,0.403,199.76,25.462
2026-04-24 10:22:37,3841,0,1,41.329,0.0,8.212,1.481,0.376,51.813,23.391
2026-04-24 10:22:37,3842,0,1,2.503,0.0,7.845,16.125,0.41,27.682,27.507
2026-04-24 10:22:37,3843,1,1,1.61,232.282,6.443,1.539,0.301,243.289,25.119
2026-04-24 10:22:37,3844,0,1,2.177,0.0,6.098,1.776,0.347,10.971,26.825
2026-04-24 10:22:37,3845,0,1,1.789,0.0,8.439,1.816,0.236,12.762,27.593
2026-04-24 10:22:37,3846,1,1,2.122,172.57,8.367,1.861,0.412,186.776,25.329
2026-04-24 10:22:37,3847,0,1,1.668,0.0,6.871,1.99,0.489,11.455,26.415
2026-04-24 10:22:37,3848,0,1,2.654,0.0,4.802,1.05,0.358,9.441,27.768
2026-04-24 10:22:38,3849,1,1,2.092,176.21,6.735,1.937,0.42,188.545,25.483
2026-04-24 10:22:38,3850,0,1,2.254,0.0,5.212,0.937,0.24,9.118,26.263
2026-04-24 10:22:38,3851,0,1,1.877,0.0,5.058,1.336,0.361,8.954,27.797
2026-04-24 10:22:38,3852,1,1,2.16,172.452,7.496,1.805,0.439,185.465,25.521
2026-04-24 10:22:38,3853,0,1,9.449,0.0,8.278,1.39,0.342,19.963,26.564
2026-04-24 10:22:38,3854,0,1,7.639,0.0,8.075,1.89,0.438,18.573,27.27
2026-04-24 10:22:38,3855,1,1,1.78,191.569,6.552,1.667,0.29,202.842,24.998
2026-04-24 10:22:38,3856,0,1,1.973,0.0,8.14,1.527,0.294,12.466,26.294
2026-04-24 10:22:38,3857,0,1,1.853,0.0,6.529,1.667,0.326,10.778,27.052
2026-04-24 10:22:38,3858,1,1,2.216,166.306,8.383,1.857,0.422,182.396,24.862
2026-04-24 10:22:38,3859,0,1,1.84,0.0,7.909,1.24,0.281,11.737,25.852
2026-04-24 10:22:38,3860,0,1,1.885,0.0,7.325,1.32,0.309,11.242,26.797
2026-04-24 10:22:39,3861,1,1,2.995,167.522,7.431,1.83,0.411,181.273,24.626
2026-04-24 10:22:39,3862,0,1,1.677,0.0,7.126,1.473,0.39,11.144,26.389
2026-04-24 10:22:39,3863,0,1,3.051,0.0,8.014,1.339,0.455,13.428,27.374
2026-04-24 10:22:39,3864,1,1,1.884,169.761,6.115,1.361,0.306,180.731,25.148
2026-04-24 10:22:39,3865,0,1,2.702,0.0,8.484,1.489,0.303,13.467,26.574
2026-04-24 10:22:39,3866,0,1,1.592,0.0,7.629,1.516,0.523,11.803,27.322
2026-04-24 10:22:39,3867,1,1,20.042,195.144,8.26,1.569,0.428,226.511,25.009
2026-04-24 10:22:39,3868,0,1,1.118,0.0,7.764,1.984,0.43,11.828,26.08
2026-04-24 10:22:39,3869,0,1,6.222,0.0,6.61,1.629,0.412,15.355,27.531
2026-04-24 10:22:39,3870,1,1,5.619,173.761,6.572,1.856,0.425,189.242,25.277
2026-04-24 10:22:39,3871,0,1,2.265,0.0,6.482,1.451,0.319,11.3,26.264
2026-04-24 10:22:40,3872,0,1,2.228,0.0,6.088,1.417,0.291,10.541,27.404
2026-04-24 10:22:40,3873,1,1,1.889,187.818,8.67,1.841,0.433,201.617,25.127
2026-04-24 10:22:40,3874,0,1,2.515,0.0,6.952,2.232,0.397,12.51,26.367
2026-04-24 10:22:40,3875,0,1,2.319,0.0,8.198,1.545,0.327,12.929,27.426
2026-04-24 10:22:40,3876,1,1,2.273,174.217,7.137,1.337,0.325,186.253,25.174
2026-04-24 10:22:40,3877,0,1,1.781,0.0,6.478,1.838,0.465,11.067,26.053
2026-04-24 10:22:40,3878,0,1,1.504,0.0,7.16,1.912,0.384,11.339,26.857
2026-04-24 10:22:40,3879,1,1,1.528,214.988,8.242,1.555,0.428,227.956,24.58
2026-04-24 10:22:40,3880,0,1,7.084,0.0,8.293,1.504,0.377,17.777,25.737
2026-04-24 10:22:40,3881,0,1,1.888,0.0,7.171,1.399,0.387,11.216,26.419
2026-04-24 10:22:41,3882,1,1,6.465,186.922,8.144,1.689,0.355,204.716,24.236
2026-04-24 10:22:41,3883,0,1,2.562,0.0,8.518,1.881,0.418,13.872,25.623
2026-04-24 10:22:41,3884,0,1,1.871,0.0,6.818,1.503,1.015,11.714,26.634
2026-04-24 10:22:41,3885,1,1,1.747,166.916,7.819,1.893,0.429,179.854,24.478
2026-04-24 10:22:41,3886,0,1,1.911,0.0,7.528,1.652,0.429,12.031,25.71
2026-04-24 10:22:41,3887,0,1,1.682,0.0,6.589,1.804,0.294,10.931,26.437
2026-04-24 10:22:41,3888,1,1,4.929,316.183,7.886,2.265,0.461,332.782,24.082
2026-04-24 10:22:41,3889,0,1,1.63,0.0,8.12,1.91,0.385,12.876,25.226
2026-04-24 10:22:41,3890,0,1,1.758,0.0,6.891,1.986,0.422,11.565,25.746
2026-04-24 10:22:41,3891,1,1,2.424,176.895,7.301,1.806,0.447,189.944,23.656
2026-04-24 10:22:42,3892,0,1,4.889,0.0,7.994,1.894,0.424,15.687,24.782
2026-04-24 10:22:42,3893,0,1,2.35,0.0,6.763,1.364,0.389,11.247,25.534
2026-04-24 10:22:42,3894,1,1,3.512,187.236,8.589,1.863,0.421,202.783,23.446
2026-04-24 10:22:42,3895,0,1,2.443,0.0,8.25,2.075,0.521,13.884,24.533
2026-04-24 10:22:42,3896,0,1,6.679,0.0,7.412,2.218,0.424,17.25,25.514
2026-04-24 10:22:42,3897,1,1,4.701,201.184,8.383,1.84,0.414,217.554,23.396
2026-04-24 10:22:42,3898,0,1,2.295,0.0,8.003,1.408,0.361,12.573,24.602
2026-04-24 10:22:42,3899,0,1,5.628,0.0,8.553,1.439,0.309,16.416,25.61
2026-04-24 10:22:42,3900,1,1,1.728,170.781,8.264,1.827,0.489,184.256,23.55
2026-04-24 10:22:42,3901,0,1,1.568,0.0,6.353,1.427,0.37,10.332,24.61
2026-04-24 10:22:42,3902,0,1,3.164,0.0,8.444,1.401,0.338,13.846,25.853
2026-04-24 10:22:43,3903,1,1,5.656,218.592,7.619,2.027,0.446,235.53,23.673
2026-04-24 10:22:43,3904,0,1,2.682,0.0,8.499,1.814,0.413,14.088,25.13
2026-04-24 10:22:43,3905,0,1,2.177,0.0,7.937,1.71,0.548,13.13,25.698
2026-04-24 10:22:43,3906,1,1,2.241,173.229,7.884,1.359,0.39,186.182,23.628
2026-04-24 10:22:43,3907,0,1,2.343,0.0,6.944,1.789,0.415,11.902,25.082
2026-04-24 10:22:43,3908,0,1,6.07,0.0,8.873,1.914,0.426,17.773,25.822
2026-04-24 10:22:43,3909,1,1,2.162,191.209,7.682,1.846,0.431,204.406,23.688
2026-04-24 10:22:43,3910,0,1,3.046,0.0,6.907,1.851,0.292,12.587,24.527
2026-04-24 10:22:43,3911,0,1,4.03,0.0,8.359,1.36,0.328,14.452,25.794
2026-04-24 10:22:44,3912,1,1,7.211,292.844,8.318,1.352,0.314,311.153,23.526
2026-04-24 10:22:44,3913,0,1,1.818,0.0,7.079,1.424,0.465,11.275,24.828
2026-04-24 10:22:44,3914,0,1,1.972,0.0,5.987,1.484,0.451,10.844,25.874
2026-04-24 10:22:44,3915,1,1,2.533,200.189,7.374,1.888,0.422,213.436,23.718
2026-04-24 10:22:44,3916,0,1,2.083,0.0,6.684,1.39,0.383,11.046,24.734
2026-04-24 10:22:44,3917,0,1,3.644,0.0,6.979,1.754,0.425,13.283,25.961
2026-04-24 10:22:44,3918,1,1,6.388,189.422,9.179,2.014,0.459,208.656,23.824
2026-04-24 10:22:44,3919,0,1,6.711,0.0,8.892,1.847,0.404,18.358,24.525
2026-04-24 10:22:44,3920,0,1,13.3,0.0,7.772,1.865,0.424,23.838,25.168
2026-04-24 10:22:44,3921,1,1,6.747,227.417,8.24,1.964,0.437,245.854,23.043
2026-04-24 10:22:44,3922,0,1,4.883,0.0,8.42,1.862,0.412,15.971,24.271
2026-04-24 10:22:44,3923,0,1,9.56,0.0,7.671,2.041,0.327,20.12,25.227
2026-04-24 10:22:45,3924,1,1,4.534,277.875,8.189,1.886,0.469,294.102,23.03
2026-04-24 10:22:45,3925,0,1,1.983,0.0,7.171,1.875,0.45,11.991,23.997
2026-04-24 10:22:45,3926,0,1,2.075,0.0,5.897,1.427,0.304,10.267,25.024
2026-04-24 10:22:45,3927,1,1,1.585,285.273,5.838,1.207,0.285,295.032,22.841
2026-04-24 10:22:45,3928,0,1,1.64,0.0,6.23,1.332,0.321,9.899,25.047
2026-04-24 10:22:45,3929,0,1,2.244,0.0,5.849,1.309,0.292,10.048,26.371
2026-04-24 10:22:45,3930,1,1,1.707,235.866,7.307,1.533,0.371,247.798,24.118
2026-04-24 10:22:45,3931,0,1,1.553,0.0,8.224,1.706,0.462,12.423,24.81
2026-04-24 10:22:46,3932,0,1,17.523,0.0,7.524,1.753,0.429,27.637,25.541
2026-04-24 10:22:46,3933,1,1,3.588,202.674,6.617,1.404,0.311,215.473,23.421
2026-04-24 10:22:46,3934,0,1,1.883,0.0,6.183,1.397,0.41,10.273,25.183
2026-04-24 10:22:46,3935,0,1,1.487,0.0,5.851,1.352,0.332,9.425,26.72
2026-04-24 10:22:46,3936,1,1,1.822,147.49,5.62,1.234,0.288,157.231,24.629
2026-04-24 10:22:46,3937,0,1,1.861,0.0,6.107,1.303,0.228,9.821,26.662
2026-04-24 10:22:46,3938,0,1,2.699,0.0,4.565,1.186,0.288,9.156,28.634
2026-04-24 10:22:46,3939,1,1,5.005,157.693,6.322,1.562,0.397,171.969,26.322
2026-04-24 10:22:46,3940,0,1,4.096,0.0,7.519,1.729,0.377,14.156,27.499
2026-04-24 10:22:46,3941,0,1,7.95,0.0,6.902,1.209,0.344,16.928,28.31
2026-04-24 10:22:46,3942,1,1,3.119,150.458,6.609,1.174,0.343,162.609,26.045
2026-04-24 10:22:46,3943,0,1,5.096,0.0,6.271,1.412,0.347,13.604,27.586
2026-04-24 10:22:46,3944,0,1,1.846,0.0,6.479,1.455,0.349,10.536,28.628
2026-04-24 10:22:47,3945,1,1,1.627,129.95,5.428,1.187,0.264,139.198,26.405
2026-04-24 10:22:47,3946,0,1,5.94,0.0,6.368,1.331,0.318,14.364,28.752
2026-04-24 10:22:47,3947,0,1,2.585,0.0,6.093,1.755,0.504,11.372,33.835
2026-04-24 10:22:47,3948,1,1,18.105,178.481,5.446,1.192,0.266,204.317,30.927
2026-04-24 10:22:47,3949,0,1,1.924,0.0,5.34,1.114,0.233,8.95,32.74
2026-04-24 10:22:47,3950,0,1,2.123,0.0,4.587,1.282,0.34,8.855,34.24
2026-04-24 10:22:47,3951,1,1,2.638,190.252,5.598,1.284,0.311,200.896,31.281
2026-04-24 10:22:47,3952,0,1,1.98,0.0,6.301,1.321,0.315,10.281,32.448
2026-04-24 10:22:47,3953,0,1,1.877,0.0,6.386,1.335,0.405,10.389,33.333
2026-04-24 10:22:47,3954,1,1,1.664,203.812,7.088,1.547,0.37,215.407,30.436
2026-04-24 10:22:47,3955,0,1,4.881,0.0,7.962,1.649,0.364,15.296,31.004
2026-04-24 10:22:47,3956,0,1,6.338,0.0,6.955,1.544,0.343,15.601,31.523
2026-04-24 10:22:48,3957,1,1,4.694,137.079,6.223,1.342,0.321,150.481,28.982
2026-04-24 10:22:48,3958,0,1,1.841,0.0,6.177,1.597,0.338,10.34,30.12
2026-04-24 10:22:48,3959,0,1,4.558,0.0,6.191,1.183,0.251,12.57,31.462
2026-04-24 10:22:48,3960,1,1,1.88,117.167,5.713,1.265,0.28,126.995,29.025
2026-04-24 10:22:48,3961,0,1,2.659,0.0,6.325,1.554,0.416,11.676,30.106
2026-04-24 10:22:48,3962,0,1,1.918,0.0,5.206,1.222,0.301,9.028,31.248
2026-04-24 10:22:48,3963,1,1,4.421,133.627,5.68,1.24,0.294,145.96,28.769
2026-04-24 10:22:48,3964,0,1,1.769,0.0,5.257,1.218,0.326,8.941,31.702
2026-04-24 10:22:48,3965,0,1,5.274,0.0,5.533,1.206,0.261,12.615,33.403
2026-04-24 10:22:48,3966,1,1,1.89,256.342,6.283,1.433,0.351,267.093,30.42
2026-04-24 10:22:48,3967,0,1,2.007,0.0,6.266,1.46,0.352,10.544,31.423
2026-04-24 10:22:48,3968,0,1,6.644,0.0,6.978,1.395,0.342,15.748,32.138
2026-04-24 10:22:49,3969,1,1,1.871,154.633,6.275,1.32,0.339,165.28,29.48
2026-04-24 10:22:49,3970,0,1,2.636,0.0,5.924,1.371,0.331,10.681,30.516
2026-04-24 10:22:49,3971,0,1,2.785,0.0,6.047,1.383,0.33,11.085,32.247
2026-04-24 10:22:49,3972,1,1,5.219,162.667,6.814,1.464,0.328,177.36,29.548
2026-04-24 10:22:49,3973,0,1,4.653,0.0,6.313,1.342,0.322,12.992,30.482
2026-04-24 10:22:49,3974,0,1,5.022,0.0,6.201,1.302,0.312,13.18,32.177
2026-04-24 10:22:49,3975,1,1,6.422,240.949,6.482,1.562,0.451,256.792,29.331
2026-04-24 10:22:49,3976,0,1,1.785,0.0,7.168,1.574,0.397,11.336,30.067
2026-04-24 10:22:49,3977,0,1,5.242,0.0,6.898,1.447,0.332,14.338,30.877
2026-04-24 10:22:49,3978,1,1,3.233,140.591,5.924,1.4,0.299,152.269,28.378
2026-04-24 10:22:49,3979,0,1,2.959,0.0,7.182,1.112,0.288,11.89,30.826
2026-04-24 10:22:49,3980,0,1,3.693,0.0,6.065,1.323,0.325,11.764,31.595
2026-04-24 10:22:50,3981,1,1,3.408,127.27,6.249,1.423,0.333,139.522,29.09
2026-04-24 10:22:50,3982,0,1,6.729,0.0,6.632,1.353,0.341,15.454,30.34
2026-04-24 10:22:50,3983,0,1,2.438,0.0,5.824,1.379,0.346,10.402,31.05
2026-04-24 10:22:50,3984,1,1,2.703,148.047,7.443,1.489,0.345,160.919,28.528
2026-04-24 10:22:50,3985,0,1,10.046,0.0,13.062,1.555,0.351,25.403,29.097
2026-04-24 10:22:50,3986,0,1,2.386,0.0,6.729,1.579,0.358,11.452,30.171
2026-04-24 10:22:50,3987,1,1,18.038,162.572,6.469,1.441,0.351,189.961,27.67
2026-04-24 10:22:50,3988,0,1,2.936,0.0,7.174,1.477,0.371,12.556,28.612
2026-04-24 10:22:50,3989,0,1,6.474,0.0,6.597,1.391,0.331,15.226,30.282
2026-04-24 10:22:50,3990,1,1,10.072,142.853,6.299,1.421,0.331,161.839,27.823
2026-04-24 10:22:50,3991,0,1,1.824,0.0,7.422,1.348,0.337,11.381,28.755
2026-04-24 10:22:50,3992,0,1,2.48,0.0,6.722,1.688,0.333,11.623,29.842
2026-04-24 10:22:50,3993,1,1,7.27,131.69,5.999,1.385,0.322,147.523,27.49
2026-04-24 10:22:50,3994,0,1,5.356,0.0,7.008,1.433,0.341,14.539,28.847
2026-04-24 10:22:50,3995,0,1,2.014,0.0,4.712,1.381,0.308,8.814,30.256
2026-04-24 10:22:51,3996,1,1,3.35,200.233,6.311,1.402,0.326,212.464,27.682
2026-04-24 10:22:51,3997,0,1,2.082,0.0,6.495,1.428,0.382,10.814,28.348
2026-04-24 10:22:51,3998,0,1,1.664,0.0,7.011,1.408,0.344,10.86,29.227
2026-04-24 10:22:51,3999,1,1,5.723,146.304,8.075,1.748,0.324,163.179,26.881
2026-04-24 10:22:51,4000,0,1,3.821,0.0,7.17,1.578,0.39,13.406,27.762
2026-04-24 10:22:51,4001,0,1,2.493,0.0,7.528,1.888,0.445,12.834,28.454
2026-04-24 10:22:51,4002,1,1,2.469,301.208,6.643,1.445,0.322,313.205,25.908
2026-04-24 10:22:51,4003,0,1,3.331,0.0,6.348,1.407,0.325,11.824,27.29
2026-04-24 10:22:51,4004,0,1,1.732,0.0,7.931,1.62,0.328,11.999,28.397
2026-04-24 10:22:52,4005,1,1,3.804,210.575,6.495,1.368,0.311,223.399,25.974
2026-04-24 10:22:52,4006,0,1,2.026,0.0,7.146,1.526,0.342,11.592,27.307
2026-04-24 10:22:52,4007,0,1,5.339,0.0,6.147,1.285,0.322,13.453,28.707
2026-04-24 10:22:52,4008,1,1,8.425,497.893,7.021,1.547,0.354,516.092,26.027
2026-04-24 10:22:52,4009,0,1,2.022,0.0,7.587,1.597,0.371,11.998,26.986
2026-04-24 10:22:52,4010,0,1,1.566,0.0,6.664,1.345,0.329,10.282,27.879
2026-04-24 10:22:52,4011,1,1,5.416,181.737,6.776,1.489,0.331,196.615,25.562
2026-04-24 10:22:52,4012,0,1,4.963,0.0,6.722,1.437,0.339,13.857,26.854
2026-04-24 10:22:53,4013,0,1,3.158,0.0,7.133,1.515,0.362,12.56,27.98
2026-04-24 10:22:53,4014,1,1,8.077,392.787,6.957,1.384,0.319,410.413,25.42
2026-04-24 10:22:53,4015,0,1,8.149,0.0,6.703,1.322,0.417,17.563,26.851
2026-04-24 10:22:53,4016,0,1,6.826,0.0,6.448,1.31,0.327,15.335,28.002
2026-04-24 10:22:53,4017,1,1,3.581,398.556,6.419,1.949,0.341,411.872,25.438
2026-04-24 10:22:53,4018,0,1,6.196,0.0,6.789,1.53,0.334,15.264,26.541
2026-04-24 10:22:53,4019,0,1,5.088,0.0,6.33,1.388,0.322,13.543,27.839
2026-04-24 10:22:54,4020,1,1,2.596,216.537,6.732,1.444,0.41,228.61,25.465
2026-04-24 10:22:54,4021,0,1,1.759,0.0,7.347,1.442,0.348,11.338,26.662
2026-04-24 10:22:54,4022,0,1,7.03,0.0,6.609,1.431,0.402,15.863,27.903
2026-04-24 10:22:54,4023,1,1,4.197,186.175,7.354,1.569,0.357,200.639,25.587
2026-04-24 10:22:54,4024,0,1,1.826,0.0,7.166,1.719,0.405,11.575,26.696
2026-04-24 10:22:54,4025,0,1,6.987,0.0,6.733,1.406,0.342,15.904,27.927
2026-04-24 10:22:54,4026,1,1,2.601,160.41,6.249,1.404,0.331,171.886,25.672
2026-04-24 10:22:54,4027,0,1,4.765,0.0,7.069,1.486,0.337,14.064,27.085
2026-04-24 10:22:54,4028,0,1,5.003,0.0,7.054,1.485,0.363,14.216,28.964
2026-04-24 10:22:54,4029,1,1,4.521,185.509,6.81,1.523,0.322,199.604,26.55
2026-04-24 10:22:54,4030,0,1,3.73,0.0,6.393,1.402,0.341,12.331,27.94
2026-04-24 10:22:55,4031,0,1,2.034,0.0,7.269,1.376,0.321,11.39,29.069
2026-04-24 10:22:55,4032,1,1,6.578,162.394,6.471,1.402,0.341,178.044,26.69
2026-04-24 10:22:55,4033,0,1,5.943,0.0,7.42,1.523,0.4,15.686,27.891
2026-04-24 10:22:55,4034,0,1,3.821,0.0,7.651,1.491,0.391,13.751,28.605
2026-04-24 10:22:55,4035,1,1,1.889,195.749,9.026,1.491,0.339,209.471,26.186
2026-04-24 10:22:55,4036,0,1,7.007,0.0,7.877,1.53,0.353,17.205,27.216
2026-04-24 10:22:55,4037,0,1,2.055,0.0,7.246,1.532,0.362,11.585,27.808
2026-04-24 10:22:56,4038,1,1,7.42,456.765,5.809,1.252,0.298,472.44,25.234
2026-04-24 10:22:56,4039,0,1,1.761,0.0,6.784,1.467,0.332,10.709,26.864
2026-04-24 10:22:56,4040,0,1,6.201,0.0,5.943,1.268,0.308,14.073,28.193
2026-04-24 10:22:56,4041,1,1,7.772,147.367,6.0,1.399,0.308,163.623,25.958
2026-04-24 10:22:56,4042,0,1,2.605,0.0,6.116,1.335,0.32,10.751,27.606
2026-04-24 10:22:56,4043,0,1,1.801,0.0,6.959,1.386,0.349,11.046,28.76
2026-04-24 10:22:56,4044,1,1,2.195,138.158,6.036,1.332,0.31,148.851,26.496
2026-04-24 10:22:56,4045,0,1,2.3,0.0,6.796,1.512,0.393,11.396,27.997
2026-04-24 10:22:56,4046,0,1,7.02,0.0,6.306,1.324,0.332,15.347,29.159
2026-04-24 10:22:56,4047,1,1,2.032,126.989,6.56,1.425,0.319,138.142,26.892
2026-04-24 10:22:56,4048,0,1,1.841,0.0,6.484,1.291,0.306,10.272,28.288
2026-04-24 10:22:56,4049,0,1,7.01,0.0,6.552,1.609,0.452,16.189,29.717
2026-04-24 10:22:56,4050,1,1,1.521,181.831,8.074,2.015,0.489,194.974,27.22
2026-04-24 10:22:56,4051,0,1,1.875,0.0,8.377,2.274,0.523,13.581,27.594
2026-04-24 10:22:56,4052,0,1,2.175,0.0,7.424,1.864,0.41,12.398,27.844
2026-04-24 10:22:57,4053,1,1,1.948,162.407,6.155,1.569,0.29,173.139,25.587
2026-04-24 10:22:57,4054,0,1,1.825,0.0,6.563,1.477,0.425,10.773,27.416
2026-04-24 10:22:57,4055,0,1,1.931,0.0,7.985,2.048,0.474,13.025,28.709
2026-04-24 10:22:57,4056,1,1,9.186,154.728,7.506,1.742,0.27,174.585,26.383
2026-04-24 10:22:57,4057,0,1,2.528,0.0,7.176,1.742,0.454,12.488,27.131
2026-04-24 10:22:57,4058,0,1,5.843,0.0,5.955,1.121,0.49,13.975,28.405
2026-04-24 10:22:57,4059,1,1,1.893,154.474,7.481,1.907,0.387,167.2,26.122
2026-04-24 10:22:57,4060,0,1,2.09,0.0,7.939,1.017,0.311,11.939,26.195
2026-04-24 10:22:57,4061,0,1,2.23,0.0,7.421,2.147,0.456,12.721,27.136
2026-04-24 10:22:57,4062,1,1,1.621,158.387,7.973,1.955,0.463,171.774,24.958
2026-04-24 10:22:57,4063,0,1,2.008,0.0,6.313,1.856,0.504,11.095,26.097
2026-04-24 10:22:57,4064,0,1,1.92,0.0,6.908,1.888,0.44,11.699,27.12
2026-04-24 10:22:58,4065,1,1,8.32,158.836,6.923,1.352,0.368,176.772,24.93
2026-04-24 10:22:58,4066,0,1,5.472,0.0,6.473,1.105,0.335,13.901,26.453
2026-04-24 10:22:58,4067,0,1,1.933,0.0,7.456,1.921,0.332,12.497,27.718
2026-04-24 10:22:58,4068,1,1,2.045,176.386,7.83,1.305,0.369,189.034,25.427
2026-04-24 10:22:58,4069,0,1,1.907,0.0,7.718,1.33,0.655,12.184,26.868
2026-04-24 10:22:58,4070,0,1,1.979,0.0,5.192,1.858,0.465,10.029,27.692
2026-04-24 10:22:58,4071,1,1,2.015,164.211,5.905,1.364,0.277,175.018,25.451
2026-04-24 10:22:58,4072,0,1,1.874,0.0,7.477,1.935,0.571,12.307,26.468
2026-04-24 10:22:58,4073,0,1,1.897,0.0,9.003,1.888,0.397,13.765,26.945
2026-04-24 10:22:58,4074,1,1,2.614,161.663,8.112,2.029,0.466,176.132,24.772
2026-04-24 10:22:58,4075,0,1,1.862,0.0,8.238,1.718,0.246,12.448,25.987
2026-04-24 10:22:58,4076,0,1,2.21,0.0,6.576,2.141,0.413,11.908,27.714
2026-04-24 10:22:59,4077,1,1,2.426,154.52,5.454,1.46,0.332,165.208,25.483
2026-04-24 10:22:59,4078,0,1,2.649,0.0,7.387,1.435,0.241,12.206,26.697
2026-04-24 10:22:59,4079,0,1,1.97,0.0,7.041,1.422,0.24,11.068,27.47
2026-04-24 10:22:59,4080,1,1,2.304,155.749,7.416,1.85,0.45,168.831,25.273
2026-04-24 10:22:59,4081,0,1,1.662,0.0,6.94,1.49,0.408,10.897,26.197
2026-04-24 10:22:59,4082,0,1,5.021,0.0,7.835,1.706,0.435,15.529,27.57
2026-04-24 10:22:59,4083,1,1,1.914,173.182,7.821,1.604,0.287,185.777,25.302
2026-04-24 10:22:59,4084,0,1,1.864,0.0,4.843,1.286,0.392,8.958,26.414
2026-04-24 10:22:59,4085,0,1,6.611,0.0,7.211,1.059,0.232,15.668,27.985
2026-04-24 10:22:59,4086,1,0,7.262,156.212,4.955,2.018,0.439,171.596,25.744
2026-04-24 10:22:59,4087,0,0,2.469,0.0,4.084,1.879,0.448,9.296,26.67
2026-04-24 10:22:59,4088,0,0,2.56,0.0,5.771,1.839,0.395,11.099,28.874
2026-04-24 10:23:00,4089,1,0,6.298,161.678,5.459,1.924,0.488,176.23,26.522
2026-04-24 10:23:00,4090,0,0,2.201,0.0,3.466,1.839,0.479,8.537,27.761
2026-04-24 10:23:00,4091,0,0,2.217,0.0,5.605,1.801,0.286,10.213,29.174
2026-04-24 10:23:00,4092,1,0,4.979,157.759,5.503,1.972,0.423,171.224,26.791
2026-04-24 10:23:00,4093,0,0,1.594,0.0,5.818,2.061,0.473,10.378,27.894
2026-04-24 10:23:00,4094,0,0,2.748,0.0,3.753,0.867,0.248,8.11,29.012
2026-04-24 10:23:00,4095,1,0,1.695,156.526,5.422,1.79,0.396,166.421,26.695
2026-04-24 10:23:00,4096,0,0,2.711,0.0,3.64,1.865,0.415,9.091,27.153
2026-04-24 10:23:00,4097,0,0,2.726,0.0,4.139,1.331,0.307,8.993,27.858
2026-04-24 10:23:00,4098,1,0,1.802,157.342,5.504,1.829,0.361,167.352,25.631
2026-04-24 10:23:00,4099,0,0,1.511,0.0,3.401,1.323,0.377,6.855,27.1
2026-04-24 10:23:00,4100,0,0,2.563,0.0,5.485,1.758,0.353,10.63,29.265
2026-04-24 10:23:01,4101,1,0,2.216,152.92,5.602,1.735,0.415,163.39,26.912
2026-04-24 10:23:01,4102,0,0,2.595,0.0,5.718,1.766,0.352,10.933,28.188
2026-04-24 10:23:01,4103,0,0,1.858,0.0,5.203,1.84,0.38,9.632,28.694
2026-04-24 10:23:01,4104,1,0,2.685,187.078,5.496,1.349,0.37,197.406,26.303
2026-04-24 10:23:01,4105,0,0,2.194,0.0,6.105,2.008,0.405,11.18,28.094
2026-04-24 10:23:01,4106,0,0,2.532,0.0,5.38,1.749,0.362,10.5,29.428
2026-04-24 10:23:01,4107,1,0,1.535,159.891,5.426,1.353,0.28,168.975,27.05
2026-04-24 10:23:01,4108,0,0,2.127,0.0,5.832,1.803,0.286,10.604,28.446
2026-04-24 10:23:01,4109,0,0,2.701,0.0,4.918,1.151,0.25,9.48,30.112
2026-04-24 10:23:01,4110,1,0,1.824,162.79,4.962,1.752,0.364,172.199,27.641
2026-04-24 10:23:01,4111,0,0,2.25,0.0,5.267,1.812,0.35,10.157,29.397
2026-04-24 10:23:01,4112,0,0,1.945,0.0,5.315,1.377,0.489,9.629,30.954
2026-04-24 10:23:01,4113,1,0,1.846,151.458,5.63,1.991,0.369,161.785,28.436
2026-04-24 10:23:01,4114,0,0,2.642,0.0,5.087,1.717,0.332,10.381,29.638
2026-04-24 10:23:01,4115,0,0,2.174,0.0,5.402,1.415,0.217,9.585,31.496
2026-04-24 10:23:02,4116,1,0,3.062,152.393,5.677,1.709,0.397,163.693,28.917
2026-04-24 10:23:02,4117,0,0,1.606,0.0,5.112,1.706,0.344,9.246,30.959
2026-04-24 10:23:02,4118,0,0,2.573,0.0,4.363,1.035,0.318,8.752,32.194
2026-04-24 10:23:02,4119,1,0,1.718,154.476,5.083,1.037,0.372,163.124,29.559
2026-04-24 10:23:02,4120,0,0,1.743,0.0,5.882,2.044,0.369,10.585,31.274
2026-04-24 10:23:02,4121,0,0,1.794,0.0,5.885,1.617,0.292,9.891,33.047
2026-04-24 10:23:02,4122,1,0,1.587,208.884,5.484,1.818,0.334,218.536,30.174
2026-04-24 10:23:02,4123,0,0,2.342,0.0,3.659,1.918,0.376,8.725,31.32
2026-04-24 10:23:02,4124,0,0,2.05,0.0,5.357,1.908,0.428,10.237,33.08
2026-04-24 10:23:02,4125,1,0,2.407,155.233,3.39,1.039,0.18,162.712,30.307
2026-04-24 10:23:02,4126,0,0,2.718,0.0,5.313,1.787,0.341,10.861,32.966
2026-04-24 10:23:02,4127,0,0,1.937,0.0,5.466,1.748,0.394,10.072,33.427
2026-04-24 10:23:03,4128,1,0,2.609,152.245,4.032,1.991,0.562,161.945,30.683
2026-04-24 10:23:03,4129,0,0,1.755,0.0,4.35,0.924,0.217,7.664,31.036
2026-04-24 10:23:03,4130,0,0,1.992,0.0,4.179,1.842,0.363,8.862,32.975
2026-04-24 10:23:03,4131,1,0,8.793,155.793,5.367,1.725,0.359,172.623,30.219
2026-04-24 10:23:03,4132,0,0,2.432,0.0,5.053,1.931,0.213,10.101,31.707
2026-04-24 10:23:03,4133,0,0,2.655,0.0,4.917,1.163,0.273,9.31,33.032
2026-04-24 10:23:03,4134,1,0,2.329,155.315,5.377,1.709,0.364,165.588,30.313
2026-04-24 10:23:03,4135,0,0,2.099,0.0,4.201,1.112,0.281,8.114,30.621
2026-04-24 10:23:03,4136,0,0,1.706,0.0,2.988,1.773,0.36,7.261,32.387
2026-04-24 10:23:03,4137,1,0,1.753,155.111,5.73,1.741,0.344,165.527,29.746
2026-04-24 10:23:03,4138,0,0,1.814,0.0,3.897,0.845,0.25,7.221,30.086
2026-04-24 10:23:03,4139,0,0,1.59,0.0,3.301,1.344,0.292,7.009,32.242
2026-04-24 10:23:03,4140,1,0,2.185,152.107,5.435,1.845,0.395,162.449,29.593
2026-04-24 10:23:04,4141,0,0,2.167,0.0,3.769,0.935,0.208,7.541,31.029
2026-04-24 10:23:04,4142,0,0,10.107,0.0,5.449,1.825,0.396,18.231,31.274
2026-04-24 10:23:04,4143,1,0,3.772,177.631,6.268,1.881,0.342,190.346,28.628
2026-04-24 10:23:04,4144,0,0,1.798,0.0,5.234,1.776,0.44,9.885,30.236
2026-04-24 10:23:04,4145,0,0,2.363,0.0,4.575,1.979,0.399,9.759,31.36
2026-04-24 10:23:04,4146,1,0,1.708,161.032,5.879,1.896,0.368,171.356,28.775
2026-04-24 10:23:04,4147,0,0,2.062,0.0,5.866,1.792,0.366,10.543,29.905
2026-04-24 10:23:04,4148,0,0,2.623,0.0,4.5,1.486,0.254,9.207,30.955
2026-04-24 10:23:04,4149,1,0,1.91,179.28,5.64,1.721,0.373,189.398,28.37
2026-04-24 10:23:04,4150,0,0,2.547,0.0,6.685,2.094,0.628,12.551,28.833
2026-04-24 10:23:04,4151,0,0,1.7,0.0,5.959,1.997,0.398,10.494,28.639
2026-04-24 10:23:04,4152,1,0,1.903,161.826,6.311,1.831,0.353,172.669,26.317
2026-04-24 10:23:05,4153,0,0,1.835,0.0,6.016,1.928,0.404,10.618,27.63
2026-04-24 10:23:05,4154,0,0,12.206,0.0,4.764,1.745,0.37,19.538,27.876
2026-04-24 10:23:05,4155,1,0,11.559,158.866,5.168,1.768,0.357,178.163,25.617
2026-04-24 10:23:05,4156,0,0,1.585,0.0,3.995,1.561,0.358,7.919,26.898
2026-04-24 10:23:05,4157,0,0,1.872,0.0,5.945,1.771,0.367,10.496,28.938
2026-04-24 10:23:05,4158,1,0,2.633,182.533,4.883,1.804,0.376,192.71,26.534
2026-04-24 10:23:05,4159,0,0,1.851,0.0,5.711,1.767,0.358,10.176,27.65
2026-04-24 10:23:05,4160,0,0,9.14,0.0,5.476,1.38,0.198,16.526,28.346
2026-04-24 10:23:05,4161,1,0,12.883,154.848,5.366,1.793,0.342,175.726,26.055
2026-04-24 10:23:05,4162,0,0,2.047,0.0,5.159,1.752,0.344,9.783,27.74
2026-04-24 10:23:05,4163,0,0,1.744,0.0,3.582,1.354,0.278,7.401,30.09
2026-04-24 10:23:05,4164,1,0,2.007,158.63,5.786,1.784,0.427,169.124,27.647
2026-04-24 10:23:05,4165,0,0,2.137,0.0,4.649,1.178,0.229,8.614,28.67
2026-04-24 10:23:05,4166,0,0,2.982,0.0,4.994,1.491,0.266,9.994,30.206
2026-04-24 10:23:06,4167,1,0,2.823,152.797,4.862,1.789,0.198,162.853,27.764
2026-04-24 10:23:06,4168,0,0,2.631,0.0,3.737,1.213,0.234,8.213,29.475
2026-04-24 10:23:06,4169,0,0,1.881,0.0,4.71,1.286,0.258,8.603,31.697
2026-04-24 10:23:06,4170,1,0,11.612,161.232,2.908,0.72,0.179,177.07,29.051
2026-04-24 10:23:06,4171,0,0,2.61,0.0,5.589,1.783,0.395,11.111,31.816
2026-04-24 10:23:06,4172,0,0,32.213,0.0,5.688,1.552,0.361,40.282,30.571
2026-04-24 10:23:06,4173,1,0,12.601,154.823,5.603,1.732,0.347,175.703,28.049
2026-04-24 10:23:06,4174,0,0,1.478,0.0,4.131,1.947,0.382,8.423,30.58
2026-04-24 10:23:06,4175,0,0,1.923,0.0,5.373,1.734,0.356,9.827,32.168
2026-04-24 10:23:06,4176,1,0,1.641,151.948,5.434,1.95,0.349,161.826,29.53
2026-04-24 10:23:06,4177,0,0,1.901,0.0,3.649,1.707,0.426,8.248,30.761
2026-04-24 10:23:06,4178,0,0,1.924,0.0,5.556,1.882,0.352,10.195,32.533
2026-04-24 10:23:07,4179,1,0,1.635,151.971,5.801,1.767,0.345,162.011,29.864
2026-04-24 10:23:07,4180,0,0,1.69,0.0,5.622,1.75,0.348,9.908,30.485
2026-04-24 10:23:07,4181,0,0,6.761,0.0,4.976,1.753,0.362,14.367,31.053
2026-04-24 10:23:07,4182,1,0,13.502,160.049,5.671,1.758,0.378,181.816,28.467
2026-04-24 10:23:07,4183,0,0,2.177,0.0,4.261,1.49,0.368,8.684,29.838
2026-04-24 10:23:07,4184,0,0,2.312,0.0,5.226,1.903,0.348,10.299,31.371
2026-04-24 10:23:07,4185,1,0,1.989,153.714,5.965,1.758,0.357,164.279,28.808
2026-04-24 10:23:07,4186,0,0,2.644,0.0,5.622,1.807,0.354,10.955,29.661
2026-04-24 10:23:07,4187,0,0,2.726,0.0,5.067,1.345,0.335,9.856,31.099
2026-04-24 10:23:07,4188,1,0,1.726,155.906,5.699,1.763,0.358,165.983,28.551
2026-04-24 10:23:07,4189,0,0,2.259,0.0,4.186,1.899,0.377,9.216,29.411
2026-04-24 10:23:07,4190,0,0,1.754,0.0,5.536,1.366,0.288,9.411,31.054
2026-04-24 10:23:08,4191,1,0,2.849,157.414,5.639,1.899,0.373,168.674,28.513
2026-04-24 10:23:08,4192,0,0,2.266,0.0,6.01,1.832,0.36,10.96,29.862
2026-04-24 10:23:08,4193,0,0,2.616,0.0,5.528,1.848,0.207,10.586,31.239
2026-04-24 10:23:08,4194,1,0,1.769,162.943,5.501,1.759,0.351,172.809,28.655
2026-04-24 10:23:08,4195,0,0,1.654,0.0,3.046,1.852,0.373,7.436,30.479
2026-04-24 10:23:08,4196,0,0,2.053,0.0,5.253,1.767,0.189,9.653,31.079
2026-04-24 10:23:08,4197,1,0,1.786,178.236,5.077,1.805,0.377,187.69,28.472
2026-04-24 10:23:08,4198,0,0,2.142,0.0,5.03,1.811,0.364,9.806,29.776
2026-04-24 10:23:08,4199,0,0,2.36,0.0,4.669,1.868,0.345,9.667,31.169
2026-04-24 10:23:08,4200,1,0,1.748,178.297,4.545,1.065,0.203,186.3,28.549
2026-04-24 10:23:08,4201,0,0,1.879,0.0,5.811,1.772,0.362,10.268,29.793
2026-04-24 10:23:08,4202,0,0,2.557,0.0,5.337,1.703,0.483,10.856,30.706
2026-04-24 10:23:08,4203,1,0,2.153,171.427,5.473,0.957,0.282,180.792,28.15
2026-04-24 10:23:08,4204,0,0,2.257,0.0,5.585,1.914,0.407,10.608,30.166
2026-04-24 10:23:09,4205,0,0,1.875,0.0,3.571,1.853,0.386,8.117,30.768
2026-04-24 10:23:09,4206,1,0,2.29,163.514,3.824,1.642,0.348,172.069,28.232
2026-04-24 10:23:09,4207,0,0,1.826,0.0,5.092,1.928,0.324,9.561,30.69
2026-04-24 10:23:09,4208,0,0,3.526,0.0,5.322,1.358,0.221,10.726,32.342
2026-04-24 10:23:09,4209,1,0,13.815,162.193,5.656,1.8,0.334,184.289,29.624
2026-04-24 10:23:09,4210,0,0,2.671,0.0,5.507,1.564,0.37,10.613,31.16
2026-04-24 10:23:09,4211,0,0,2.355,0.0,4.706,1.067,0.22,8.731,33.047
2026-04-24 10:23:09,4212,1,0,1.771,160.481,5.463,1.048,0.235,169.406,30.296
2026-04-24 10:23:09,4213,0,0,1.813,0.0,4.965,0.948,0.189,8.329,32.672
2026-04-24 10:23:09,4214,0,0,1.846,0.0,4.553,1.813,0.321,9.187,34.109
2026-04-24 10:23:09,4215,1,0,2.18,167.464,4.679,1.291,0.232,176.296,31.212
2026-04-24 10:23:09,4216,0,0,1.293,0.0,4.277,1.676,0.422,8.181,32.845
2026-04-24 10:23:09,4217,0,0,1.538,0.0,5.314,1.925,0.429,9.702,34.451
2026-04-24 10:23:10,4218,1,0,1.89,155.201,4.781,1.745,0.371,164.487,31.568
2026-04-24 10:23:10,4219,0,0,2.142,0.0,4.838,1.848,0.415,9.797,33.251
2026-04-24 10:23:10,4220,0,0,1.968,0.0,6.213,1.922,0.312,10.885,33.989
2026-04-24 10:23:10,4221,1,0,1.878,173.138,5.194,1.129,0.499,182.325,31.092
2026-04-24 10:23:10,4222,0,0,1.826,0.0,3.946,1.074,0.438,7.839,32.138
2026-04-24 10:23:10,4223,0,0,2.07,0.0,5.793,2.032,0.418,10.788,33.249
2026-04-24 10:23:10,4224,1,0,2.311,171.553,5.343,2.02,0.395,182.264,30.427
2026-04-24 10:23:10,4225,0,0,2.207,0.0,3.634,1.022,0.47,7.808,30.989
2026-04-24 10:23:10,4226,0,0,1.876,0.0,5.587,1.81,0.448,10.277,32.569
2026-04-24 10:23:10,4227,1,0,1.676,202.123,4.935,1.769,0.353,211.227,29.761
2026-04-24 10:23:10,4228,0,0,2.253,0.0,5.26,1.647,0.437,9.911,30.463
2026-04-24 10:23:10,4229,0,0,2.955,0.0,6.102,1.273,0.582,12.258,34.28
2026-04-24 10:23:11,4230,1,0,10.671,299.367,5.163,1.449,0.363,317.438,31.163
2026-04-24 10:23:11,4231,0,0,1.527,0.0,4.528,2.074,0.368,8.945,31.468
2026-04-24 10:23:11,4232,0,0,1.728,0.0,6.371,2.043,0.384,11.094,32.746
2026-04-24 10:23:11,4233,1,1,2.1,290.977,8.389,1.576,0.392,304.618,29.783
2026-04-24 10:23:11,4234,0,1,1.947,0.0,6.931,1.39,0.563,11.838,30.347
2026-04-24 10:23:11,4235,0,1,6.374,0.0,9.396,1.762,0.305,18.119,30.688
2026-04-24 10:23:11,4236,1,1,1.885,279.555,7.339,1.56,0.273,291.687,27.953
2026-04-24 10:23:11,4237,0,1,1.855,0.0,7.553,2.068,0.523,12.336,29.264
2026-04-24 10:23:12,4238,0,1,10.984,0.0,6.702,1.745,1.277,21.828,29.673
2026-04-24 10:23:12,4239,1,1,1.86,206.839,8.571,1.285,0.385,220.105,27.117
2026-04-24 10:23:12,4240,0,1,1.821,0.0,6.994,1.864,0.426,11.728,27.884
2026-04-24 10:23:12,4241,0,1,1.626,0.0,7.349,2.148,0.445,12.075,28.412
2026-04-24 10:23:12,4242,1,1,7.749,208.463,7.794,1.772,0.481,227.072,25.996
2026-04-24 10:23:12,4243,0,1,1.718,0.0,8.216,1.859,0.444,12.777,26.74
2026-04-24 10:23:12,4244,0,1,9.811,0.0,7.955,1.235,0.47,20.009,27.431
2026-04-24 10:23:12,4245,1,1,2.483,202.66,7.914,1.858,0.352,216.245,25.112
2026-04-24 10:23:12,4246,0,1,1.979,0.0,6.796,1.627,0.407,11.445,26.433
2026-04-24 10:23:12,4247,0,1,1.572,0.0,7.438,1.536,0.622,11.594,27.6
2026-04-24 10:23:13,4248,1,1,2.853,227.56,7.087,2.21,0.46,241.287,25.231
2026-04-24 10:23:13,4249,0,1,1.937,0.0,9.191,1.897,0.431,14.002,26.356
2026-04-24 10:23:13,4250,0,1,2.021,0.0,8.83,1.246,0.236,12.648,26.125
2026-04-24 10:23:13,4251,1,1,1.791,214.319,5.703,1.89,0.4,225.285,23.924
2026-04-24 10:23:13,4252,0,1,2.034,0.0,9.049,2.362,0.46,14.405,24.819
2026-04-24 10:23:13,4253,0,1,3.794,0.0,5.996,1.38,0.41,12.131,25.338
2026-04-24 10:23:13,4254,1,1,1.679,220.627,7.792,1.883,0.413,233.483,23.201
2026-04-24 10:23:13,4255,0,1,2.031,0.0,7.665,1.093,0.386,11.666,23.879
2026-04-24 10:23:13,4256,0,1,1.954,0.0,9.076,1.887,0.444,13.791,25.145
2026-04-24 10:23:14,4257,1,1,3.907,166.591,5.518,0.959,0.426,178.431,23.127
2026-04-24 10:23:14,4258,0,1,1.896,0.0,8.876,1.155,0.284,12.55,25.022
2026-04-24 10:23:14,4259,0,1,2.745,0.0,8.687,2.266,0.497,14.758,25.404
2026-04-24 10:23:14,4260,1,1,2.249,160.252,7.668,1.821,0.383,173.588,23.357
2026-04-24 10:23:14,4261,0,1,2.095,0.0,8.386,1.813,0.641,13.362,24.17
2026-04-24 10:23:14,4262,0,1,2.38,0.0,8.476,1.866,0.46,13.515,26.319
2026-04-24 10:23:14,4263,1,1,3.58,157.787,7.699,1.835,0.391,172.491,24.204
2026-04-24 10:23:14,4264,0,1,1.887,0.0,7.951,1.563,0.39,12.342,25.301
2026-04-24 10:23:14,4265,0,1,2.048,0.0,7.997,1.915,0.63,13.07,26.931
2026-04-24 10:23:14,4266,1,1,2.732,153.703,7.767,1.336,0.427,167.094,24.778
2026-04-24 10:23:14,4267,0,1,1.727,0.0,7.705,1.916,0.451,12.37,25.687
2026-04-24 10:23:14,4268,0,1,2.301,0.0,7.903,2.027,0.557,13.351,26.669
2026-04-24 10:23:15,4269,1,1,8.19,158.701,7.539,1.901,0.429,177.834,24.534
2026-04-24 10:23:15,4270,0,1,2.131,0.0,8.334,1.904,0.414,13.308,25.654
2026-04-24 10:23:15,4271,0,1,2.268,0.0,8.506,1.529,0.342,13.109,26.334
2026-04-24 10:23:15,4272,1,1,1.991,160.134,7.504,1.64,0.325,172.72,24.229
2026-04-24 10:23:15,4273,0,1,7.169,0.0,7.584,1.947,0.425,17.598,25.565
2026-04-24 10:23:15,4274,0,1,8.727,0.0,7.578,1.823,0.413,19.047,26.678
2026-04-24 10:23:15,4275,1,1,13.997,274.367,7.181,1.507,0.417,298.533,24.327
2026-04-24 10:23:15,4276,0,1,2.295,0.0,9.192,1.842,0.427,14.306,25.514
2026-04-24 10:23:15,4277,0,1,4.786,0.0,7.973,1.568,0.356,15.165,26.088
2026-04-24 10:23:16,4278,1,1,1.785,315.167,7.614,2.093,0.443,328.371,23.772
2026-04-24 10:23:16,4279,0,1,2.277,0.0,5.262,1.866,0.466,10.451,24.9
2026-04-24 10:23:16,4280,0,1,2.563,0.0,7.764,1.548,0.344,12.615,25.931
2026-04-24 10:23:16,4281,1,1,1.897,468.872,6.241,1.57,0.313,479.748,23.539
2026-04-24 10:23:16,4282,0,1,3.878,0.0,7.697,1.831,0.434,14.372,24.692
2026-04-24 10:23:16,4283,0,1,10.468,0.0,7.99,1.799,0.429,21.158,25.838
2026-04-24 10:23:16,4284,1,1,4.596,245.113,7.218,1.49,0.402,259.794,23.621
2026-04-24 10:23:16,4285,0,1,2.172,0.0,8.346,2.028,0.342,13.358,24.51
2026-04-24 10:23:17,4286,0,1,1.906,0.0,5.339,1.095,0.269,9.07,26.087
2026-04-24 10:23:17,4287,1,1,6.521,240.837,6.752,1.801,0.403,257.333,23.853
2026-04-24 10:23:17,4288,0,1,2.755,0.0,6.002,1.249,0.308,10.668,24.85
2026-04-24 10:23:17,4289,0,1,7.639,0.0,8.273,1.761,0.389,18.43,26.294
2026-04-24 10:23:17,4290,1,1,2.282,199.493,6.34,1.444,0.435,210.923,24.095
2026-04-24 10:23:17,4291,0,1,2.375,0.0,5.889,1.029,0.235,9.895,25.626
2026-04-24 10:23:17,4292,0,1,8.167,0.0,8.545,1.632,0.352,19.266,27.019
2026-04-24 10:23:17,4293,1,1,1.565,204.871,6.963,1.468,0.433,216.185,24.745
2026-04-24 10:23:17,4294,0,1,1.885,0.0,8.253,1.923,0.464,12.828,25.858
2026-04-24 10:23:17,4295,0,1,1.998,0.0,7.651,1.87,0.404,12.366,26.992
2026-04-24 10:23:18,4296,1,1,9.182,222.74,7.779,1.92,0.439,243.077,24.691
2026-04-24 10:23:18,4297,0,1,1.644,0.0,7.833,1.327,0.31,11.582,25.975
2026-04-24 10:23:18,4298,0,1,2.354,0.0,8.3,1.862,0.35,13.141,26.899
2026-04-24 10:23:18,4299,1,1,1.667,178.217,6.925,1.397,0.386,189.56,24.678
2026-04-24 10:23:18,4300,0,1,2.018,0.0,7.123,1.565,0.414,11.609,24.636
2026-04-24 10:23:18,4301,0,1,1.709,0.0,7.436,1.257,0.469,11.237,25.208
2026-04-24 10:23:18,4302,1,1,3.958,167.281,6.52,1.757,0.213,180.39,23.195
2026-04-24 10:23:18,4303,0,1,2.64,0.0,7.508,2.234,0.486,13.258,24.359
2026-04-24 10:23:18,4304,0,1,2.562,0.0,7.841,1.908,0.403,13.115,25.678
2026-04-24 10:23:18,4305,1,1,1.705,164.211,6.779,1.848,0.472,175.746,23.621
2026-04-24 10:23:18,4306,0,1,2.18,0.0,7.514,0.926,0.324,11.299,24.805
2026-04-24 10:23:19,4307,0,1,2.728,0.0,8.144,1.326,0.361,13.077,24.995
2026-04-24 10:23:19,4308,1,1,2.648,172.429,6.433,1.577,0.435,184.501,22.982
2026-04-24 10:23:19,4309,0,1,1.963,0.0,4.777,0.913,0.225,8.32,24.523
2026-04-24 10:23:19,4310,0,1,3.034,0.0,7.672,2.019,0.414,13.644,25.632
2026-04-24 10:23:19,4311,1,1,2.375,161.524,7.216,1.778,0.338,174.326,23.591
2026-04-24 10:23:19,4312,0,1,2.603,0.0,8.162,1.798,0.415,13.46,24.856
2026-04-24 10:23:19,4313,0,1,2.165,0.0,6.206,1.314,0.285,10.381,25.511
2026-04-24 10:23:19,4314,1,1,2.305,165.603,6.428,1.93,0.402,177.656,23.476
2026-04-24 10:23:19,4315,0,1,1.939,0.0,7.715,1.816,0.403,12.343,24.93
2026-04-24 10:23:19,4316,0,1,1.59,0.0,7.364,1.897,0.457,11.717,25.66
2026-04-24 10:23:19,4317,1,1,1.782,195.652,7.625,1.872,0.433,208.431,23.532
2026-04-24 10:23:20,4318,0,1,1.761,0.0,6.415,1.308,0.304,10.264,24.941
2026-04-24 10:23:20,4319,0,1,1.541,0.0,7.35,2.128,0.418,11.916,25.903
2026-04-24 10:23:20,4320,1,1,2.113,184.95,20.588,1.194,0.329,210.205,23.779
2026-04-24 10:23:20,4321,0,1,1.878,0.0,8.017,1.857,0.475,12.748,22.949
2026-04-24 10:23:20,4322,0,1,2.12,0.0,7.749,1.325,0.268,11.978,24.2
2026-04-24 10:23:20,4323,1,1,1.804,182.674,7.169,1.445,0.432,194.887,22.245
2026-04-24 10:23:20,4324,0,1,12.562,0.0,9.764,1.566,0.248,24.694,23.714
2026-04-24 10:23:20,4325,0,1,2.37,0.0,5.172,1.825,0.323,10.206,25.164
2026-04-24 10:23:20,4326,1,1,1.679,201.959,7.276,2.138,0.455,214.369,23.077
2026-04-24 10:23:20,4327,0,1,1.728,0.0,7.201,1.863,0.365,11.556,24.257
2026-04-24 10:23:20,4328,0,1,3.607,0.0,6.992,1.021,0.239,12.335,25.538
2026-04-24 10:23:21,4329,1,1,2.179,227.479,7.598,1.656,0.455,240.353,23.377
2026-04-24 10:23:21,4330,0,1,1.716,0.0,6.533,1.394,0.324,10.402,24.568
2026-04-24 10:23:21,4331,0,1,1.692,0.0,7.304,1.702,0.637,11.691,26.04
2026-04-24 10:23:21,4332,1,1,1.808,257.54,7.135,1.34,0.298,269.259,23.784
2026-04-24 10:23:21,4333,0,1,1.637,0.0,7.93,1.841,0.343,12.172,24.851
2026-04-24 10:23:21,4334,0,1,4.915,0.0,7.955,1.264,0.325,14.834,25.861
2026-04-24 10:23:21,4335,1,1,2.239,181.968,6.605,1.767,0.405,193.995,23.751
2026-04-24 10:23:21,4336,0,1,1.912,0.0,6.236,2.077,0.437,11.094,24.782
2026-04-24 10:23:21,4337,0,1,5.394,0.0,7.421,2.129,0.475,15.847,25.673
2026-04-24 10:23:22,4338,1,1,3.447,155.533,6.884,1.375,0.327,168.573,23.639
2026-04-24 10:23:22,4339,0,1,2.203,0.0,7.991,1.911,0.414,13.036,25.26
2026-04-24 10:23:22,4340,0,1,2.415,0.0,7.889,1.899,0.44,13.131,25.957
2026-04-24 10:23:22,4341,1,1,1.796,209.088,6.004,1.385,0.403,219.688,23.775
2026-04-24 10:23:22,4342,0,1,2.087,0.0,9.111,1.755,0.525,13.932,24.9
2026-04-24 10:23:22,4343,0,1,1.583,0.0,7.074,1.399,0.336,10.902,25.753
2026-04-24 10:23:22,4344,1,1,1.977,188.25,7.72,1.893,0.448,201.378,23.637
2026-04-24 10:23:22,4345,0,1,2.471,0.0,7.889,2.123,0.485,13.364,24.625
2026-04-24 10:23:22,4346,0,1,2.045,0.0,8.306,1.147,0.352,12.271,24.903
2026-04-24 10:23:22,4347,1,1,2.088,184.107,6.758,1.898,0.409,196.315,22.879
2026-04-24 10:23:22,4348,0,1,1.594,0.0,7.572,1.325,0.559,11.559,24.327
2026-04-24 10:23:22,4349,0,1,1.954,0.0,6.997,1.577,0.523,11.598,24.392
2026-04-24 10:23:23,4350,1,1,2.575,193.995,7.001,1.688,0.416,206.761,22.401
2026-04-24 10:23:23,4351,0,1,1.948,0.0,6.36,1.626,0.319,10.582,23.905
2026-04-24 10:23:23,4352,0,1,2.34,0.0,6.894,1.383,0.477,11.665,25.128
2026-04-24 10:23:23,4353,1,1,2.53,191.54,6.379,1.828,0.394,203.684,23.067
2026-04-24 10:23:23,4354,0,1,1.783,0.0,7.337,1.716,0.386,11.638,24.65
2026-04-24 10:23:23,4355,0,1,4.508,0.0,6.687,1.083,0.279,12.93,25.597
2026-04-24 10:23:23,4356,1,1,1.7,191.417,6.515,1.765,0.427,202.71,23.49
2026-04-24 10:23:23,4357,0,1,1.744,0.0,6.77,1.283,0.319,10.647,25.147
2026-04-24 10:23:23,4358,0,1,1.643,0.0,5.402,0.967,0.242,8.66,25.199
2026-04-24 10:23:23,4359,1,1,2.275,165.32,6.45,1.673,0.345,177.191,23.201
2026-04-24 10:23:24,4360,0,1,6.217,0.0,6.398,1.428,0.336,14.845,24.744
2026-04-24 10:23:24,4361,0,1,1.95,0.0,6.782,1.588,0.294,11.113,25.871
2026-04-24 10:23:24,4362,1,1,2.377,247.121,5.619,0.89,0.209,257.028,23.646
2026-04-24 10:23:24,4363,0,1,1.791,0.0,6.91,1.649,0.435,11.354,25.17
2026-04-24 10:23:24,4364,0,1,14.425,0.0,15.46,1.811,0.418,32.634,25.543
2026-04-24 10:23:24,4365,1,1,2.519,195.31,6.842,1.504,0.412,207.573,23.43
2026-04-24 10:23:24,4366,0,1,1.771,0.0,5.617,1.272,0.383,9.533,24.659
2026-04-24 10:23:24,4367,0,1,10.567,0.0,6.668,1.96,0.314,20.059,25.279
2026-04-24 10:23:24,4368,1,1,34.573,222.69,11.014,1.394,0.272,270.951,23.121
2026-04-24 10:23:24,4369,0,1,2.39,0.0,7.013,1.324,0.397,11.641,23.973
2026-04-24 10:23:24,4370,0,1,2.238,0.0,7.098,1.642,0.388,11.841,25.103
2026-04-24 10:23:25,4371,1,1,2.057,192.089,6.647,1.824,0.338,203.853,23.043
2026-04-24 10:23:25,4372,0,1,3.49,0.0,7.347,1.618,0.33,13.392,24.347
2026-04-24 10:23:25,4373,0,1,2.424,0.0,7.085,1.581,0.372,11.963,25.274
2026-04-24 10:23:25,4374,1,1,2.72,206.932,6.271,1.529,0.41,218.989,23.167
2026-04-24 10:23:25,4375,0,1,1.883,0.0,6.156,1.205,0.608,10.247,24.573
2026-04-24 10:23:25,4376,0,1,1.909,0.0,5.881,1.037,0.237,9.525,25.743
2026-04-24 10:23:25,4377,1,1,2.004,189.81,7.68,1.671,0.39,202.551,23.631
2026-04-24 10:23:25,4378,0,1,1.836,0.0,8.324,1.276,0.33,12.186,25.023
2026-04-24 10:23:25,4379,0,1,4.368,0.0,7.06,1.561,0.307,13.755,25.845
2026-04-24 10:23:26,4380,1,1,1.517,170.627,6.773,1.83,0.413,182.204,23.76
2026-04-24 10:23:26,4381,0,1,1.573,0.0,5.383,1.167,0.292,8.911,25.042
2026-04-24 10:23:26,4382,0,1,6.96,0.0,6.832,1.914,0.431,16.629,26.489
2026-04-24 10:23:26,4383,1,1,1.522,209.314,6.431,1.537,0.442,220.242,24.261
2026-04-24 10:23:26,4384,0,1,2.074,0.0,7.002,1.421,0.414,11.406,25.749
2026-04-24 10:23:26,4385,0,1,1.858,0.0,6.481,2.048,0.272,11.14,27.0
2026-04-24 10:23:26,4386,1,1,1.831,188.296,7.326,2.024,0.353,201.086,24.76
2026-04-24 10:23:26,4387,0,1,1.796,0.0,8.054,1.732,0.217,12.148,26.326
2026-04-24 10:23:26,4388,0,1,1.875,0.0,6.029,2.563,0.432,11.483,27.167
2026-04-24 10:23:26,4389,1,1,5.881,227.855,6.409,1.517,0.328,242.963,24.839
2026-04-24 10:23:26,4390,0,1,2.513,0.0,6.569,1.451,0.317,11.308,26.098
2026-04-24 10:23:26,4391,0,1,16.242,0.0,6.948,1.474,0.365,25.524,27.045
2026-04-24 10:23:27,4392,1,1,14.882,224.095,5.647,1.419,0.339,247.425,24.739
2026-04-24 10:23:27,4393,0,1,1.948,0.0,6.434,1.587,0.378,10.86,26.33
2026-04-24 10:23:27,4394,0,1,4.623,0.0,17.801,1.548,0.375,24.836,27.256
2026-04-24 10:23:27,4395,1,1,2.021,196.846,7.31,1.376,0.383,208.97,24.977
2026-04-24 10:23:27,4396,0,1,1.663,0.0,6.87,1.696,0.367,11.147,26.432
2026-04-24 10:23:27,4397,0,1,1.951,0.0,6.788,1.618,0.438,11.216,27.434
2026-04-24 10:23:27,4398,1,1,1.765,173.818,7.244,1.831,0.414,186.026,25.184
2026-04-24 10:23:27,4399,0,1,2.692,0.0,7.885,1.775,0.441,13.297,26.015
2026-04-24 10:23:27,4400,0,1,6.72,0.0,6.598,1.661,0.28,15.611,26.878
2026-04-24 10:23:28,4401,1,1,9.364,197.677,7.152,1.727,0.283,217.165,24.633
2026-04-24 10:23:28,4402,0,1,1.869,0.0,7.748,1.51,0.456,12.07,25.996
2026-04-24 10:23:28,4403,0,1,1.715,0.0,7.859,1.431,0.307,11.682,26.928
2026-04-24 10:23:28,4404,1,1,2.031,206.901,6.098,1.295,0.415,217.761,24.662
2026-04-24 10:23:28,4405,0,1,2.427,0.0,5.141,1.219,0.318,9.491,25.828
2026-04-24 10:23:28,4406,0,1,1.946,0.0,7.115,1.736,0.355,11.463,27.38
2026-04-24 10:23:28,4407,1,1,1.707,196.61,6.485,1.173,0.322,207.237,25.089
2026-04-24 10:23:28,4408,0,1,1.704,0.0,7.935,1.502,0.281,11.8,26.262
2026-04-24 10:23:28,4409,0,1,1.932,0.0,18.931,1.193,0.366,22.906,26.564
2026-04-24 10:23:28,4410,1,1,16.132,193.171,6.839,1.888,0.405,219.497,24.349
2026-04-24 10:23:28,4411,0,1,1.677,0.0,6.393,1.616,0.462,10.656,25.368
2026-04-24 10:23:28,4412,0,1,2.204,0.0,7.396,1.237,0.335,11.67,26.683
2026-04-24 10:23:29,4413,1,1,1.745,265.667,7.683,2.323,0.383,278.953,24.344
2026-04-24 10:23:29,4414,0,1,1.661,0.0,17.167,6.555,0.381,26.123,27.774
2026-04-24 10:23:29,4415,0,1,6.432,0.0,6.363,2.679,0.379,16.496,27.506
2026-04-24 10:23:29,4416,1,1,4.516,434.112,7.866,1.593,0.374,449.473,24.971
2026-04-24 10:23:29,4417,0,1,2.161,0.0,6.819,1.241,0.321,10.968,26.099
2026-04-24 10:23:29,4418,0,1,1.945,0.0,6.607,2.03,0.375,11.491,27.432
2026-04-24 10:23:30,4419,1,1,1.609,303.941,6.679,1.362,0.303,314.786,24.986
2026-04-24 10:23:30,4420,0,1,5.741,0.0,7.478,1.375,0.279,15.35,26.074
2026-04-24 10:23:30,4421,0,1,7.221,0.0,7.66,1.795,0.33,17.477,27.381
2026-04-24 10:23:30,4422,1,1,1.668,327.65,7.353,1.81,0.434,339.934,24.925
2026-04-24 10:23:30,4423,0,1,1.902,0.0,8.914,1.549,0.389,13.298,25.979
2026-04-24 10:23:30,4424,0,1,1.549,0.0,6.849,1.726,0.417,11.021,26.967
2026-04-24 10:23:30,4425,1,1,2.01,222.581,6.933,1.669,0.42,234.675,24.667
2026-04-24 10:23:30,4426,0,1,2.271,0.0,7.558,1.419,0.294,11.989,25.754
2026-04-24 10:23:30,4427,0,1,1.78,0.0,8.369,2.028,0.323,12.881,26.688
2026-04-24 10:23:31,4428,1,1,1.997,230.186,6.966,1.993,0.411,242.741,24.406
2026-04-24 10:23:31,4429,0,1,15.486,0.0,6.35,1.927,0.406,24.661,25.543
2026-04-24 10:23:31,4430,0,1,2.039,0.0,6.682,2.202,1.573,13.363,26.427
2026-04-24 10:23:31,4431,1,1,4.274,359.93,7.205,1.668,0.441,374.611,24.048
2026-04-24 10:23:31,4432,0,1,1.605,0.0,6.383,2.097,0.477,11.106,25.249
2026-04-24 10:23:31,4433,0,1,2.953,0.0,7.392,1.535,0.293,12.517,26.454
2026-04-24 10:23:31,4434,1,1,8.541,214.856,7.877,1.732,0.439,234.352,24.216
2026-04-24 10:23:31,4435,0,1,1.69,0.0,7.51,3.856,0.388,14.75,25.408
2026-04-24 10:23:31,4436,0,1,1.811,0.0,6.305,1.418,0.322,10.25,25.925
2026-04-24 10:23:32,4437,1,1,1.952,297.523,8.593,1.69,0.421,311.116,23.64
2026-04-24 10:23:32,4438,0,1,2.033,0.0,7.001,1.477,0.358,11.414,24.514
2026-04-24 10:23:32,4439,0,1,3.031,0.0,6.895,1.682,0.455,12.648,25.654
2026-04-24 10:23:32,4440,1,1,7.108,229.533,8.237,1.945,0.373,248.06,23.473
2026-04-24 10:23:32,4441,0,1,1.981,0.0,8.343,1.653,0.341,12.837,24.338
2026-04-24 10:23:32,4442,0,1,7.11,0.0,8.13,1.656,0.335,17.725,25.16
2026-04-24 10:23:33,4443,1,1,17.324,333.707,7.489,1.656,0.388,361.703,22.918
2026-04-24 10:23:33,4444,0,1,1.944,0.0,7.52,2.025,0.496,12.662,24.153
2026-04-24 10:23:33,4445,0,1,1.752,0.0,19.227,1.458,0.416,23.342,25.426
2026-04-24 10:23:33,4446,1,1,3.261,282.274,7.743,1.875,0.4,296.488,23.203
2026-04-24 10:23:33,4447,0,1,2.037,0.0,8.315,2.774,0.562,14.191,24.204
2026-04-24 10:23:33,4448,0,1,2.373,0.0,10.654,1.919,0.414,15.876,28.551
2026-04-24 10:23:33,4449,1,1,8.71,392.826,8.005,1.876,0.449,412.999,25.93
2026-04-24 10:23:33,4450,0,1,1.951,0.0,7.348,1.596,0.339,11.655,26.76
2026-04-24 10:23:33,4451,0,1,15.874,0.0,6.697,1.568,0.346,24.793,27.655
2026-04-24 10:23:34,4452,1,1,17.315,481.486,6.587,1.732,0.408,508.47,25.086
2026-04-24 10:23:34,4453,0,1,1.682,0.0,7.224,1.14,0.288,10.807,26.037
2026-04-24 10:23:34,4454,0,1,1.944,0.0,6.347,1.314,0.308,10.391,26.437
2026-04-24 10:23:34,4455,1,1,1.748,333.946,6.439,1.766,0.309,345.314,24.071
2026-04-24 10:23:34,4456,0,1,2.202,0.0,8.065,1.411,0.327,12.548,25.455
2026-04-24 10:23:34,4457,0,1,2.425,0.0,7.093,1.958,0.413,12.365,26.796
2026-04-24 10:23:35,4458,1,1,3.625,305.862,7.156,1.682,0.437,319.963,24.416
2026-04-24 10:23:35,4459,0,1,1.651,0.0,7.319,1.648,0.391,11.498,25.431
2026-04-24 10:23:35,4460,0,1,5.87,0.0,8.035,1.626,0.344,16.238,26.137
2026-04-24 10:23:35,4461,1,1,9.125,270.289,7.345,1.578,0.372,289.697,23.858
2026-04-24 10:23:35,4462,0,1,2.023,0.0,7.381,2.107,0.521,12.611,24.995
2026-04-24 10:23:35,4463,0,1,11.813,0.0,14.322,1.804,0.43,28.842,25.48
2026-04-24 10:23:35,4464,1,1,5.048,246.767,8.072,1.968,0.443,263.364,23.291
2026-04-24 10:23:35,4465,0,1,1.748,0.0,7.761,1.631,0.393,11.982,24.299
2026-04-24 10:23:36,4466,0,1,7.168,0.0,8.286,1.582,0.422,17.972,24.934
2026-04-24 10:23:36,4467,1,1,2.603,221.227,7.811,1.755,0.337,234.662,22.835
2026-04-24 10:23:36,4468,0,1,6.532,0.0,9.045,1.613,0.395,18.059,24.01
2026-04-24 10:23:36,4469,0,1,1.844,0.0,7.807,1.704,0.458,12.258,24.917
2026-04-24 10:23:36,4470,1,1,1.864,216.055,7.876,1.805,0.479,229.169,22.834
2026-04-24 10:23:36,4471,0,1,1.685,0.0,9.43,2.251,0.372,14.166,23.802
2026-04-24 10:23:36,4472,0,1,8.931,0.0,8.471,1.835,0.429,20.165,24.554
2026-04-24 10:23:37,4473,1,1,2.026,478.943,8.024,1.56,0.37,493.268,22.294
2026-04-24 10:23:37,4474,0,1,2.548,0.0,8.507,1.648,0.337,13.54,23.35
2026-04-24 10:23:37,4475,0,1,8.424,0.0,7.905,1.845,0.404,19.086,24.268
2026-04-24 10:23:37,4476,1,1,9.64,266.606,7.559,1.378,0.433,286.575,22.179
2026-04-24 10:23:37,4477,0,1,1.603,0.0,8.513,2.074,0.36,13.098,23.454
2026-04-24 10:23:37,4478,0,1,8.085,0.0,8.109,1.532,0.369,18.477,24.343
2026-04-24 10:23:38,4479,1,1,2.142,438.476,6.913,1.483,0.42,450.595,22.122
2026-04-24 10:23:38,4480,0,1,1.859,0.0,7.716,1.648,0.334,12.074,23.555
2026-04-24 10:23:38,4481,0,1,3.571,0.0,7.252,1.547,0.353,13.123,24.882
2026-04-24 10:23:38,4482,1,1,1.602,232.547,8.191,1.845,0.391,245.673,22.774
2026-04-24 10:23:38,4483,0,1,1.687,0.0,7.989,1.659,0.527,12.303,23.723
2026-04-24 10:23:38,4484,0,1,4.907,0.0,7.789,1.454,0.332,14.96,24.744
2026-04-24 10:23:38,4485,1,1,1.977,301.792,7.841,1.554,0.388,314.648,22.572
2026-04-24 10:23:38,4486,0,1,4.425,0.0,9.547,1.434,0.342,16.486,23.524
2026-04-24 10:23:38,4487,0,1,7.85,0.0,8.86,2.009,0.493,19.733,23.711
2026-04-24 10:23:39,4488,1,1,7.494,367.972,7.708,1.801,0.342,386.64,21.59
2026-04-24 10:23:39,4489,0,1,2.274,0.0,7.613,1.673,0.479,12.453,22.755
2026-04-24 10:23:39,4490,0,1,5.386,0.0,7.578,1.548,0.369,15.302,23.726
2026-04-24 10:23:39,4491,1,1,2.118,339.124,7.555,1.609,0.366,351.911,21.625
2026-04-24 10:23:39,4492,0,1,2.255,0.0,8.935,1.558,0.364,13.527,22.919
2026-04-24 10:23:39,4493,0,1,8.602,0.0,14.927,1.537,0.377,25.927,24.068
2026-04-24 10:23:39,4494,1,1,10.243,243.929,7.879,1.751,0.471,265.366,22.026
2026-04-24 10:23:40,4495,0,1,2.274,0.0,7.499,1.88,0.358,12.476,23.145
2026-04-24 10:23:40,4496,0,1,1.63,0.0,7.586,1.704,0.373,11.786,23.984
2026-04-24 10:23:40,4497,1,1,4.406,278.386,8.284,1.575,0.386,294.227,21.91
2026-04-24 10:23:40,4498,0,1,1.7,0.0,8.93,1.558,0.354,12.892,22.953
2026-04-24 10:23:40,4499,0,1,2.217,0.0,8.203,1.514,0.362,12.805,23.722
2026-04-24 10:23:40,4500,1,1,5.106,345.017,7.7,1.818,0.351,361.082,21.616
2026-04-24 10:23:40,4501,0,1,1.929,0.0,8.654,1.888,0.348,13.213,22.727
2026-04-24 10:23:40,4502,0,1,1.847,0.0,7.887,1.487,0.31,11.945,23.91
2026-04-24 10:23:41,4503,1,1,4.404,371.926,7.44,1.758,0.412,387.017,21.77
2026-04-24 10:23:41,4504,0,1,2.121,0.0,8.238,1.672,0.384,13.0,23.09
2026-04-24 10:23:41,4505,0,1,7.5,0.0,7.214,1.668,0.45,17.34,23.822
2026-04-24 10:23:41,4506,1,1,3.708,266.954,7.858,1.841,0.429,281.85,21.776
2026-04-24 10:23:41,4507,0,1,2.806,0.0,7.345,1.455,0.364,12.457,22.987
2026-04-24 10:23:41,4508,0,1,19.292,0.0,9.257,1.974,0.376,31.401,23.188
2026-04-24 10:23:41,4509,1,1,7.043,264.663,7.519,1.733,0.412,282.535,21.205
2026-04-24 10:23:41,4510,0,1,3.485,0.0,7.223,1.862,0.442,13.51,22.514
2026-04-24 10:23:42,4511,0,1,1.748,0.0,7.735,1.615,0.413,11.997,23.544
2026-04-24 10:23:42,4512,1,1,2.111,420.665,8.245,1.511,0.409,434.232,21.409
2026-04-24 10:23:42,4513,0,1,1.75,0.0,8.636,1.381,0.364,12.567,22.734
2026-04-24 10:23:42,4514,0,1,3.653,0.0,8.147,1.44,0.379,14.103,23.848
2026-04-24 10:23:42,4515,1,1,3.147,242.0,7.831,1.978,0.461,256.657,21.835
2026-04-24 10:23:42,4516,0,1,1.943,0.0,7.464,1.926,0.366,12.147,22.993
2026-04-24 10:23:42,4517,0,1,3.574,0.0,7.447,1.493,0.374,13.344,24.353
2026-04-24 10:23:43,4518,1,1,23.203,312.825,8.104,1.526,0.412,347.01,22.204
2026-04-24 10:23:43,4519,0,1,7.762,0.0,8.414,1.624,0.455,18.695,23.334
2026-04-24 10:23:43,4520,0,1,1.899,0.0,12.113,1.798,0.347,17.322,24.304
2026-04-24 10:23:43,4521,1,1,15.594,290.785,7.566,1.528,0.347,316.927,22.181
2026-04-24 10:23:43,4522,0,1,2.315,0.0,7.038,1.47,0.428,11.751,23.406
2026-04-24 10:23:43,4523,0,1,1.993,0.0,9.681,1.28,0.296,14.934,24.468
2026-04-24 10:23:43,4524,1,1,6.278,260.405,8.105,1.84,0.435,278.251,22.365
2026-04-24 10:23:43,4525,0,1,3.913,0.0,7.826,1.636,0.403,14.26,23.399
2026-04-24 10:23:44,4526,0,1,3.473,0.0,7.726,1.599,0.31,13.61,24.776
2026-04-24 10:23:44,4527,1,1,2.147,452.123,8.387,1.441,0.344,465.339,22.506
2026-04-24 10:23:44,4528,0,1,2.029,0.0,21.748,1.805,0.407,26.473,23.83
2026-04-24 10:23:44,4529,0,1,2.633,0.0,8.058,1.74,0.338,13.342,24.536
2026-04-24 10:23:44,4530,1,1,2.107,255.287,7.041,1.992,0.422,267.953,22.429
2026-04-24 10:23:44,4531,0,1,2.299,0.0,10.003,1.633,0.456,14.91,23.171
2026-04-24 10:23:44,4532,0,1,2.159,0.0,9.857,1.525,0.362,14.427,23.83
2026-04-24 10:23:45,4533,1,1,1.927,201.618,8.068,1.949,0.355,215.03,21.876
2026-04-24 10:23:45,4534,0,1,2.072,0.0,23.999,1.511,0.481,28.479,22.657
2026-04-24 10:23:45,4535,0,1,1.746,0.0,8.514,1.393,0.303,12.31,22.66
2026-04-24 10:23:45,4536,1,1,1.907,218.627,7.041,1.465,0.438,230.548,20.798
2026-04-24 10:23:45,4537,0,1,5.175,0.0,7.068,1.507,0.391,14.626,22.489
2026-04-24 10:23:45,4538,0,1,1.835,0.0,8.171,1.563,0.408,12.467,23.596
2026-04-24 10:23:45,4539,1,1,4.962,296.31,7.198,1.903,0.418,311.958,21.544
2026-04-24 10:23:45,4540,0,1,2.586,0.0,9.545,1.442,0.541,14.702,22.579
2026-04-24 10:23:45,4541,0,1,1.943,0.0,9.621,2.021,0.48,14.61,23.555
2026-04-24 10:23:46,4542,1,1,2.091,261.834,7.165,1.566,0.318,273.947,21.538
2026-04-24 10:23:46,4543,0,1,1.576,0.0,8.727,1.866,0.506,13.15,22.627
2026-04-24 10:23:46,4544,0,1,1.707,0.0,7.258,2.109,0.457,12.086,23.691
2026-04-24 10:23:46,4545,1,1,4.791,217.018,8.331,1.868,0.424,233.427,21.728
2026-04-24 10:23:46,4546,0,1,15.702,0.0,8.96,2.109,0.454,27.717,22.678
2026-04-24 10:23:46,4547,0,1,1.904,0.0,8.807,1.454,0.351,13.011,23.592
2026-04-24 10:23:46,4548,1,1,4.165,209.901,7.249,1.746,0.334,224.478,21.642
2026-04-24 10:23:46,4549,0,1,1.765,0.0,7.398,1.465,0.307,11.386,22.93
2026-04-24 10:23:46,4550,0,1,1.736,0.0,6.842,1.872,0.354,11.315,23.966
2026-04-24 10:23:47,4551,1,1,1.928,196.533,7.102,1.49,0.42,208.604,22.012
2026-04-24 10:23:47,4552,0,1,1.646,0.0,7.035,1.468,0.353,10.9,23.163
2026-04-24 10:23:47,4553,0,1,2.251,0.0,6.562,1.642,0.311,11.274,24.63
2026-04-24 10:23:47,4554,1,1,1.859,200.63,8.161,1.865,0.53,214.109,22.606
2026-04-24 10:23:47,4555,0,1,2.112,0.0,7.409,1.712,0.414,12.134,23.697
2026-04-24 10:23:47,4556,0,1,1.999,0.0,14.991,2.207,0.416,20.12,25.044
2026-04-24 10:23:47,4557,1,1,4.701,213.966,7.619,1.825,0.408,229.595,22.94
2026-04-24 10:23:47,4558,0,1,1.578,0.0,7.925,1.604,0.706,12.366,24.032
2026-04-24 10:23:47,4559,0,1,2.557,0.0,9.599,2.241,0.492,15.395,24.791
2026-04-24 10:23:48,4560,1,1,2.388,320.017,7.068,1.656,0.364,332.555,22.594
2026-04-24 10:23:48,4561,0,1,2.127,0.0,8.438,1.708,0.45,13.247,23.68
2026-04-24 10:23:48,4562,0,1,6.225,0.0,7.613,1.456,0.456,16.256,24.722
2026-04-24 10:23:48,4563,1,1,7.477,283.631,7.603,1.501,0.414,301.597,22.57
2026-04-24 10:23:48,4564,0,1,7.004,0.0,8.332,1.539,0.337,17.725,24.054
2026-04-24 10:23:48,4565,0,1,1.824,0.0,7.031,1.531,0.367,11.203,25.249
2026-04-24 10:23:48,4566,1,1,2.006,291.79,8.445,1.657,0.421,305.749,23.039
2026-04-24 10:23:48,4567,0,1,5.392,0.0,7.112,1.613,0.347,14.843,24.251
2026-04-24 10:23:48,4568,0,1,7.598,0.0,7.125,1.983,0.366,17.91,25.658
2026-04-24 10:23:49,4569,1,1,6.554,345.436,8.377,1.879,0.41,363.775,23.363
2026-04-24 10:23:49,4570,0,1,2.057,0.0,9.259,1.908,0.44,14.083,24.023
2026-04-24 10:23:49,4571,0,1,2.079,0.0,8.299,1.749,0.409,12.949,24.823
2026-04-24 10:23:49,4572,1,1,2.317,268.929,7.604,1.816,0.411,282.236,22.673
2026-04-24 10:23:49,4573,0,1,2.015,0.0,9.438,1.835,0.529,14.243,23.882
2026-04-24 10:23:49,4574,0,1,1.691,0.0,8.264,1.814,0.358,12.757,24.672
2026-04-24 10:23:50,4575,1,1,1.831,367.182,7.85,1.873,0.411,380.224,22.455
2026-04-24 10:23:50,4576,0,1,2.234,0.0,6.976,1.58,0.455,11.651,23.665
2026-04-24 10:23:50,4577,0,1,1.62,0.0,7.036,1.772,0.383,11.225,24.931
2026-04-24 10:23:50,4578,1,1,1.677,438.213,7.293,1.905,0.452,450.485,22.653
2026-04-24 10:23:50,4579,0,1,1.608,0.0,7.219,1.5,0.422,11.291,23.999
2026-04-24 10:23:50,4580,0,1,7.758,0.0,5.967,1.29,0.322,15.849,25.186
2026-04-24 10:23:50,4581,1,1,1.854,222.31,7.359,1.661,0.277,234.683,23.067
2026-04-24 10:23:50,4582,0,1,2.03,0.0,6.369,1.541,0.304,10.756,24.328
2026-04-24 10:23:50,4583,0,1,7.548,0.0,8.029,1.57,0.432,18.084,25.807
2026-04-24 10:23:51,4584,1,1,1.794,197.075,7.343,1.888,0.457,209.781,23.665
2026-04-24 10:23:51,4585,0,1,1.891,0.0,7.472,1.472,0.334,11.659,24.752
2026-04-24 10:23:51,4586,0,1,13.968,0.0,8.165,1.35,0.474,24.435,24.801
2026-04-24 10:23:51,4587,1,1,7.397,177.701,7.542,1.515,0.423,195.659,22.798
2026-04-24 10:23:51,4588,0,1,4.068,0.0,8.293,1.718,0.375,14.898,24.219
2026-04-24 10:23:51,4589,0,1,3.789,0.0,7.868,1.824,0.434,14.411,24.889
2026-04-24 10:23:51,4590,1,1,2.032,167.268,7.819,1.894,0.407,180.395,22.908
2026-04-24 10:23:51,4591,0,1,1.693,0.0,8.241,1.439,0.323,12.255,23.829
2026-04-24 10:23:51,4592,0,1,1.82,0.0,9.534,2.105,0.487,14.498,25.091
2026-04-24 10:23:51,4593,1,1,1.82,165.085,5.288,1.831,0.419,175.574,23.094
2026-04-24 10:23:52,4594,0,1,1.654,0.0,8.035,1.975,0.461,12.674,24.441
2026-04-24 10:23:52,4595,0,1,2.003,0.0,8.478,1.796,0.425,13.233,25.262
2026-04-24 10:23:52,4596,1,1,1.607,197.526,8.056,1.398,0.372,210.387,23.172
2026-04-24 10:23:52,4597,0,1,5.263,0.0,7.823,1.816,0.278,15.685,24.486
2026-04-24 10:23:52,4598,0,1,5.072,0.0,6.527,1.452,0.387,13.769,26.116
2026-04-24 10:23:52,4599,1,1,16.467,208.467,7.635,1.656,0.391,235.567,23.925
2026-04-24 10:23:52,4600,0,1,2.007,0.0,7.104,1.551,0.305,11.455,25.271
2026-04-24 10:23:52,4601,0,1,3.739,0.0,7.822,1.808,0.428,14.267,26.459
2026-04-24 10:23:52,4602,1,1,7.895,188.098,7.851,2.087,0.313,207.248,24.27
2026-04-24 10:23:52,4603,0,1,2.231,0.0,8.479,1.966,0.453,13.626,25.39
2026-04-24 10:23:52,4604,0,1,11.444,0.0,8.258,1.57,0.42,22.183,26.318
2026-04-24 10:23:53,4605,1,1,2.281,165.501,5.28,2.042,0.395,176.727,24.182
2026-04-24 10:23:53,4606,0,1,1.798,0.0,8.371,2.189,0.451,13.226,25.822
2026-04-24 10:23:53,4607,0,1,2.516,0.0,8.068,2.055,0.478,13.719,26.329
2026-04-24 10:23:53,4608,1,1,1.995,165.042,6.677,2.001,0.311,176.997,24.204
2026-04-24 10:23:53,4609,0,1,1.935,0.0,6.68,1.478,0.326,10.734,25.674
2026-04-24 10:23:53,4610,0,1,1.657,0.0,7.053,1.698,0.24,11.143,27.108
2026-04-24 10:23:53,4611,1,1,2.665,168.325,5.788,1.196,0.345,179.46,24.901
2026-04-24 10:23:53,4612,0,1,4.921,0.0,8.034,1.501,0.384,15.196,26.529
2026-04-24 10:23:53,4613,0,1,3.057,0.0,4.685,1.663,0.458,10.395,27.484
2026-04-24 10:23:53,4614,1,1,7.189,203.208,6.52,1.824,0.436,220.305,25.16
2026-04-24 10:23:53,4615,0,1,2.004,0.0,8.066,1.593,0.428,12.606,26.031
2026-04-24 10:23:53,4616,0,1,2.483,0.0,6.254,1.403,0.426,10.873,27.016
2026-04-24 10:23:54,4617,1,1,2.471,191.306,8.29,2.085,0.404,205.622,24.763
2026-04-24 10:23:54,4618,0,1,2.376,0.0,8.521,1.815,0.403,13.541,25.802
2026-04-24 10:23:54,4619,0,1,2.659,0.0,8.491,1.909,0.436,14.115,26.563
2026-04-24 10:23:54,4620,1,1,1.851,170.462,5.032,1.288,0.411,180.099,24.401
2026-04-24 10:23:54,4621,0,1,2.202,0.0,7.816,1.226,0.232,11.942,25.248
2026-04-24 10:23:54,4622,0,1,2.243,0.0,8.623,2.054,0.473,13.893,26.045
2026-04-24 10:23:54,4623,1,1,1.564,166.147,6.682,1.46,0.32,177.272,23.958
2026-04-24 10:23:54,4624,0,1,2.463,0.0,6.85,1.824,0.415,12.03,24.807
2026-04-24 10:23:54,4625,0,1,2.236,0.0,7.98,1.787,0.404,12.884,26.096
2026-04-24 10:23:54,4626,1,1,7.658,166.231,6.892,1.886,0.437,184.106,23.991
2026-04-24 10:23:54,4627,0,1,1.978,0.0,6.487,1.819,0.436,11.266,24.581
2026-04-24 10:23:55,4628,0,1,2.621,0.0,8.594,2.183,0.467,14.364,25.621
2026-04-24 10:23:55,4629,1,1,2.279,167.686,8.08,1.844,0.428,181.508,23.559
2026-04-24 10:23:55,4630,0,1,1.87,0.0,9.326,2.163,0.46,14.325,24.164
2026-04-24 10:23:55,4631,0,1,2.19,0.0,8.299,2.067,0.42,13.449,24.747
2026-04-24 10:23:55,4632,1,1,2.129,187.732,8.396,1.812,0.429,201.624,22.731
2026-04-24 10:23:55,4633,0,1,2.123,0.0,6.743,1.026,0.228,10.581,23.436
2026-04-24 10:23:55,4634,0,1,2.653,0.0,8.628,1.866,0.428,14.141,25.247
2026-04-24 10:23:55,4635,1,1,2.664,157.288,6.12,1.137,0.24,168.595,23.237
2026-04-24 10:23:55,4636,0,1,1.574,0.0,6.001,1.264,0.235,9.395,24.764
2026-04-24 10:23:55,4637,0,1,2.0,0.0,8.511,1.999,0.426,13.519,25.989
2026-04-24 10:23:55,4638,1,1,2.177,158.829,7.386,1.185,0.373,171.089,23.912
2026-04-24 10:23:56,4639,0,1,1.953,0.0,8.279,2.172,0.464,13.46,25.118
2026-04-24 10:23:56,4640,0,1,2.701,0.0,8.178,2.28,0.438,14.273,25.906
2026-04-24 10:23:56,4641,1,1,1.853,173.008,7.007,1.567,0.44,184.846,23.801
2026-04-24 10:23:56,4642,0,1,1.93,0.0,7.762,1.675,0.448,12.273,24.89
2026-04-24 10:23:56,4643,0,1,1.999,0.0,8.366,2.24,0.454,13.431,25.629
2026-04-24 10:23:56,4644,1,1,2.431,176.702,6.158,1.162,0.282,187.687,23.547
2026-04-24 10:23:56,4645,0,1,1.756,0.0,6.351,1.22,0.347,10.024,25.637
2026-04-24 10:23:56,4646,0,1,1.837,0.0,8.59,1.432,0.378,12.624,26.825
2026-04-24 10:23:56,4647,1,1,6.824,172.933,6.052,1.112,0.367,188.308,24.645
2026-04-24 10:23:56,4648,0,1,1.913,0.0,7.901,1.873,0.412,12.65,25.988
2026-04-24 10:23:56,4649,0,1,2.685,0.0,8.584,1.833,0.408,14.073,26.207
2026-04-24 10:23:57,4650,1,1,3.211,157.627,8.717,1.149,0.23,171.919,24.104
2026-04-24 10:23:57,4651,0,1,1.897,0.0,6.004,1.209,0.414,9.99,25.529
2026-04-24 10:23:57,4652,0,1,1.942,0.0,6.981,1.449,0.39,11.157,26.856
2026-04-24 10:23:57,4653,1,1,1.959,159.579,6.197,1.837,0.189,170.941,24.706
2026-04-24 10:23:57,4654,0,1,2.54,0.0,6.205,1.234,0.36,10.876,25.717
2026-04-24 10:23:57,4655,0,1,5.892,0.0,7.637,1.827,0.336,16.009,27.077
2026-04-24 10:23:57,4656,1,1,2.335,157.502,7.429,1.837,0.391,170.527,24.904
2026-04-24 10:23:57,4657,0,1,2.157,0.0,7.908,2.284,0.608,13.567,25.601
2026-04-24 10:23:57,4658,0,1,2.667,0.0,7.982,1.862,0.564,13.628,26.325
2026-04-24 10:23:57,4659,1,1,1.956,184.217,7.877,1.79,0.442,197.396,24.152
2026-04-24 10:23:57,4660,0,1,1.836,0.0,8.012,2.258,0.436,13.063,24.595
2026-04-24 10:23:57,4661,0,1,1.698,0.0,3.755,1.059,0.235,7.015,25.327
2026-04-24 10:23:58,4662,1,1,5.376,201.22,7.483,1.283,0.487,216.949,23.233
2026-04-24 10:23:58,4663,0,1,1.765,0.0,7.875,1.091,0.229,11.444,24.602
2026-04-24 10:23:58,4664,0,1,1.943,0.0,7.655,1.136,0.287,11.385,25.571
2026-04-24 10:23:58,4665,1,1,1.737,167.648,7.883,1.806,0.417,180.558,23.507
2026-04-24 10:23:58,4666,0,1,1.82,0.0,8.237,2.143,0.449,13.076,24.606
2026-04-24 10:23:58,4667,0,1,2.344,0.0,8.582,2.019,0.416,13.931,24.94
2026-04-24 10:23:58,4668,1,1,1.704,161.786,7.948,1.882,0.379,174.918,22.96
2026-04-24 10:23:58,4669,0,1,2.251,0.0,6.699,2.035,0.486,11.996,24.33
2026-04-24 10:23:58,4670,0,1,2.692,0.0,7.875,1.258,0.236,12.359,25.128
2026-04-24 10:23:58,4671,1,1,4.237,153.26,7.158,1.798,0.388,168.1,23.159
2026-04-24 10:23:58,4672,0,1,1.586,0.0,4.599,1.397,0.425,8.531,24.775
2026-04-24 10:23:58,4673,0,1,2.913,0.0,8.021,1.8,0.44,13.745,26.035
2026-04-24 10:23:59,4674,1,1,1.8,164.312,11.163,1.386,0.35,180.131,23.933
2026-04-24 10:23:59,4675,0,1,20.653,0.0,18.655,1.642,0.424,41.8,23.837
2026-04-24 10:23:59,4676,0,1,4.156,0.0,8.005,1.203,0.322,14.19,25.004
2026-04-24 10:23:59,4677,1,1,10.277,158.372,6.569,1.31,0.444,177.887,23.019
2026-04-24 10:23:59,4678,0,1,6.203,0.0,5.387,1.298,0.424,13.812,24.57
2026-04-24 10:23:59,4679,0,1,1.996,0.0,7.819,1.324,0.276,11.857,26.197
2026-04-24 10:23:59,4680,1,1,2.099,154.381,7.179,2.001,0.418,167.258,24.114
2026-04-24 10:23:59,4681,0,1,2.019,0.0,7.715,1.083,0.218,11.492,25.272
2026-04-24 10:23:59,4682,0,1,13.811,0.0,8.323,1.925,0.41,24.971,25.226
2026-04-24 10:23:59,4683,1,1,2.17,150.369,7.112,1.805,0.292,162.648,23.248
2026-04-24 10:23:59,4684,0,1,2.268,0.0,8.559,1.652,0.469,13.476,24.159
2026-04-24 10:23:59,4685,0,1,2.753,0.0,8.159,2.085,0.578,14.299,25.146
2026-04-24 10:24:00,4686,1,1,2.279,181.278,7.139,1.817,0.408,193.769,23.086
2026-04-24 10:24:00,4687,0,1,2.074,0.0,7.256,1.93,0.52,12.273,24.262
2026-04-24 10:24:00,4688,0,1,1.776,0.0,6.564,1.585,0.312,10.739,25.171
2026-04-24 10:24:00,4689,1,1,1.746,236.222,7.164,1.842,0.405,248.458,23.033
2026-04-24 10:24:00,4690,0,1,1.763,0.0,4.797,1.351,0.491,8.968,23.992
2026-04-24 10:24:00,4691,0,1,4.516,0.0,6.653,1.456,0.309,13.279,25.779
2026-04-24 10:24:00,4692,1,1,7.678,224.481,7.728,1.895,0.433,243.35,23.597
2026-04-24 10:24:00,4693,0,1,1.785,0.0,6.643,1.558,0.468,10.985,24.373
2026-04-24 10:24:00,4694,0,1,2.779,0.0,6.221,1.338,0.366,11.113,25.165
2026-04-24 10:24:01,4695,1,1,1.906,224.926,6.772,1.017,0.298,235.874,23.038
2026-04-24 10:24:01,4696,0,1,2.158,0.0,10.168,2.361,0.446,15.559,24.349
2026-04-24 10:24:01,4697,0,1,1.778,0.0,7.219,1.363,0.488,11.378,24.836
2026-04-24 10:24:01,4698,1,1,2.283,228.347,7.442,1.664,0.409,241.28,22.74
2026-04-24 10:24:01,4699,0,1,4.262,0.0,6.867,1.259,0.323,13.211,23.998
2026-04-24 10:24:01,4700,0,1,4.988,0.0,7.567,1.539,0.321,15.369,25.421
2026-04-24 10:24:01,4701,1,1,2.152,292.619,6.524,1.805,0.296,304.434,23.187
2026-04-24 10:24:01,4702,0,1,2.301,0.0,7.044,2.061,0.502,12.44,24.085
2026-04-24 10:24:01,4703,0,1,2.183,0.0,9.079,1.877,0.483,14.233,24.904
2026-04-24 10:24:02,4704,1,1,2.106,201.68,6.182,1.866,0.492,213.44,22.839
2026-04-24 10:24:02,4705,0,1,1.471,0.0,6.841,1.376,0.294,10.375,24.534
2026-04-24 10:24:02,4706,0,1,2.15,0.0,7.948,1.717,0.488,12.817,25.59
2026-04-24 10:24:02,4707,1,1,1.806,186.278,5.929,1.323,0.234,196.493,23.499
2026-04-24 10:24:02,4708,0,1,1.72,0.0,7.394,0.847,0.227,10.702,23.572
2026-04-24 10:24:02,4709,0,1,1.825,0.0,8.491,1.116,0.213,12.197,24.887
2026-04-24 10:24:02,4710,1,1,1.524,212.446,6.517,1.81,0.413,223.796,22.811
2026-04-24 10:24:02,4711,0,1,1.692,0.0,6.891,1.971,0.524,11.471,23.827
2026-04-24 10:24:02,4712,0,1,1.938,0.0,8.385,1.063,0.234,12.079,25.157
2026-04-24 10:24:02,4713,1,1,10.374,229.466,7.833,1.66,0.425,250.857,23.027
2026-04-24 10:24:02,4714,0,1,1.72,0.0,9.434,1.933,0.411,14.011,23.723
2026-04-24 10:24:03,4715,0,1,1.958,0.0,6.809,1.01,0.265,10.313,24.789
2026-04-24 10:24:03,4716,1,1,6.407,161.898,7.65,1.538,0.349,178.735,22.836
2026-04-24 10:24:03,4717,0,1,2.606,0.0,6.977,1.637,0.396,12.127,23.905
2026-04-24 10:24:03,4718,0,1,7.403,0.0,7.346,1.988,0.26,17.524,24.805
2026-04-24 10:24:03,4719,1,1,1.618,191.808,7.087,1.513,0.413,203.315,22.773
2026-04-24 10:24:03,4720,0,1,1.939,0.0,7.997,1.805,0.416,12.651,24.06
2026-04-24 10:24:03,4721,0,1,1.822,0.0,6.807,2.387,0.368,11.819,25.226
2026-04-24 10:24:03,4722,1,1,1.983,169.909,9.638,1.584,0.421,184.336,23.209
2026-04-24 10:24:03,4723,0,1,1.766,0.0,6.796,1.631,0.287,10.849,24.415
2026-04-24 10:24:03,4724,0,1,4.44,0.0,7.354,1.693,0.443,14.622,25.887
2026-04-24 10:24:04,4725,1,1,1.651,205.442,5.538,1.53,0.374,215.223,23.726
2026-04-24 10:24:04,4726,0,1,2.008,0.0,7.497,1.844,0.468,12.1,25.568
2026-04-24 10:24:04,4727,0,1,2.126,0.0,7.006,1.58,0.32,11.398,26.778
2026-04-24 10:24:04,4728,1,1,3.374,219.441,15.222,1.836,0.434,241.336,24.495
2026-04-24 10:24:04,4729,0,1,2.326,0.0,9.208,1.391,0.293,13.985,25.855
2026-04-24 10:24:04,4730,0,1,2.358,0.0,8.175,1.273,0.245,12.567,26.148
2026-04-24 10:24:04,4731,1,1,2.556,172.513,5.7,1.873,0.375,184.12,24.023
2026-04-24 10:24:04,4732,0,1,1.662,0.0,8.81,1.766,0.257,13.053,25.235
2026-04-24 10:24:04,4733,0,1,1.792,0.0,8.52,1.572,0.235,12.614,26.288
2026-04-24 10:24:04,4734,1,1,2.708,164.28,6.999,1.834,0.416,177.422,24.173
2026-04-24 10:24:04,4735,0,1,1.842,0.0,8.495,2.095,0.29,13.056,25.177
2026-04-24 10:24:04,4736,0,1,2.019,0.0,9.135,1.814,0.435,14.05,25.731
2026-04-24 10:24:05,4737,1,1,2.75,157.387,7.091,1.471,0.337,170.226,23.685
2026-04-24 10:24:05,4738,0,1,2.425,0.0,6.701,0.879,0.209,10.724,24.547
2026-04-24 10:24:05,4739,0,1,1.965,0.0,5.203,1.005,0.266,8.941,26.296
2026-04-24 10:24:05,4740,1,1,5.257,172.854,5.506,1.13,0.256,186.031,24.169
2026-04-24 10:24:05,4741,0,1,2.429,0.0,7.293,1.636,0.287,12.163,25.485
2026-04-24 10:24:05,4742,0,1,2.191,0.0,8.381,1.86,0.287,13.022,26.746
2026-04-24 10:24:05,4743,1,1,1.636,159.359,8.194,1.868,0.244,172.267,24.561
2026-04-24 10:24:05,4744,0,1,2.406,0.0,7.805,1.256,0.222,12.092,25.346
2026-04-24 10:24:05,4745,0,1,2.679,0.0,9.048,1.323,0.238,13.749,26.588
2026-04-24 10:24:05,4746,1,1,1.612,182.608,6.441,1.899,0.404,194.009,24.399
2026-04-24 10:24:05,4747,0,1,2.526,0.0,8.756,2.013,0.452,14.283,23.93
2026-04-24 10:24:05,4748,0,1,1.893,0.0,7.994,2.156,0.519,12.953,24.707
2026-04-24 10:24:06,4749,1,1,2.028,163.321,7.514,1.884,0.433,176.281,22.747
2026-04-24 10:24:06,4750,0,1,1.858,0.0,8.602,2.235,0.523,13.612,23.697
2026-04-24 10:24:06,4751,0,1,8.089,0.0,6.454,1.552,0.426,17.004,25.166
2026-04-24 10:24:06,4752,1,1,1.954,174.513,7.368,1.979,0.424,187.477,23.133
2026-04-24 10:24:06,4753,0,1,1.799,0.0,7.503,2.267,0.441,12.554,25.115
2026-04-24 10:24:06,4754,0,1,2.407,0.0,8.027,2.152,0.569,13.606,25.871
2026-04-24 10:24:06,4755,1,1,1.952,156.289,5.718,1.823,0.408,167.308,23.809
2026-04-24 10:24:06,4756,0,1,2.252,0.0,8.565,1.806,0.416,13.548,24.516
2026-04-24 10:24:06,4757,0,1,3.036,0.0,8.128,1.875,0.422,14.04,25.108
2026-04-24 10:24:06,4758,1,1,2.208,162.786,7.367,1.746,0.414,175.639,23.111
2026-04-24 10:24:06,4759,0,1,2.415,0.0,7.173,2.273,0.421,12.742,24.191
2026-04-24 10:24:06,4760,0,1,2.217,0.0,7.944,1.986,0.552,13.076,26.127
2026-04-24 10:24:07,4761,1,1,1.568,171.17,7.395,1.412,0.517,183.105,24.0
2026-04-24 10:24:07,4762,0,1,2.039,0.0,6.474,1.964,0.422,11.281,25.283
2026-04-24 10:24:07,4763,0,1,2.693,0.0,8.171,1.849,0.427,13.718,26.428
2026-04-24 10:24:07,4764,1,1,1.933,172.321,7.847,1.9,0.498,185.607,24.277
2026-04-24 10:24:07,4765,0,1,2.045,0.0,7.381,1.546,0.424,11.92,25.348
2026-04-24 10:24:07,4766,0,1,1.866,0.0,5.835,1.405,0.424,10.073,26.718
2026-04-24 10:24:07,4767,1,1,2.645,163.554,6.816,1.686,0.399,176.231,24.57
2026-04-24 10:24:07,4768,0,1,2.759,0.0,7.123,1.933,0.438,12.749,25.861
2026-04-24 10:24:07,4769,0,1,1.761,0.0,8.589,2.215,0.495,13.622,26.606
2026-04-24 10:24:07,4770,1,1,2.702,165.293,7.43,1.367,0.331,178.264,24.445
2026-04-24 10:24:08,4771,0,1,1.838,0.0,8.238,1.83,0.414,12.889,24.586
2026-04-24 10:24:08,4772,0,1,1.534,0.0,5.906,1.199,0.422,9.593,25.409
2026-04-24 10:24:08,4773,1,1,2.683,160.907,5.774,1.89,0.397,172.596,23.396
2026-04-24 10:24:08,4774,0,1,3.461,0.0,8.569,2.061,0.313,14.766,24.954
2026-04-24 10:24:08,4775,0,1,2.397,0.0,7.601,2.111,0.425,13.134,25.484
2026-04-24 10:24:08,4776,1,1,1.918,176.5,7.825,2.036,0.458,189.817,23.426
2026-04-24 10:24:08,4777,0,1,2.22,0.0,7.147,1.471,0.385,11.634,24.301
2026-04-24 10:24:08,4778,0,1,1.904,0.0,6.68,1.228,0.313,10.497,25.421
2026-04-24 10:24:08,4779,1,1,1.956,163.826,7.343,1.819,0.393,176.628,23.4
2026-04-24 10:24:08,4780,0,1,2.225,0.0,8.469,1.265,0.436,12.965,24.079
2026-04-24 10:24:08,4781,0,1,1.841,0.0,8.044,1.844,0.668,12.792,24.896
2026-04-24 10:24:08,4782,1,1,2.523,162.222,5.88,1.352,0.324,173.452,22.928
2026-04-24 10:24:09,4783,0,1,1.869,0.0,8.538,1.893,0.421,13.273,24.465
2026-04-24 10:24:09,4784,0,1,2.231,0.0,7.807,1.968,0.437,12.937,25.189
2026-04-24 10:24:09,4785,1,1,1.679,159.738,5.961,1.102,0.326,169.925,23.188
2026-04-24 10:24:09,4786,0,1,16.61,0.0,7.641,1.457,0.367,26.528,24.54
2026-04-24 10:24:09,4787,0,1,1.845,0.0,7.655,1.799,0.406,12.179,24.392
2026-04-24 10:24:09,4788,1,1,1.571,172.98,7.243,1.856,0.403,185.205,22.45
2026-04-24 10:24:09,4789,0,1,2.062,0.0,8.254,0.986,0.211,11.984,23.846
2026-04-24 10:24:09,4790,0,1,2.265,0.0,6.987,0.974,0.339,11.142,24.953
2026-04-24 10:24:09,4791,1,1,2.073,158.878,6.93,1.545,0.417,171.071,22.997
2026-04-24 10:24:09,4792,0,1,2.173,0.0,7.598,2.231,0.237,12.542,24.193
2026-04-24 10:24:09,4793,0,1,2.126,0.0,6.317,0.987,0.401,10.097,25.346
2026-04-24 10:24:10,4794,1,1,2.171,204.314,7.605,1.912,0.412,217.62,23.248
2026-04-24 10:24:10,4795,0,1,1.683,0.0,8.284,1.205,0.272,11.757,24.554
2026-04-24 10:24:10,4796,0,1,1.531,0.0,5.621,1.19,0.371,9.238,25.516
2026-04-24 10:24:10,4797,1,1,11.492,167.523,5.722,1.876,0.399,188.364,23.479
2026-04-24 10:24:10,4798,0,1,1.688,0.0,8.029,1.574,0.304,11.966,24.443
2026-04-24 10:24:10,4799,0,1,2.065,0.0,5.95,1.036,0.248,9.668,25.589
2026-04-24 10:24:10,4800,1,1,11.624,168.676,8.26,1.912,0.427,192.279,23.538
2026-04-24 10:24:10,4801,0,1,2.035,0.0,7.722,1.031,0.226,11.451,24.981
2026-04-24 10:24:10,4802,0,1,2.039,0.0,7.01,0.854,0.221,10.606,26.175
2026-04-24 10:24:10,4803,1,1,2.095,309.629,8.028,1.29,0.321,322.354,23.852
2026-04-24 10:24:10,4804,0,1,1.855,0.0,8.753,4.542,0.322,15.975,24.876
2026-04-24 10:24:11,4805,0,1,5.966,0.0,8.778,1.181,0.347,17.024,25.292
2026-04-24 10:24:11,4806,1,1,7.602,218.878,22.99,0.867,0.252,251.7,23.16
2026-04-24 10:24:11,4807,0,1,3.201,0.0,7.427,2.23,0.465,13.871,23.145
2026-04-24 10:24:11,4808,0,1,1.654,0.0,8.986,1.334,0.468,12.947,24.459
2026-04-24 10:24:11,4809,1,1,1.509,181.641,6.228,1.073,0.223,191.679,22.48
2026-04-24 10:24:11,4810,0,1,1.915,0.0,8.389,1.937,0.486,13.254,24.199
2026-04-24 10:24:11,4811,0,1,1.824,0.0,8.387,1.97,0.234,12.899,25.092
2026-04-24 10:24:11,4812,1,1,2.545,162.434,8.51,1.332,0.429,176.266,23.105
2026-04-24 10:24:11,4813,0,1,1.664,0.0,6.613,1.899,0.465,11.108,24.721
2026-04-24 10:24:11,4814,0,1,2.149,0.0,7.146,1.763,0.414,12.015,26.283
2026-04-24 10:24:12,4815,1,1,2.45,162.655,8.144,1.807,0.395,176.701,24.173
2026-04-24 10:24:12,4816,0,1,1.809,0.0,7.722,2.123,0.258,12.465,25.674
2026-04-24 10:24:12,4817,0,1,2.529,0.0,8.859,1.808,0.45,14.218,25.963
2026-04-24 10:24:12,4818,1,1,2.259,204.374,7.214,1.572,0.406,216.737,23.789
2026-04-24 10:24:12,4819,0,1,1.94,0.0,8.008,1.646,0.42,12.545,25.2
2026-04-24 10:24:12,4820,0,1,1.816,0.0,10.07,2.099,0.584,15.085,25.94
2026-04-24 10:24:12,4821,1,1,5.637,250.463,6.959,1.664,0.412,266.297,23.703
2026-04-24 10:24:12,4822,0,1,1.788,0.0,8.299,2.429,0.484,13.591,24.946
2026-04-24 10:24:12,4823,0,1,2.195,0.0,9.096,1.952,0.222,13.988,25.701
2026-04-24 10:24:13,4824,1,1,1.897,403.564,6.922,1.843,0.415,415.698,23.361
2026-04-24 10:24:13,4825,0,1,2.057,0.0,4.922,0.851,0.205,8.52,24.962
2026-04-24 10:24:13,4826,0,1,2.05,0.0,9.619,1.981,0.451,14.603,26.179
2026-04-24 10:24:13,4827,1,1,1.897,365.089,8.488,1.812,0.42,378.774,23.811
2026-04-24 10:24:13,4828,0,1,2.485,0.0,8.211,1.793,0.261,13.073,25.126
2026-04-24 10:24:13,4829,0,1,22.995,0.0,8.264,1.88,0.466,34.125,24.793
2026-04-24 10:24:13,4830,1,1,1.715,158.956,7.9,1.857,0.388,171.772,22.843
2026-04-24 10:24:13,4831,0,1,2.053,0.0,8.493,1.574,0.224,12.756,23.361
2026-04-24 10:24:13,4832,0,1,1.585,0.0,8.514,1.854,0.392,12.844,24.125
2026-04-24 10:24:14,4833,1,1,1.501,179.022,6.079,1.603,0.43,189.671,22.188
2026-04-24 10:24:14,4834,0,1,2.225,0.0,8.535,1.021,0.505,12.91,23.916
2026-04-24 10:24:14,4835,0,1,1.5,0.0,8.553,1.863,0.428,12.857,24.357
2026-04-24 10:24:14,4836,1,1,1.87,166.969,6.914,1.221,0.245,178.286,22.429
2026-04-24 10:24:14,4837,0,1,1.973,0.0,22.607,2.031,0.655,27.85,23.693
2026-04-24 10:24:14,4838,0,1,1.833,0.0,7.44,2.327,0.283,12.394,23.648
2026-04-24 10:24:14,4839,1,1,6.561,170.078,6.135,1.837,0.409,185.903,21.784
2026-04-24 10:24:14,4840,0,1,1.534,0.0,7.381,2.114,0.469,11.996,23.209
2026-04-24 10:24:14,4841,0,1,2.233,0.0,7.569,1.324,0.472,12.133,23.373
2026-04-24 10:24:14,4842,1,1,2.086,183.927,7.716,1.829,0.407,196.883,21.508
2026-04-24 10:24:14,4843,0,1,1.783,0.0,7.178,1.906,0.443,11.724,22.666
2026-04-24 10:24:15,4844,0,1,1.628,0.0,6.92,1.452,0.413,10.974,23.261
2026-04-24 10:24:15,4845,1,1,2.118,159.384,8.088,1.428,0.321,172.431,21.464
2026-04-24 10:24:15,4846,0,1,2.15,0.0,7.728,1.638,0.216,12.085,23.194
2026-04-24 10:24:15,4847,0,1,6.599,0.0,7.327,1.951,0.501,16.889,24.437
2026-04-24 10:24:15,4848,1,1,2.201,172.217,7.511,1.912,0.408,185.226,22.481
2026-04-24 10:24:15,4849,0,1,2.003,0.0,8.329,1.995,0.381,13.085,23.881
2026-04-24 10:24:15,4850,0,1,2.303,0.0,7.481,1.749,0.462,12.568,24.951
2026-04-24 10:24:15,4851,1,1,2.12,170.395,7.355,1.874,0.555,183.285,22.947
2026-04-24 10:24:15,4852,0,1,1.877,0.0,5.632,1.79,0.406,10.188,24.256
2026-04-24 10:24:15,4853,0,1,1.68,0.0,5.916,1.116,0.239,9.474,24.099
2026-04-24 10:24:15,4854,1,1,2.43,158.926,15.226,1.326,0.342,179.349,22.218
2026-04-24 10:24:16,4855,0,1,2.266,0.0,6.979,1.388,0.497,11.517,23.248
2026-04-24 10:24:16,4856,0,1,18.505,0.0,8.104,1.031,0.42,28.646,23.27
2026-04-24 10:24:16,4857,1,1,5.251,161.528,7.646,1.869,0.388,177.63,21.462
2026-04-24 10:24:16,4858,0,1,1.449,0.0,8.939,2.115,0.425,13.436,23.248
2026-04-24 10:24:16,4859,0,1,2.253,0.0,7.523,1.313,0.429,12.056,23.989
2026-04-24 10:24:16,4860,1,1,1.813,160.683,8.18,1.834,0.404,174.167,22.099
2026-04-24 10:24:16,4861,0,1,3.181,0.0,7.213,1.039,0.224,11.946,23.238
2026-04-24 10:24:16,4862,0,1,2.324,0.0,7.813,1.905,0.493,13.023,25.143
2026-04-24 10:24:16,4863,1,1,2.07,158.85,7.994,1.462,0.222,171.694,23.144
2026-04-24 10:24:16,4864,0,1,2.17,0.0,6.855,2.025,0.424,12.146,24.385
2026-04-24 10:24:16,4865,0,1,2.649,0.0,8.587,2.251,0.477,14.553,25.009
2026-04-24 10:24:17,4866,1,1,2.656,150.728,7.778,1.859,0.389,164.581,23.061
2026-04-24 10:24:17,4867,0,1,2.271,0.0,8.925,1.804,0.408,13.948,23.783
2026-04-24 10:24:17,4868,0,1,2.498,0.0,8.563,1.847,0.257,13.682,24.339
2026-04-24 10:24:17,4869,1,1,2.24,153.971,7.607,1.756,0.205,166.979,22.44
2026-04-24 10:24:17,4870,0,1,2.596,0.0,7.088,1.923,0.42,12.695,23.323
2026-04-24 10:24:17,4871,0,1,2.755,0.0,8.184,2.196,0.503,14.142,24.552
2026-04-24 10:24:17,4872,1,1,2.211,165.436,7.48,1.836,0.424,178.467,22.601
2026-04-24 10:24:17,4873,0,1,2.046,0.0,7.989,1.831,0.419,12.849,23.387
2026-04-24 10:24:17,4874,0,1,2.269,0.0,7.76,1.356,0.435,12.322,24.112
2026-04-24 10:24:17,4875,1,1,2.16,171.727,8.299,1.869,0.391,185.603,22.202
2026-04-24 10:24:17,4876,0,1,2.726,0.0,4.952,1.339,0.328,9.88,24.195
2026-04-24 10:24:17,4877,0,1,2.809,0.0,8.842,1.873,0.221,14.057,25.033
2026-04-24 10:24:18,4878,1,1,2.691,165.179,7.134,1.435,0.321,177.851,23.041
2026-04-24 10:24:18,4879,0,1,2.64,0.0,4.964,2.017,0.459,10.621,24.318
2026-04-24 10:24:18,4880,0,1,2.748,0.0,7.362,1.957,0.483,13.112,24.86
2026-04-24 10:24:18,4881,1,1,5.967,162.416,7.661,1.587,0.41,179.271,22.909
2026-04-24 10:24:18,4882,0,1,1.72,0.0,8.997,1.774,0.423,13.481,23.602
2026-04-24 10:24:18,4883,0,1,1.741,0.0,8.552,2.104,0.435,13.383,24.23
2026-04-24 10:24:18,4884,1,1,2.748,155.807,8.416,1.629,0.488,170.211,22.334
2026-04-24 10:24:18,4885,0,1,2.846,0.0,9.239,2.113,0.425,15.22,23.564
2026-04-24 10:24:18,4886,0,1,2.273,0.0,7.717,1.637,0.488,12.674,24.459
2026-04-24 10:24:18,4887,1,1,2.615,165.76,7.923,1.837,0.392,179.704,22.515
2026-04-24 10:24:18,4888,0,1,2.333,0.0,7.469,1.998,0.425,12.794,23.558
2026-04-24 10:24:18,4889,0,1,2.657,0.0,7.861,1.866,0.412,13.38,24.171
2026-04-24 10:24:19,4890,1,1,2.129,157.12,7.867,1.947,0.331,170.552,22.289
2026-04-24 10:24:19,4891,0,1,2.646,0.0,8.062,1.005,0.468,12.814,23.566
2026-04-24 10:24:19,4892,0,1,1.613,0.0,8.392,2.233,0.513,13.321,24.517
2026-04-24 10:24:19,4893,1,1,3.158,159.854,5.119,1.621,0.43,171.308,22.592
2026-04-24 10:24:19,4894,0,1,1.763,0.0,7.093,1.329,0.246,10.725,24.313
2026-04-24 10:24:19,4895,0,1,1.825,0.0,8.914,2.128,0.415,13.776,25.765
2026-04-24 10:24:19,4896,1,1,4.419,158.94,7.015,1.279,0.417,173.231,23.708
2026-04-24 10:24:19,4897,0,1,2.38,0.0,8.538,1.494,0.49,13.421,25.208
2026-04-24 10:24:19,4898,0,1,2.221,0.0,8.6,2.137,0.426,13.874,26.083
2026-04-24 10:24:19,4899,1,1,2.077,161.207,7.817,1.818,0.408,174.419,23.99
2026-04-24 10:24:19,4900,0,1,1.794,0.0,6.217,1.374,0.416,10.428,25.474
2026-04-24 10:24:19,4901,0,1,1.942,0.0,6.977,0.921,0.339,10.534,26.486
2026-04-24 10:24:20,4902,1,1,8.101,186.669,7.452,1.802,0.454,205.663,24.292
2026-04-24 10:24:20,4903,0,1,1.652,0.0,8.627,2.253,0.516,13.485,25.52
2026-04-24 10:24:20,4904,0,1,2.429,0.0,5.751,1.461,0.679,10.806,25.945
2026-04-24 10:24:20,4905,1,1,1.841,155.641,6.621,2.099,0.428,167.583,23.892
2026-04-24 10:24:20,4906,0,1,1.618,0.0,8.525,1.901,0.55,13.091,25.055
2026-04-24 10:24:20,4907,0,1,1.532,0.0,7.384,1.882,0.332,11.562,26.237
2026-04-24 10:24:20,4908,1,1,1.902,166.949,5.973,1.696,0.413,178.014,24.104
2026-04-24 10:24:20,4909,0,1,2.737,0.0,6.955,1.821,0.448,12.658,25.637
2026-04-24 10:24:20,4910,0,1,2.189,0.0,6.676,1.895,0.42,11.72,26.744
2026-04-24 10:24:20,4911,1,1,1.833,161.661,7.423,1.871,0.384,174.36,24.597
2026-04-24 10:24:20,4912,0,1,1.977,0.0,6.401,1.333,0.355,10.59,26.175
2026-04-24 10:24:20,4913,0,1,2.147,0.0,8.285,1.739,0.552,13.287,27.357
2026-04-24 10:24:21,4914,1,1,2.201,155.794,7.911,1.807,0.386,169.28,25.169
2026-04-24 10:24:21,4915,0,1,1.81,0.0,7.923,1.975,0.626,12.887,26.48
2026-04-24 10:24:21,4916,0,1,2.229,0.0,8.582,1.914,0.425,13.73,26.892
2026-04-24 10:24:21,4917,1,1,2.252,156.826,7.043,2.034,0.418,169.763,24.739
2026-04-24 10:24:21,4918,0,1,1.978,0.0,8.107,1.121,0.279,12.0,25.225
2026-04-24 10:24:21,4919,0,1,2.068,0.0,7.553,1.892,0.435,12.354,26.603
2026-04-24 10:24:21,4920,1,1,1.578,157.484,6.29,1.512,0.438,168.548,24.49
2026-04-24 10:24:21,4921,0,1,1.577,0.0,6.688,1.494,0.408,10.712,25.541
2026-04-24 10:24:21,4922,0,1,2.148,0.0,6.311,1.36,0.337,10.674,26.651
2026-04-24 10:24:21,4923,1,1,1.899,157.407,7.472,1.837,0.396,170.219,24.531
2026-04-24 10:24:21,4924,0,1,1.737,0.0,8.159,1.996,0.462,12.896,26.254
2026-04-24 10:24:21,4925,0,1,2.114,0.0,8.062,1.807,0.414,12.961,26.471
2026-04-24 10:24:22,4926,1,1,2.415,153.002,7.114,1.808,0.393,165.918,24.363
2026-04-24 10:24:22,4927,0,1,2.27,0.0,7.918,1.948,0.425,13.195,25.278
2026-04-24 10:24:22,4928,0,1,1.907,0.0,5.206,1.036,0.328,8.972,26.164
2026-04-24 10:24:22,4929,1,1,1.76,163.491,19.178,1.532,0.369,203.114,24.009
2026-04-24 10:24:22,4930,0,1,4.83,0.0,7.301,1.837,0.405,14.864,25.031
2026-04-24 10:24:22,4931,0,1,2.138,0.0,8.44,1.994,0.466,13.445,25.801
2026-04-24 10:24:22,4932,1,1,2.564,157.177,5.284,1.452,0.331,167.928,23.749
2026-04-24 10:24:22,4933,0,1,2.152,0.0,8.068,2.085,0.423,13.292,25.359
2026-04-24 10:24:22,4934,0,1,1.759,0.0,8.339,1.869,0.566,13.022,26.109
2026-04-24 10:24:22,4935,1,1,2.213,159.307,7.546,1.814,0.385,172.419,24.016
2026-04-24 10:24:22,4936,0,1,1.84,0.0,8.411,1.238,0.477,12.505,24.951
2026-04-24 10:24:22,4937,0,1,2.271,0.0,5.391,1.278,0.481,9.918,25.491
2026-04-24 10:24:23,4938,1,1,1.814,190.9,6.252,1.855,0.468,202.432,23.401
2026-04-24 10:24:23,4939,0,1,1.704,0.0,8.067,0.9,0.275,11.24,24.69
2026-04-24 10:24:23,4940,0,1,2.032,0.0,7.825,1.123,0.246,11.497,25.62
2026-04-24 10:24:23,4941,1,1,1.872,155.177,6.651,1.927,0.419,167.247,23.606
2026-04-24 10:24:23,4942,0,1,2.387,0.0,7.71,1.819,0.422,12.903,24.303
2026-04-24 10:24:23,4943,0,1,2.271,0.0,7.659,1.398,0.268,12.084,24.986
2026-04-24 10:24:23,4944,1,1,1.682,151.935,7.109,1.848,0.396,164.151,23.042
2026-04-24 10:24:23,4945,0,1,1.834,0.0,7.701,2.034,0.322,12.381,24.684
2026-04-24 10:24:23,4946,0,1,2.206,0.0,8.032,2.273,0.419,13.279,25.745
2026-04-24 10:24:23,4947,1,1,2.215,157.637,7.534,1.699,0.426,170.611,23.687
2026-04-24 10:24:23,4948,0,1,2.212,0.0,7.647,2.257,0.485,13.096,24.849
2026-04-24 10:24:23,4949,0,1,1.606,0.0,8.289,1.914,0.516,12.862,25.58
2026-04-24 10:24:24,4950,1,1,2.848,157.616,7.422,2.021,0.469,171.421,23.542
2026-04-24 10:24:24,4951,0,1,1.933,0.0,7.834,1.687,0.472,12.505,24.472
2026-04-24 10:24:24,4952,0,1,2.082,0.0,7.472,2.032,0.409,12.52,25.253
2026-04-24 10:24:24,4953,1,1,2.367,159.688,6.695,2.007,0.422,172.269,23.256
2026-04-24 10:24:24,4954,0,1,1.7,0.0,8.051,2.055,0.458,12.937,23.393
2026-04-24 10:24:24,4955,0,1,1.811,0.0,8.823,2.006,0.237,13.177,23.596
2026-04-24 10:24:24,4956,1,1,1.582,177.438,6.658,1.806,0.405,188.801,21.734
2026-04-24 10:24:24,4957,0,1,2.369,0.0,8.749,1.748,0.397,13.612,23.539
2026-04-24 10:24:24,4958,0,1,2.159,0.0,8.711,1.839,0.451,13.668,24.307
2026-04-24 10:24:24,4959,1,1,2.344,169.956,5.731,1.452,0.336,181.038,22.368
2026-04-24 10:24:24,4960,0,1,2.139,0.0,8.305,1.659,0.268,12.842,24.631
2026-04-24 10:24:24,4961,0,1,2.404,0.0,7.399,2.441,0.28,13.125,25.502
2026-04-24 10:24:25,4962,1,1,2.681,158.976,5.558,1.317,0.321,170.01,23.478
2026-04-24 10:24:25,4963,0,1,2.076,0.0,8.376,1.948,0.425,13.402,24.867
2026-04-24 10:24:25,4964,0,1,1.531,0.0,8.085,2.24,0.494,12.771,25.276
2026-04-24 10:24:25,4965,1,1,2.353,155.254,8.356,1.237,0.413,168.795,23.275
2026-04-24 10:24:25,4966,0,1,2.283,0.0,8.041,1.868,0.365,13.114,24.591
2026-04-24 10:24:25,4967,0,1,2.096,0.0,8.68,2.135,0.43,13.835,25.025
2026-04-24 10:24:25,4968,1,1,2.691,157.359,6.467,1.727,0.202,169.389,23.057
2026-04-24 10:24:25,4969,0,1,1.62,0.0,7.908,2.046,0.416,12.501,24.481
2026-04-24 10:24:25,4970,0,1,23.515,0.0,8.037,1.899,0.408,34.454,23.902
2026-04-24 10:24:25,4971,1,1,3.194,150.364,6.954,1.827,0.387,163.907,22.058
2026-04-24 10:24:25,4972,0,1,2.061,0.0,6.659,1.436,0.354,11.03,23.932
2026-04-24 10:24:25,4973,0,1,2.173,0.0,8.109,2.183,0.543,13.505,24.877
2026-04-24 10:24:26,4974,1,1,2.739,160.495,6.273,1.157,0.327,171.797,22.918
2026-04-24 10:24:26,4975,0,1,1.901,0.0,5.22,1.616,0.219,9.378,24.181
2026-04-24 10:24:26,4976,0,1,1.903,0.0,15.857,1.41,0.351,20.042,25.54
2026-04-24 10:24:26,4977,1,1,2.379,161.492,5.251,1.417,0.181,171.807,23.484
2026-04-24 10:24:26,4978,0,1,2.296,0.0,7.55,1.956,0.451,12.663,24.504
2026-04-24 10:24:26,4979,0,1,1.676,0.0,6.461,1.731,0.487,10.87,25.678
2026-04-24 10:24:26,4980,1,1,2.073,158.755,7.768,1.858,0.397,171.999,23.639
2026-04-24 10:24:26,4981,0,1,2.842,0.0,8.309,1.826,0.428,13.934,24.605
2026-04-24 10:24:26,4982,0,1,2.083,0.0,7.181,1.846,0.414,12.051,25.214
2026-04-24 10:24:26,4983,1,1,23.895,174.936,5.349,1.373,0.403,206.748,23.137
2026-04-24 10:24:26,4984,0,1,1.842,0.0,5.467,1.703,0.268,9.797,24.666
2026-04-24 10:24:26,4985,0,1,2.438,0.0,6.65,1.06,0.343,11.005,25.569
2026-04-24 10:24:27,4986,1,1,2.231,159.888,8.201,1.981,0.413,173.89,23.544
2026-04-24 10:24:27,4987,0,1,3.215,0.0,7.914,2.084,0.426,14.227,24.314
2026-04-24 10:24:27,4988,0,1,1.698,0.0,8.216,1.923,0.379,12.704,25.994
2026-04-24 10:24:27,4989,1,1,2.212,175.365,7.873,1.852,0.459,188.768,23.873
2026-04-24 10:24:27,4990,0,1,1.688,0.0,6.925,1.486,0.409,10.857,25.321
2026-04-24 10:24:27,4991,0,1,1.944,0.0,5.745,1.247,0.429,9.942,26.689
2026-04-24 10:24:27,4992,1,1,1.921,152.118,6.597,1.891,0.481,164.032,24.565
2026-04-24 10:24:27,4993,0,1,2.096,0.0,6.817,1.245,0.359,11.031,26.026
2026-04-24 10:24:27,4994,0,1,1.812,0.0,4.969,1.333,0.333,9.006,27.372
2026-04-24 10:24:27,4995,1,1,1.942,171.234,6.926,1.509,0.401,182.943,25.149
2026-04-24 10:24:27,4996,0,1,1.881,0.0,6.819,0.982,0.25,10.408,26.241
2026-04-24 10:24:27,4997,0,1,2.688,0.0,6.828,1.483,0.516,12.046,27.16
2026-04-24 10:24:28,4998,1,1,6.51,173.271,6.74,1.405,0.243,189.454,24.937
2026-04-24 10:24:28,4999,0,1,2.189,0.0,8.912,1.553,0.446,13.597,25.943
2026-04-24 10:24:28,5000,0,1,3.752,0.0,8.581,1.814,0.418,15.143,26.383
2026-04-24 10:24:28,5001,1,1,1.792,164.941,6.68,1.806,0.402,176.901,24.256
2026-04-24 10:24:28,5002,0,1,1.862,0.0,7.601,1.856,0.422,12.301,25.345
2026-04-24 10:24:28,5003,0,1,2.223,0.0,8.545,1.854,0.589,13.821,26.289
2026-04-24 10:24:28,5004,1,1,1.989,161.758,7.185,1.854,0.401,174.349,24.177
2026-04-24 10:24:28,5005,0,1,1.752,0.0,6.798,1.11,0.232,10.385,25.53
2026-04-24 10:24:28,5006,0,1,2.67,0.0,6.692,1.062,0.215,11.183,26.474
2026-04-24 10:24:28,5007,1,1,1.881,165.348,6.094,1.818,0.648,176.962,24.351
2026-04-24 10:24:28,5008,0,1,1.648,0.0,8.617,2.162,0.454,13.584,25.677
2026-04-24 10:24:28,5009,0,1,1.456,0.0,8.699,1.871,0.42,13.004,26.177
2026-04-24 10:24:29,5010,1,1,2.43,168.615,6.437,1.292,0.331,180.248,24.053
2026-04-24 10:24:29,5011,0,1,2.036,0.0,7.894,1.98,0.524,12.968,25.174
2026-04-24 10:24:29,5012,0,1,2.169,0.0,8.866,2.126,0.439,14.07,25.916
2026-04-24 10:24:29,5013,1,1,1.788,166.007,6.996,1.445,0.389,177.722,23.823
2026-04-24 10:24:29,5014,0,1,1.494,0.0,6.474,1.667,0.416,10.497,25.179
2026-04-24 10:24:29,5015,0,1,2.362,0.0,7.839,1.781,0.232,12.586,27.026
2026-04-24 10:24:29,5016,1,1,7.273,161.712,6.297,1.845,0.412,178.736,24.829
2026-04-24 10:24:29,5017,0,1,1.68,0.0,7.181,1.082,0.397,10.837,26.302
2026-04-24 10:24:29,5018,0,1,1.614,0.0,8.293,2.05,0.441,12.969,27.268
2026-04-24 10:24:29,5019,1,1,2.365,159.945,5.517,1.168,0.509,170.586,25.062
2026-04-24 10:24:29,5020,0,1,2.198,0.0,7.555,1.8,0.531,12.516,26.258
2026-04-24 10:24:29,5021,0,1,2.264,0.0,7.146,1.05,0.263,11.208,27.015
2026-04-24 10:24:30,5022,1,1,3.062,159.904,6.363,1.717,0.295,172.187,24.834
2026-04-24 10:24:30,5023,0,1,8.17,0.0,6.615,1.937,0.237,17.39,26.3
2026-04-24 10:24:30,5024,0,1,2.237,0.0,6.823,2.022,0.443,12.114,26.949
2026-04-24 10:24:30,5025,1,1,1.672,170.526,6.973,1.822,0.406,182.489,24.73
2026-04-24 10:24:30,5026,0,1,2.136,0.0,5.257,2.052,0.515,10.374,26.116
2026-04-24 10:24:30,5027,0,1,5.282,0.0,7.705,1.374,0.417,15.293,27.825
2026-04-24 10:24:30,5028,1,1,1.925,191.755,7.967,1.989,0.404,205.338,25.494
2026-04-24 10:24:30,5029,0,1,2.302,0.0,7.709,1.689,0.364,12.509,26.369
2026-04-24 10:24:30,5030,0,1,1.802,0.0,8.383,2.129,0.34,13.471,26.945
2026-04-24 10:24:30,5031,1,1,2.573,219.333,8.132,1.819,0.435,233.51,24.648
2026-04-24 10:24:31,5032,0,1,1.723,0.0,5.708,1.093,0.284,9.256,25.783
2026-04-24 10:24:31,5033,0,1,1.805,0.0,6.676,1.479,0.308,10.781,26.688
2026-04-24 10:24:31,5034,1,1,2.153,226.295,6.92,1.455,0.302,238.105,24.415
2026-04-24 10:24:31,5035,0,1,5.675,0.0,7.252,1.733,0.327,15.479,26.258
2026-04-24 10:24:31,5036,0,1,14.97,0.0,7.492,1.865,0.413,25.221,27.243
2026-04-24 10:24:31,5037,1,1,1.822,191.933,6.262,1.221,0.243,202.39,25.0
2026-04-24 10:24:31,5038,0,1,1.872,0.0,6.167,1.032,0.234,9.875,26.537
2026-04-24 10:24:31,5039,0,1,2.085,0.0,6.844,0.945,0.382,10.637,27.711
2026-04-24 10:24:31,5040,1,1,2.4,162.036,7.186,1.856,0.506,175.078,25.47
2026-04-24 10:24:31,5041,0,1,2.047,0.0,8.243,1.221,0.281,12.504,26.677
2026-04-24 10:24:31,5042,0,1,1.761,0.0,8.346,2.072,0.516,13.148,27.711
2026-04-24 10:24:32,5043,1,1,2.307,161.094,5.472,1.43,0.347,171.8,25.431
2026-04-24 10:24:32,5044,0,1,1.83,0.0,7.599,1.99,0.463,12.46,26.417
2026-04-24 10:24:32,5045,0,1,2.251,0.0,6.867,2.007,0.428,12.158,27.178
2026-04-24 10:24:32,5046,1,1,2.175,196.864,8.219,1.824,0.406,210.557,24.897
2026-04-24 10:24:32,5047,0,1,2.385,0.0,7.625,1.678,0.446,12.509,25.471
2026-04-24 10:24:32,5048,0,1,2.465,0.0,8.609,1.876,0.297,13.883,26.602
2026-04-24 10:24:32,5049,1,1,8.458,212.455,6.782,1.951,0.442,231.175,24.351
2026-04-24 10:24:32,5050,0,1,2.447,0.0,8.756,1.298,0.921,14.012,25.803
2026-04-24 10:24:32,5051,0,1,1.664,0.0,5.966,1.381,0.264,9.565,26.553
2026-04-24 10:24:33,5052,1,1,2.081,450.648,7.716,1.292,0.429,463.145,24.107
2026-04-24 10:24:33,5053,0,1,2.471,0.0,8.82,1.489,0.595,13.881,25.295
2026-04-24 10:24:33,5054,0,1,2.783,0.0,8.31,1.82,0.437,13.879,26.064
2026-04-24 10:24:33,5055,1,1,2.307,257.805,7.729,1.929,0.425,271.178,23.805
2026-04-24 10:24:33,5056,0,1,1.911,0.0,8.186,1.571,0.447,12.647,25.181
2026-04-24 10:24:33,5057,0,1,2.303,0.0,6.902,1.456,0.358,11.397,26.146
2026-04-24 10:24:33,5058,1,1,1.93,301.874,6.479,1.427,0.352,313.194,23.836
2026-04-24 10:24:33,5059,0,1,7.429,0.0,6.777,1.622,0.225,16.401,25.246
2026-04-24 10:24:33,5060,0,1,1.549,0.0,6.899,1.271,0.28,10.529,26.477
2026-04-24 10:24:34,5061,1,1,1.703,352.171,6.288,1.653,0.374,363.26,24.093
2026-04-24 10:24:34,5062,0,1,2.244,0.0,9.055,2.361,0.4,14.567,25.41
2026-04-24 10:24:34,5063,0,1,2.811,0.0,6.837,1.504,0.298,11.948,26.19
2026-04-24 10:24:34,5064,1,1,1.986,207.228,6.507,1.61,0.331,218.645,23.999
2026-04-24 10:24:34,5065,0,1,1.518,0.0,6.542,1.298,0.476,10.29,25.552
2026-04-24 10:24:34,5066,0,1,10.126,0.0,8.457,1.654,0.486,21.229,26.625
2026-04-24 10:24:34,5067,1,1,1.711,245.153,7.311,1.915,0.417,257.661,24.327
2026-04-24 10:24:34,5068,0,1,4.582,0.0,8.712,1.356,0.414,15.437,25.24
2026-04-24 10:24:35,5069,0,1,3.188,0.0,7.004,1.359,0.38,12.429,26.773
2026-04-24 10:24:35,5070,1,1,6.09,228.739,8.138,1.918,0.259,245.993,24.488
2026-04-24 10:24:35,5071,0,1,1.738,0.0,6.379,1.757,0.354,10.749,25.708
2026-04-24 10:24:35,5072,0,1,4.893,0.0,8.553,1.876,0.299,15.977,27.061
2026-04-24 10:24:35,5073,1,1,1.966,187.73,7.349,1.194,0.231,199.307,24.814
2026-04-24 10:24:35,5074,0,1,1.656,0.0,6.757,1.69,0.328,10.959,26.143
2026-04-24 10:24:35,5075,0,1,2.223,0.0,5.412,1.146,0.263,9.481,26.962
2026-04-24 10:24:35,5076,1,1,6.989,249.893,7.003,1.885,0.449,267.417,24.629
2026-04-24 10:24:35,5077,0,1,1.688,0.0,8.176,1.649,0.386,12.344,25.671
2026-04-24 10:24:35,5078,0,1,1.92,0.0,6.555,2.584,0.629,12.194,26.593
2026-04-24 10:24:36,5079,1,1,2.098,225.788,8.026,1.378,0.307,238.724,24.327
2026-04-24 10:24:36,5080,0,1,2.189,0.0,8.255,1.616,0.416,13.017,25.83
2026-04-24 10:24:36,5081,0,1,2.07,0.0,7.049,1.871,0.436,11.937,26.613
2026-04-24 10:24:36,5082,1,1,1.665,206.517,8.035,1.867,0.421,219.614,24.374
2026-04-24 10:24:36,5083,0,1,1.595,0.0,7.138,1.667,0.477,11.392,25.719
2026-04-24 10:24:36,5084,0,1,2.768,0.0,4.322,1.873,0.263,9.779,26.797
2026-04-24 10:24:36,5085,1,1,1.847,194.151,5.532,1.213,0.284,204.204,24.571
2026-04-24 10:24:36,5086,0,1,2.406,0.0,5.755,1.487,0.319,10.491,25.686
2026-04-24 10:24:36,5087,0,1,1.704,0.0,7.736,1.467,0.411,11.848,27.007
2026-04-24 10:24:36,5088,1,1,1.901,167.774,6.561,2.13,0.427,179.855,24.816
2026-04-24 10:24:37,5089,0,1,1.569,0.0,7.869,1.719,0.362,11.863,26.069
2026-04-24 10:24:37,5090,0,1,2.038,0.0,7.093,1.838,0.413,11.866,27.374
2026-04-24 10:24:37,5091,1,1,1.924,181.635,7.879,1.433,0.391,194.383,25.081
2026-04-24 10:24:37,5092,0,1,1.999,0.0,6.895,1.904,0.393,11.595,26.416
2026-04-24 10:24:37,5093,0,1,1.966,0.0,8.473,1.531,0.294,12.813,27.981
2026-04-24 10:24:37,5094,1,1,2.373,172.571,6.882,1.477,0.452,184.931,25.688
2026-04-24 10:24:37,5095,0,1,1.78,0.0,7.56,1.525,0.311,11.668,26.667
2026-04-24 10:24:37,5096,0,1,3.068,0.0,7.007,1.591,0.366,12.388,27.832
2026-04-24 10:24:37,5097,1,1,1.721,176.034,7.606,1.279,0.369,187.871,25.526
2026-04-24 10:24:37,5098,0,1,13.596,0.0,6.784,1.618,0.331,22.902,26.847
2026-04-24 10:24:37,5099,0,1,2.335,0.0,7.706,1.128,0.373,12.086,28.158
2026-04-24 10:24:38,5100,1,1,2.184,166.905,7.787,1.82,0.432,180.199,25.856
2026-04-24 10:24:38,5101,0,1,1.716,0.0,7.033,0.981,0.232,10.306,26.886
2026-04-24 10:24:38,5102,0,1,1.668,0.0,4.849,1.524,0.335,8.881,27.679
2026-04-24 10:24:38,5103,1,1,1.555,185.454,8.293,1.567,0.448,198.344,25.386
2026-04-24 10:24:38,5104,0,1,1.636,0.0,7.24,1.756,0.442,11.633,26.614
2026-04-24 10:24:38,5105,0,1,1.638,0.0,5.684,1.081,0.277,9.239,27.842
2026-04-24 10:24:38,5106,1,1,6.4,215.711,7.683,1.87,0.549,233.471,25.472
2026-04-24 10:24:38,5107,0,1,2.309,0.0,8.722,1.807,0.238,13.694,26.502
2026-04-24 10:24:38,5108,0,1,1.773,0.0,9.108,1.46,0.254,13.189,26.966
2026-04-24 10:24:38,5109,1,1,1.878,212.102,6.822,1.496,0.452,223.659,24.685
2026-04-24 10:24:38,5110,0,1,1.983,0.0,8.685,1.859,0.239,13.253,25.583
2026-04-24 10:24:38,5111,0,1,2.27,0.0,8.24,1.412,0.353,12.86,25.932
2026-04-24 10:24:39,5112,1,1,1.699,190.576,6.637,1.71,0.426,202.12,23.79
2026-04-24 10:24:39,5113,0,1,1.977,0.0,6.671,2.351,0.518,12.185,25.313
2026-04-24 10:24:39,5114,0,1,5.162,0.0,7.034,1.839,0.398,14.888,26.668
2026-04-24 10:24:39,5115,1,1,1.889,178.139,7.815,1.821,0.409,191.139,24.485
2026-04-24 10:24:39,5116,0,1,2.363,0.0,8.775,1.968,0.402,14.003,26.178
2026-04-24 10:24:39,5117,0,1,1.953,0.0,6.409,1.281,0.315,10.474,26.794
2026-04-24 10:24:39,5118,1,1,7.464,179.101,7.72,1.942,0.5,197.841,24.604
2026-04-24 10:24:39,5119,0,1,1.729,0.0,6.41,1.033,0.225,9.742,25.518
2026-04-24 10:24:39,5120,0,1,8.312,0.0,6.009,1.502,0.28,16.674,26.003
2026-04-24 10:24:39,5121,1,1,6.31,175.06,6.023,2.011,0.28,190.797,23.886
2026-04-24 10:24:39,5122,0,1,2.002,0.0,7.78,1.306,0.382,11.945,25.349
2026-04-24 10:24:40,5123,0,1,2.748,0.0,9.459,1.541,0.353,14.491,26.637
2026-04-24 10:24:40,5124,1,1,2.213,179.984,7.744,1.727,0.504,193.334,24.454
2026-04-24 10:24:40,5125,0,1,1.929,0.0,6.044,1.353,0.305,10.18,25.62
2026-04-24 10:24:40,5126,0,1,1.7,0.0,7.137,2.14,0.488,11.981,26.658
2026-04-24 10:24:40,5127,1,1,1.896,174.011,5.358,1.219,0.295,183.643,24.474
2026-04-24 10:24:40,5128,0,1,1.526,0.0,6.481,1.352,0.299,10.035,26.157
2026-04-24 10:24:40,5129,0,1,10.061,0.0,6.569,1.489,0.362,18.873,26.969
2026-04-24 10:24:40,5130,1,1,7.535,186.161,5.242,1.397,0.208,201.714,24.73
2026-04-24 10:24:40,5131,0,1,1.645,0.0,6.341,1.234,0.34,9.939,26.183
2026-04-24 10:24:40,5132,0,1,1.715,0.0,6.72,1.556,0.416,10.752,27.565
2026-04-24 10:24:41,5133,1,1,5.752,190.919,7.315,1.591,0.408,207.003,25.268
2026-04-24 10:24:41,5134,0,1,2.162,0.0,6.348,1.319,0.456,10.853,26.411
2026-04-24 10:24:41,5135,0,1,1.94,0.0,5.822,1.16,0.263,9.682,27.622
2026-04-24 10:24:41,5136,1,1,1.946,216.495,7.275,1.561,0.426,228.7,25.27
2026-04-24 10:24:41,5137,0,1,3.477,0.0,6.559,1.327,0.397,12.256,26.358
2026-04-24 10:24:41,5138,0,1,2.056,0.0,7.031,1.91,0.433,11.792,27.468
2026-04-24 10:24:41,5139,1,1,1.906,194.681,7.879,1.032,0.305,206.712,25.168
2026-04-24 10:24:41,5140,0,1,2.532,0.0,7.343,1.284,0.453,12.137,26.384
2026-04-24 10:24:41,5141,0,1,1.713,0.0,7.819,1.603,0.463,12.032,27.505
2026-04-24 10:24:41,5142,1,1,1.758,195.307,7.074,1.474,0.3,207.025,25.2
2026-04-24 10:24:41,5143,0,1,2.196,0.0,7.64,1.773,0.267,12.279,26.252
2026-04-24 10:24:41,5144,0,1,1.691,0.0,6.601,1.652,0.46,10.783,27.061
2026-04-24 10:24:42,5145,1,1,2.478,184.53,20.595,1.312,0.385,210.487,24.821
2026-04-24 10:24:42,5146,0,1,1.741,0.0,7.078,1.695,0.311,11.346,24.771
2026-04-24 10:24:42,5147,0,1,2.006,0.0,8.119,1.483,0.378,12.547,25.756
2026-04-24 10:24:42,5148,1,1,1.585,182.785,6.886,1.943,0.44,194.629,23.651
2026-04-24 10:24:42,5149,0,1,1.984,0.0,8.148,1.616,0.388,12.592,24.825
2026-04-24 10:24:42,5150,0,1,2.098,0.0,7.873,1.212,0.408,12.196,26.023
2026-04-24 10:24:42,5151,1,1,2.092,190.989,6.932,1.941,0.418,203.277,23.874
2026-04-24 10:24:42,5152,0,1,1.524,0.0,8.003,1.613,0.378,12.014,24.809
2026-04-24 10:24:42,5153,0,1,1.993,0.0,6.555,1.431,0.337,10.721,26.002
2026-04-24 10:24:43,5154,1,1,7.892,218.697,7.352,1.543,0.295,236.649,23.807
2026-04-24 10:24:43,5155,0,1,1.935,0.0,7.31,1.406,0.31,11.502,25.268
2026-04-24 10:24:43,5156,0,1,1.106,0.0,7.131,1.424,0.338,10.419,26.389
2026-04-24 10:24:43,5157,1,1,2.294,235.964,7.903,2.053,0.51,249.903,24.131
2026-04-24 10:24:43,5158,0,1,2.008,0.0,7.893,2.372,0.339,13.142,24.773
2026-04-24 10:24:43,5159,0,1,1.871,0.0,8.578,2.862,0.352,15.378,25.281
2026-04-24 10:24:43,5160,1,1,17.391,219.337,7.134,1.668,0.382,246.837,23.149
2026-04-24 10:24:43,5161,0,1,1.682,0.0,8.394,1.226,0.285,12.069,24.416
2026-04-24 10:24:43,5162,0,1,6.99,0.0,8.017,1.3,0.354,17.185,25.359
2026-04-24 10:24:44,5163,1,1,7.587,406.899,7.296,1.961,0.48,425.285,23.052
2026-04-24 10:24:44,5164,0,1,2.139,0.0,8.608,1.851,0.334,13.351,23.902
2026-04-24 10:24:44,5165,0,1,5.947,0.0,8.109,1.482,0.287,16.761,24.906
2026-04-24 10:24:44,5166,1,1,1.536,208.87,7.066,1.637,0.313,220.341,22.832
2026-04-24 10:24:44,5167,0,1,1.727,0.0,7.699,1.85,0.456,12.251,24.268
2026-04-24 10:24:44,5168,0,1,7.325,0.0,7.55,1.547,0.33,17.097,25.348
2026-04-24 10:24:44,5169,1,1,3.004,207.279,6.877,1.883,0.413,220.38,23.238
2026-04-24 10:24:44,5170,0,1,1.703,0.0,8.942,2.037,0.374,13.466,23.675
2026-04-24 10:24:44,5171,0,1,9.578,0.0,7.741,1.449,0.346,19.532,24.799
2026-04-24 10:24:45,5172,1,1,1.885,201.853,7.445,1.854,0.477,214.427,22.753
2026-04-24 10:24:45,5173,0,1,1.98,0.0,8.238,1.883,0.44,13.034,24.138
2026-04-24 10:24:45,5174,0,1,1.976,0.0,6.847,1.551,0.362,11.165,24.758
2026-04-24 10:24:45,5175,1,1,7.348,252.045,6.893,1.351,0.302,268.696,22.644
2026-04-24 10:24:45,5176,0,1,9.048,0.0,6.648,1.433,0.355,17.879,23.91
2026-04-24 10:24:45,5177,0,1,1.555,0.0,7.814,1.846,0.474,12.193,25.062
2026-04-24 10:24:45,5178,1,1,10.646,191.142,7.25,1.295,0.44,211.924,23.009
2026-04-24 10:24:45,5179,0,1,1.919,0.0,8.301,1.305,0.284,12.165,24.136
2026-04-24 10:24:45,5180,0,1,2.358,0.0,8.942,1.77,0.328,13.979,25.005
2026-04-24 10:24:45,5181,1,1,1.708,189.536,6.185,1.115,0.418,200.107,22.949
2026-04-24 10:24:45,5182,0,1,2.141,0.0,7.815,1.186,0.21,11.746,23.939
2026-04-24 10:24:45,5183,0,1,2.122,0.0,8.379,1.912,0.448,13.37,25.183
2026-04-24 10:24:46,5184,1,1,2.52,184.14,7.251,1.302,0.476,196.668,23.118
2026-04-24 10:24:46,5185,0,1,2.402,0.0,9.114,2.094,0.292,14.275,24.45
2026-04-24 10:24:46,5186,0,1,2.293,0.0,7.955,1.306,0.325,12.457,24.584
2026-04-24 10:24:46,5187,1,1,1.678,195.69,7.83,1.488,0.314,207.984,22.567
2026-04-24 10:24:46,5188,0,1,3.013,0.0,6.946,1.587,0.268,12.361,23.636
2026-04-24 10:24:46,5189,0,1,1.99,0.0,6.601,1.357,0.327,10.811,24.985
2026-04-24 10:24:46,5190,1,1,7.732,235.41,6.857,1.484,0.422,252.949,22.87
2026-04-24 10:24:46,5191,0,1,1.677,0.0,8.741,1.992,0.565,13.452,24.24
2026-04-24 10:24:46,5192,0,1,1.821,0.0,8.168,2.061,0.505,12.964,25.082
2026-04-24 10:24:47,5193,1,1,1.757,200.272,7.875,1.862,0.463,213.324,23.007
2026-04-24 10:24:47,5194,0,1,1.767,0.0,6.124,1.169,0.322,9.798,24.36
2026-04-24 10:24:47,5195,0,1,1.887,0.0,7.745,2.008,0.442,12.682,25.467
2026-04-24 10:24:47,5196,1,1,1.626,169.791,7.462,1.945,0.414,182.301,23.42
2026-04-24 10:24:47,5197,0,1,1.628,0.0,6.496,1.258,0.323,10.087,25.038
2026-04-24 10:24:47,5198,0,1,2.118,0.0,7.75,1.31,0.414,12.095,26.258
2026-04-24 10:24:47,5199,1,1,1.626,189.943,6.524,1.853,0.536,201.37,24.093
2026-04-24 10:24:47,5200,0,1,1.823,0.0,6.418,0.907,0.275,9.851,25.729
2026-04-24 10:24:47,5201,0,1,2.099,0.0,6.125,1.453,0.369,10.368,27.031
2026-04-24 10:24:47,5202,1,1,2.35,176.172,7.797,1.847,0.402,189.719,24.817
2026-04-24 10:24:47,5203,0,1,1.839,0.0,4.787,0.91,0.224,8.246,26.339
2026-04-24 10:24:47,5204,0,1,2.064,0.0,7.309,1.61,0.274,11.643,27.92
2026-04-24 10:24:48,5205,1,1,4.519,165.633,6.695,2.056,0.515,180.73,25.638
2026-04-24 10:24:48,5206,0,1,1.582,0.0,6.87,1.146,0.224,10.41,26.809
2026-04-24 10:24:48,5207,0,1,1.758,0.0,6.555,1.441,0.347,10.633,27.534
2026-04-24 10:24:48,5208,1,1,1.638,165.743,7.67,1.85,0.391,178.23,25.303
2026-04-24 10:24:48,5209,0,1,2.109,0.0,7.399,1.886,0.425,12.423,25.785
2026-04-24 10:24:48,5210,0,1,2.306,0.0,8.328,2.246,0.441,13.884,26.718
2026-04-24 10:24:48,5211,1,1,1.652,167.816,6.176,1.457,0.37,178.458,24.55
2026-04-24 10:24:48,5212,0,1,1.809,0.0,7.141,1.341,0.416,11.225,26.23
2026-04-24 10:24:48,5213,0,1,1.929,0.0,5.656,1.349,0.391,9.713,27.135
2026-04-24 10:24:48,5214,1,1,2.159,164.074,5.568,1.283,0.313,174.392,24.948
2026-04-24 10:24:48,5215,0,1,1.711,0.0,8.57,1.454,0.233,12.438,26.34
2026-04-24 10:24:48,5216,0,1,1.507,0.0,8.163,2.064,0.544,12.799,27.553
2026-04-24 10:24:49,5217,1,1,1.943,165.347,7.5,1.842,0.423,178.121,25.318
2026-04-24 10:24:49,5218,0,1,2.669,0.0,7.998,1.511,0.444,13.133,26.688
2026-04-24 10:24:49,5219,0,1,1.809,0.0,7.322,1.75,0.481,11.766,27.302
2026-04-24 10:24:49,5220,1,1,2.291,162.55,4.814,1.384,0.296,172.241,25.095
2026-04-24 10:24:49,5221,0,1,1.684,0.0,8.48,2.014,0.463,13.135,26.488
2026-04-24 10:24:49,5222,0,1,2.038,0.0,7.494,1.97,0.467,12.505,27.012
2026-04-24 10:24:49,5223,1,1,2.144,179.488,8.116,1.918,0.444,193.463,24.782
2026-04-24 10:24:49,5224,0,1,1.699,0.0,6.91,1.802,0.388,11.276,26.152
2026-04-24 10:24:49,5225,0,1,5.756,0.0,6.986,1.429,0.326,15.07,27.501
2026-04-24 10:24:49,5226,1,1,4.269,215.556,5.26,0.915,0.212,227.273,25.165
2026-04-24 10:24:49,5227,0,1,1.677,0.0,8.897,1.694,0.52,13.31,26.853
2026-04-24 10:24:49,5228,0,1,1.534,0.0,7.918,1.427,0.454,11.886,27.124
2026-04-24 10:24:50,5229,1,1,2.64,194.951,24.012,2.09,0.393,225.043,24.848
2026-04-24 10:24:50,5230,0,1,2.896,0.0,6.767,0.977,0.212,11.369,24.704
2026-04-24 10:24:50,5231,0,1,1.69,0.0,6.767,1.1,0.265,10.119,25.754
2026-04-24 10:24:50,5232,1,1,1.752,192.409,5.293,1.398,0.221,202.135,23.639
2026-04-24 10:24:50,5233,0,1,2.85,0.0,8.478,1.987,0.528,14.408,25.22
2026-04-24 10:24:50,5234,0,1,2.645,0.0,7.705,1.798,0.259,12.797,25.815
2026-04-24 10:24:50,5235,1,1,1.709,186.434,6.166,1.896,0.429,197.757,23.7
2026-04-24 10:24:50,5236,0,1,2.401,0.0,8.456,1.726,0.272,13.203,25.019
2026-04-24 10:24:50,5237,0,1,6.915,0.0,7.606,1.649,0.323,16.939,26.371
2026-04-24 10:24:51,5238,1,1,2.016,179.372,6.264,1.965,0.46,190.958,24.209
2026-04-24 10:24:51,5239,0,1,2.511,0.0,8.223,1.997,0.214,13.343,25.974
2026-04-24 10:24:51,5240,0,1,1.545,0.0,8.662,2.074,0.489,13.334,26.644
2026-04-24 10:24:51,5241,1,1,1.839,165.775,7.698,1.576,0.214,178.243,24.494
2026-04-24 10:24:51,5242,0,1,2.223,0.0,8.476,2.057,0.432,13.757,25.517
2026-04-24 10:24:51,5243,0,1,2.698,0.0,7.597,1.852,0.449,13.253,26.247
2026-04-24 10:24:51,5244,1,1,7.884,156.803,7.111,1.853,0.447,175.28,24.139
2026-04-24 10:24:51,5245,0,1,2.18,0.0,7.194,1.943,0.419,12.302,25.062
2026-04-24 10:24:51,5246,0,1,1.704,0.0,6.735,0.942,0.248,9.928,25.732
2026-04-24 10:24:51,5247,1,1,5.076,178.001,8.094,1.985,0.419,194.771,23.654
2026-04-24 10:24:51,5248,0,1,1.68,0.0,4.42,1.412,0.413,8.415,25.584
2026-04-24 10:24:51,5249,0,1,1.937,0.0,5.997,1.463,0.378,10.263,27.045
2026-04-24 10:24:52,5250,1,1,3.437,192.741,7.786,1.857,0.37,207.221,24.793
2026-04-24 10:24:52,5251,0,1,2.222,0.0,6.491,1.368,0.352,10.916,25.749
2026-04-24 10:24:52,5252,0,1,1.605,0.0,6.048,1.676,0.336,10.166,27.408
2026-04-24 10:24:52,5253,1,1,2.312,175.551,12.807,1.671,0.217,193.738,25.15
2026-04-24 10:24:52,5254,0,1,2.387,0.0,8.702,2.257,0.335,14.248,25.786
2026-04-24 10:24:52,5255,0,1,1.795,0.0,5.803,1.94,0.446,10.484,26.879
2026-04-24 10:24:52,5256,1,1,1.9,162.995,6.047,1.475,0.276,173.67,24.714
2026-04-24 10:24:52,5257,0,1,2.498,0.0,6.504,1.24,0.433,11.023,26.183
2026-04-24 10:24:52,5258,0,1,1.648,0.0,6.33,1.36,0.28,9.967,27.727
2026-04-24 10:24:52,5259,1,1,13.719,168.599,7.677,1.664,0.571,193.217,25.454
2026-04-24 10:24:52,5260,0,1,3.36,0.0,5.952,1.304,0.29,11.354,26.547
2026-04-24 10:24:52,5261,0,1,2.707,0.0,5.325,1.288,0.488,10.11,27.4
2026-04-24 10:24:53,5262,1,1,2.832,173.116,5.963,1.38,0.433,184.923,25.169
2026-04-24 10:24:53,5263,0,1,1.643,0.0,6.478,1.523,0.468,10.666,26.767
2026-04-24 10:24:53,5264,0,1,2.128,0.0,5.017,0.874,0.217,8.576,27.451
2026-04-24 10:24:53,5265,1,1,1.778,169.108,7.834,1.962,0.434,182.04,25.223
2026-04-24 10:24:53,5266,0,1,1.9,0.0,7.89,2.049,0.439,12.855,25.219
2026-04-24 10:24:53,5267,0,1,2.362,0.0,6.826,1.627,0.295,11.596,26.399
2026-04-24 10:24:53,5268,1,1,1.916,166.737,7.672,1.836,0.402,179.958,24.279
2026-04-24 10:24:53,5269,0,1,1.842,0.0,8.549,1.486,0.423,12.803,25.323
2026-04-24 10:24:53,5270,0,1,1.841,0.0,6.0,2.134,0.405,10.821,26.735
2026-04-24 10:24:53,5271,1,1,2.254,166.61,7.516,1.614,0.372,179.648,24.56
2026-04-24 10:24:53,5272,0,1,1.831,0.0,7.204,1.861,0.424,11.919,25.58
2026-04-24 10:24:53,5273,0,1,1.776,0.0,8.364,1.425,0.336,12.473,26.273
2026-04-24 10:24:54,5274,1,1,2.252,304.961,6.175,1.336,0.203,316.036,23.949
2026-04-24 10:24:54,5275,0,1,2.039,0.0,5.437,1.094,0.276,9.196,25.456
2026-04-24 10:24:54,5276,0,1,1.751,0.0,5.458,1.208,0.344,9.145,27.242
2026-04-24 10:24:54,5277,1,1,14.544,193.898,6.757,1.851,0.459,218.389,24.974
2026-04-24 10:24:54,5278,0,1,2.375,0.0,5.627,1.194,0.536,10.315,25.761
2026-04-24 10:24:54,5279,0,1,2.664,0.0,8.116,1.456,0.459,13.063,26.732
2026-04-24 10:24:54,5280,1,1,2.039,178.976,6.391,1.881,0.421,190.715,24.538
2026-04-24 10:24:54,5281,0,1,1.98,0.0,7.194,1.239,0.584,11.586,26.107
2026-04-24 10:24:54,5282,0,1,2.436,0.0,8.604,1.778,0.933,14.121,27.036
2026-04-24 10:24:55,5283,1,1,1.571,199.991,6.286,1.568,0.357,210.951,24.771
2026-04-24 10:24:55,5284,0,1,1.677,0.0,5.58,1.105,0.311,9.023,25.922
2026-04-24 10:24:55,5285,0,1,1.849,0.0,7.095,1.54,0.44,11.438,27.647
2026-04-24 10:24:55,5286,1,1,1.58,203.995,5.854,1.514,0.52,214.527,25.312
2026-04-24 10:24:55,5287,0,1,1.533,0.0,6.899,2.132,0.345,11.694,26.303
2026-04-24 10:24:55,5288,0,1,2.026,0.0,10.507,2.785,0.335,16.152,29.925
2026-04-24 10:24:55,5289,1,1,15.905,221.902,5.704,1.479,0.29,245.981,27.326
2026-04-24 10:24:55,5290,0,1,2.491,0.0,6.59,1.38,0.348,11.208,28.724
2026-04-24 10:24:55,5291,0,1,1.598,0.0,6.278,1.382,0.364,10.119,30.02
2026-04-24 10:24:55,5292,1,1,2.241,148.312,5.884,1.353,0.31,158.883,27.599
2026-04-24 10:24:55,5293,0,1,1.665,0.0,5.816,1.134,0.265,9.221,29.066
2026-04-24 10:24:55,5294,0,1,6.532,0.0,5.986,1.598,0.357,14.875,30.615
2026-04-24 10:24:56,5295,1,1,3.946,135.347,5.024,1.073,0.237,146.443,28.189
2026-04-24 10:24:56,5296,0,1,2.484,0.0,6.357,1.896,0.303,11.402,29.779
2026-04-24 10:24:56,5297,0,1,2.004,0.0,5.816,1.385,0.31,9.933,30.889
2026-04-24 10:24:56,5298,1,1,1.83,199.122,5.594,1.148,0.275,208.738,28.242
2026-04-24 10:24:56,5299,0,1,2.136,0.0,6.801,1.408,0.339,11.047,29.409
2026-04-24 10:24:56,5300,0,1,1.783,0.0,5.279,1.219,0.297,8.943,30.771
2026-04-24 10:24:56,5301,1,1,2.325,179.931,6.921,1.227,0.332,191.497,28.175
2026-04-24 10:24:56,5302,0,1,2.295,0.0,6.76,1.3,0.317,11.057,29.499
2026-04-24 10:24:56,5303,0,1,2.399,0.0,5.568,1.705,0.384,10.428,31.026
2026-04-24 10:24:56,5304,1,1,2.102,144.117,6.11,1.236,0.335,155.637,28.506
2026-04-24 10:24:56,5305,0,1,3.708,0.0,7.737,7.321,0.503,27.524,32.293
2026-04-24 10:24:56,5306,0,1,17.292,0.0,6.759,1.712,0.294,26.452,31.342
2026-04-24 10:24:57,5307,1,1,7.86,218.278,5.874,1.281,0.28,234.366,28.619
2026-04-24 10:24:57,5308,0,1,2.451,0.0,5.089,1.419,0.34,9.892,30.327
2026-04-24 10:24:57,5309,0,1,1.751,0.0,6.231,1.189,0.281,9.807,31.33
2026-04-24 10:24:57,5310,1,1,1.534,356.447,6.323,1.128,0.267,366.468,28.458
2026-04-24 10:24:57,5311,0,1,1.67,0.0,4.92,1.162,0.261,8.348,29.73
2026-04-24 10:24:57,5312,0,1,2.446,0.0,4.27,1.241,0.274,8.738,31.748
2026-04-24 10:24:57,5313,1,1,1.827,128.048,5.513,1.222,0.329,137.738,29.235
2026-04-24 10:24:57,5314,0,1,1.467,0.0,4.894,1.484,0.39,8.619,31.683
2026-04-24 10:24:57,5315,0,1,2.279,0.0,5.153,1.099,0.266,9.149,33.08
2026-04-24 10:24:57,5316,1,1,5.034,138.94,5.776,1.229,0.282,152.017,30.399
2026-04-24 10:24:57,5317,0,1,3.238,0.0,5.561,1.06,0.276,10.455,31.88
2026-04-24 10:24:57,5318,0,1,2.503,0.0,4.38,1.06,0.249,8.508,34.101
2026-04-24 10:24:58,5319,1,1,2.41,140.126,5.984,1.323,0.32,150.98,31.307
2026-04-24 10:24:58,5320,0,1,1.687,0.0,7.519,1.819,0.402,11.816,32.315
2026-04-24 10:24:58,5321,0,1,2.456,0.0,7.496,1.691,0.489,12.631,32.731
2026-04-24 10:24:58,5322,1,1,6.754,314.811,6.659,1.356,0.374,330.835,29.749
2026-04-24 10:24:58,5323,0,1,1.801,0.0,6.866,1.347,0.312,10.71,30.57
2026-04-24 10:24:58,5324,0,1,1.502,0.0,6.732,1.543,0.353,10.514,31.625
2026-04-24 10:24:58,5325,1,1,1.951,186.616,5.574,1.019,0.269,196.234,28.929
2026-04-24 10:24:58,5326,0,1,2.253,0.0,7.442,1.707,0.321,12.149,30.212
2026-04-24 10:24:58,5327,0,1,26.547,0.0,6.303,1.332,0.333,34.889,29.117
2026-04-24 10:24:59,5328,1,1,1.597,194.973,6.547,1.276,0.334,205.538,26.662
2026-04-24 10:24:59,5329,0,1,1.747,0.0,6.836,1.627,0.344,10.914,28.372
2026-04-24 10:24:59,5330,0,1,1.948,0.0,5.732,1.338,0.287,9.683,29.36
2026-04-24 10:24:59,5331,1,1,5.844,194.405,5.683,1.225,0.299,208.212,26.885
2026-04-24 10:24:59,5332,0,1,3.123,0.0,5.811,1.111,0.282,10.665,28.463
2026-04-24 10:24:59,5333,0,1,1.843,0.0,6.483,1.428,0.337,10.454,29.736
2026-04-24 10:24:59,5334,1,1,1.99,184.93,5.735,1.377,0.322,195.164,27.237
2026-04-24 10:24:59,5335,0,1,1.751,0.0,6.561,1.226,0.319,10.265,28.691
2026-04-24 10:24:59,5336,0,1,6.318,0.0,5.917,1.193,0.291,14.063,30.123
2026-04-24 10:24:59,5337,1,1,6.119,191.417,5.43,1.132,0.287,205.11,27.572
2026-04-24 10:24:59,5338,0,1,1.476,0.0,6.199,1.247,0.397,9.688,29.19
2026-04-24 10:24:59,5339,0,1,6.569,0.0,6.197,1.214,0.315,14.684,30.218
2026-04-24 10:25:00,5340,1,1,11.031,162.229,5.684,1.317,0.308,181.452,27.707
2026-04-24 10:25:00,5341,0,1,1.498,0.0,6.763,1.453,0.37,10.552,28.93
2026-04-24 10:25:00,5342,0,1,2.115,0.0,6.773,1.35,0.298,10.938,30.123
2026-04-24 10:25:00,5343,1,1,2.025,205.61,6.935,1.525,0.388,217.394,27.542
2026-04-24 10:25:00,5344,0,1,8.041,0.0,8.051,1.715,0.364,18.577,28.579
2026-04-24 10:25:00,5345,0,1,1.648,0.0,7.272,1.46,0.37,11.171,29.252
2026-04-24 10:25:00,5346,1,1,13.078,322.028,6.423,1.399,0.332,344.128,26.61
2026-04-24 10:25:00,5347,0,1,4.719,0.0,6.77,1.419,0.384,13.755,27.744
2026-04-24 10:25:00,5348,0,1,2.577,0.0,6.305,1.365,0.342,10.995,28.944
2026-04-24 10:25:01,5349,1,1,4.832,210.041,7.155,1.473,0.322,224.768,26.474
2026-04-24 10:25:01,5350,0,1,4.381,0.0,6.674,1.431,0.342,13.224,27.641
2026-04-24 10:25:01,5351,0,1,10.967,0.0,22.574,1.769,0.438,36.238,28.436
2026-04-24 10:25:01,5352,1,1,26.467,310.579,7.806,1.812,0.429,348.145,25.858
2026-04-24 10:25:01,5353,0,1,1.936,0.0,7.633,1.489,0.404,11.89,26.599
2026-04-24 10:25:01,5354,0,1,1.967,0.0,7.986,2.347,0.375,12.991,27.059
2026-04-24 10:25:01,5355,1,1,1.712,318.111,7.814,1.812,0.358,330.923,24.635
2026-04-24 10:25:01,5356,0,1,7.225,0.0,7.548,1.559,0.367,17.141,25.487
2026-04-24 10:25:02,5357,0,1,10.111,0.0,7.715,1.569,0.359,20.164,26.2
2026-04-24 10:25:02,5358,1,1,2.065,348.444,7.799,1.524,0.379,361.409,23.843
2026-04-24 10:25:02,5359,0,1,5.225,0.0,7.353,1.647,0.379,15.044,25.066
2026-04-24 10:25:02,5360,0,1,2.299,0.0,7.889,2.44,0.388,13.451,26.032
2026-04-24 10:25:02,5361,1,1,1.821,266.893,7.029,1.57,0.368,278.59,23.763
2026-04-24 10:25:02,5362,0,1,8.982,0.0,6.829,1.487,0.349,18.093,25.132
2026-04-24 10:25:02,5363,0,1,1.977,0.0,7.473,1.484,0.337,11.68,26.213
2026-04-24 10:25:03,5364,1,1,9.445,455.839,8.425,1.653,0.444,476.656,23.796
2026-04-24 10:25:03,5365,0,1,16.488,0.0,7.448,1.539,0.355,26.228,24.795
2026-04-24 10:25:03,5366,0,1,3.423,0.0,6.959,1.478,0.523,13.261,25.889
2026-04-24 10:25:03,5367,1,1,2.145,411.717,8.471,1.68,0.42,425.441,23.527
2026-04-24 10:25:03,5368,0,1,1.653,0.0,13.558,1.631,0.375,17.73,26.048
2026-04-24 10:25:03,5369,0,1,18.532,0.0,8.242,1.597,0.372,29.065,25.5
2026-04-24 10:25:04,5370,1,1,19.478,458.914,8.512,1.828,0.392,490.405,23.153
2026-04-24 10:25:04,5371,0,1,2.369,0.0,10.419,1.824,0.396,15.441,23.851
2026-04-24 10:25:04,5372,0,1,8.758,0.0,10.824,1.696,0.393,22.12,24.504
2026-04-24 10:25:04,5373,1,1,18.682,459.196,8.267,1.841,0.414,489.496,22.256
2026-04-24 10:25:04,5374,0,1,16.462,0.0,7.919,1.683,0.426,27.009,23.314
2026-04-24 10:25:04,5375,0,1,3.749,0.0,8.992,2.011,0.42,15.707,24.317
2026-04-24 10:25:05,5376,1,1,8.915,373.171,23.095,1.652,0.45,408.352,22.133
2026-04-24 10:25:05,5377,0,1,9.497,0.0,7.753,1.617,0.335,19.598,22.298
2026-04-24 10:25:05,5378,0,1,1.895,0.0,7.3,2.032,0.335,12.078,23.54
2026-04-24 10:25:05,5379,1,1,1.786,513.491,6.703,1.41,0.416,524.805,21.369
2026-04-24 10:25:06,5380,0,1,1.729,0.0,7.708,1.525,0.376,11.814,22.574
2026-04-24 10:25:06,5381,0,1,7.942,0.0,8.139,1.949,0.455,18.987,23.221
2026-04-24 10:25:06,5382,1,1,7.44,500.694,7.451,1.821,0.408,518.887,21.085
2026-04-24 10:25:06,5383,0,1,2.081,0.0,8.847,2.063,0.444,13.93,22.353
2026-04-24 10:25:06,5384,0,1,2.242,0.0,6.916,1.834,0.442,11.955,23.117
2026-04-24 10:25:07,5385,1,1,2.034,407.282,7.099,1.618,0.43,419.443,21.034
2026-04-24 10:25:07,5386,0,1,1.793,0.0,8.413,1.79,0.383,12.825,22.445
2026-04-24 10:25:07,5387,0,1,2.075,0.0,8.509,1.571,0.348,12.892,23.598
2026-04-24 10:25:07,5388,1,1,1.965,522.186,8.05,1.786,0.428,535.559,21.419
2026-04-24 10:25:07,5389,0,1,7.859,0.0,7.901,1.639,0.341,18.216,22.686
2026-04-24 10:25:07,5390,0,1,3.532,0.0,7.537,1.751,0.387,13.72,23.842
2026-04-24 10:25:08,5391,1,1,8.095,422.659,7.078,1.516,0.396,440.793,21.679
2026-04-24 10:25:08,5392,0,1,9.672,0.0,8.178,1.854,0.417,20.569,22.955
2026-04-24 10:25:08,5393,0,1,4.755,0.0,8.477,1.805,0.403,15.932,23.752
2026-04-24 10:25:08,5394,1,1,8.673,394.959,8.031,1.664,0.337,414.721,21.613
2026-04-24 10:25:08,5395,0,1,5.613,0.0,8.209,1.502,0.311,16.189,23.092
2026-04-24 10:25:08,5396,0,1,8.072,0.0,7.844,1.844,0.426,18.684,24.302
2026-04-24 10:25:09,5397,1,1,2.153,251.415,8.229,1.836,0.413,265.172,22.225
2026-04-24 10:25:09,5398,0,1,8.558,0.0,8.515,1.761,0.408,19.701,23.312
2026-04-24 10:25:09,5399,0,1,1.968,0.0,6.752,1.769,0.441,11.419,24.354
2026-04-24 10:25:09,5400,1,1,2.048,264.15,7.554,1.915,0.425,277.53,22.253
2026-04-24 10:25:09,5401,0,1,1.906,0.0,8.434,1.736,0.431,12.95,23.325
2026-04-24 10:25:09,5402,0,1,1.798,0.0,7.798,1.592,0.367,12.044,24.273
2026-04-24 10:25:09,5403,1,1,4.253,289.508,7.893,1.781,0.443,305.222,22.161
2026-04-24 10:25:09,5404,0,1,14.86,0.0,7.636,1.718,0.366,25.011,23.402
2026-04-24 10:25:09,5405,0,1,8.768,0.0,8.04,1.812,0.424,19.526,24.673
2026-04-24 10:25:10,5406,1,1,1.631,330.803,8.276,1.859,0.337,344.873,22.483
2026-04-24 10:25:10,5407,0,1,3.97,0.0,7.725,1.933,0.394,14.51,23.758
2026-04-24 10:25:10,5408,0,1,7.026,0.0,7.876,2.017,0.348,17.768,24.895
2026-04-24 10:25:10,5409,1,1,1.785,459.734,7.975,1.794,0.391,472.741,22.609
2026-04-24 10:25:10,5410,0,1,4.283,0.0,7.814,1.691,0.357,14.645,23.822
2026-04-24 10:25:10,5411,0,1,6.911,0.0,7.705,1.703,0.383,17.141,25.051
2026-04-24 10:25:11,5412,1,1,10.695,477.502,8.289,1.641,0.553,499.771,22.743
2026-04-24 10:25:11,5413,0,1,8.576,0.0,9.047,1.867,0.419,20.57,23.792
2026-04-24 10:25:11,5414,0,1,2.005,0.0,8.103,1.633,0.352,12.654,24.594
2026-04-24 10:25:11,5415,1,1,5.3,303.219,7.947,1.854,0.436,319.891,22.435
2026-04-24 10:25:11,5416,0,1,8.181,0.0,7.71,1.732,0.365,18.49,23.565
2026-04-24 10:25:11,5417,0,1,2.21,0.0,7.728,1.637,0.412,12.507,24.684
2026-04-24 10:25:12,5418,1,1,6.673,357.989,8.414,1.753,0.43,376.362,22.474
2026-04-24 10:25:12,5419,0,1,4.832,0.0,7.378,1.706,0.395,14.871,23.751
2026-04-24 10:25:12,5420,0,1,1.991,0.0,22.62,1.801,0.356,27.401,25.001
2026-04-24 10:25:12,5421,1,1,5.118,277.371,8.677,1.803,0.331,294.304,22.824
2026-04-24 10:25:12,5422,0,1,1.776,0.0,6.956,2.03,0.38,11.622,24.413
2026-04-24 10:25:12,5423,0,1,5.851,0.0,8.567,2.038,0.488,17.505,25.244
2026-04-24 10:25:12,5424,1,1,6.189,278.501,7.905,1.677,0.34,295.736,23.038
2026-04-24 10:25:12,5425,0,1,5.53,0.0,8.271,1.883,0.348,16.51,24.332
2026-04-24 10:25:12,5426,0,1,9.893,0.0,7.842,1.63,0.419,20.207,25.4
2026-04-24 10:25:13,5427,1,1,1.781,249.733,7.338,1.826,0.412,262.121,23.219
2026-04-24 10:25:13,5428,0,1,1.764,0.0,7.266,1.59,0.411,11.523,24.16
2026-04-24 10:25:13,5429,0,1,1.614,0.0,7.787,1.614,0.528,12.194,25.078
2026-04-24 10:25:13,5430,1,1,6.192,237.52,7.416,1.62,0.393,254.206,22.945
2026-04-24 10:25:13,5431,0,1,2.001,0.0,7.627,1.62,0.361,12.114,24.008
2026-04-24 10:25:13,5432,0,1,2.379,0.0,7.424,1.608,0.483,12.381,24.903
2026-04-24 10:25:13,5433,1,1,16.291,229.537,8.066,1.857,0.418,257.215,22.799
2026-04-24 10:25:13,5434,0,1,8.427,0.0,8.548,1.632,0.328,20.148,23.888
2026-04-24 10:25:13,5435,0,1,2.063,0.0,8.831,1.58,0.376,13.227,24.871
2026-04-24 10:25:14,5436,1,1,5.753,242.978,7.145,1.423,0.342,258.687,22.723
2026-04-24 10:25:14,5437,0,1,2.817,0.0,7.664,1.975,0.435,13.411,23.992
2026-04-24 10:25:14,5438,0,1,2.214,0.0,7.759,1.507,0.37,12.34,24.457
2026-04-24 10:25:14,5439,1,1,2.069,187.809,8.28,1.85,0.415,201.453,22.502
2026-04-24 10:25:14,5440,0,1,2.107,0.0,7.582,2.134,0.451,12.773,23.507
2026-04-24 10:25:14,5441,0,1,1.77,0.0,7.904,1.888,0.425,12.49,24.496
2026-04-24 10:25:14,5442,1,1,2.112,172.844,7.538,1.851,0.414,185.801,22.534
2026-04-24 10:25:14,5443,0,1,1.662,0.0,7.618,1.666,0.502,12.795,23.621
2026-04-24 10:25:14,5444,0,1,1.905,0.0,7.629,1.694,0.534,12.189,24.412
2026-04-24 10:25:15,5445,1,1,1.836,163.014,7.575,1.459,0.334,175.197,22.488
2026-04-24 10:25:15,5446,0,1,2.018,0.0,7.191,1.719,0.324,11.773,23.507
2026-04-24 10:25:15,5447,0,1,5.676,0.0,7.965,1.529,0.34,15.992,24.794
2026-04-24 10:25:15,5448,1,1,7.36,155.739,7.884,1.844,0.418,174.272,22.852
2026-04-24 10:25:15,5449,0,1,2.116,0.0,7.711,1.588,0.41,12.313,24.263
2026-04-24 10:25:15,5450,0,1,6.65,0.0,8.141,1.814,0.397,17.466,25.137
2026-04-24 10:25:15,5451,1,1,2.351,208.53,7.172,1.468,0.376,221.01,23.041
2026-04-24 10:25:15,5452,0,1,9.136,0.0,6.932,1.707,0.431,18.707,24.4
2026-04-24 10:25:15,5453,0,1,1.973,0.0,6.969,1.549,0.356,11.246,25.296
2026-04-24 10:25:15,5454,1,1,2.602,302.571,8.354,1.654,0.387,316.609,23.07
2026-04-24 10:25:15,5455,0,1,2.559,0.0,17.593,2.455,0.461,23.506,23.982
2026-04-24 10:25:16,5456,0,1,19.055,0.0,12.575,1.618,0.391,34.527,23.767
2026-04-24 10:25:16,5457,1,1,2.267,435.193,7.84,1.596,0.431,448.379,21.611
2026-04-24 10:25:16,5458,0,1,6.855,0.0,8.14,1.875,0.396,17.711,22.945
2026-04-24 10:25:16,5459,0,1,1.861,0.0,8.505,1.529,0.559,13.089,23.788
2026-04-24 10:25:16,5460,1,1,2.03,292.46,8.569,1.741,0.465,306.332,21.715
2026-04-24 10:25:16,5461,0,1,1.925,0.0,9.478,2.228,0.764,14.885,22.506
2026-04-24 10:25:16,5462,0,1,8.778,0.0,7.817,1.749,0.418,19.235,23.596
2026-04-24 10:25:17,5463,1,1,1.677,368.961,7.705,1.797,0.432,382.378,21.486
2026-04-24 10:25:17,5464,0,1,6.424,0.0,8.224,1.576,0.431,17.18,22.89
2026-04-24 10:25:17,5465,0,1,10.483,0.0,7.944,1.732,0.484,21.125,24.081
2026-04-24 10:25:17,5466,1,1,1.867,250.393,7.631,1.494,0.429,262.696,22.034
2026-04-24 10:25:17,5467,0,1,2.006,0.0,11.797,1.538,0.382,21.031,23.36
2026-04-24 10:25:17,5468,0,1,4.082,0.0,8.001,1.873,0.415,14.871,23.597
2026-04-24 10:25:17,5469,1,1,1.642,233.411,7.181,1.544,0.361,245.181,21.617
2026-04-24 10:25:18,5470,0,1,5.439,0.0,8.125,1.637,0.359,16.077,23.213
2026-04-24 10:25:18,5471,0,1,15.056,0.0,7.023,1.577,0.332,24.487,22.977
2026-04-24 10:25:18,5472,1,1,8.551,294.716,7.646,1.964,0.491,315.654,20.984
2026-04-24 10:25:18,5473,0,1,9.598,0.0,7.215,1.727,0.399,19.481,21.388
2026-04-24 10:25:18,5474,0,1,6.615,0.0,8.152,1.811,0.368,17.646,22.687
2026-04-24 10:25:18,5475,1,1,6.036,250.431,8.096,1.776,0.431,267.926,20.771
2026-04-24 10:25:18,5476,0,1,5.339,0.0,7.783,1.751,0.397,15.834,21.834
2026-04-24 10:25:18,5477,0,1,11.2,0.0,8.391,1.917,0.396,22.4,23.11
2026-04-24 10:25:19,5478,1,1,10.316,261.692,7.58,1.837,0.377,282.894,21.137
2026-04-24 10:25:19,5479,0,1,1.872,0.0,9.979,2.069,0.448,14.899,21.987
2026-04-24 10:25:19,5480,0,1,1.869,0.0,9.062,1.723,0.389,13.579,22.69
2026-04-24 10:25:19,5481,1,1,2.405,405.801,8.328,2.035,0.427,420.078,20.649
2026-04-24 10:25:19,5482,0,1,2.161,0.0,10.122,2.117,0.483,15.313,21.486
2026-04-24 10:25:19,5483,0,1,8.775,0.0,7.024,1.521,0.383,18.202,22.405
2026-04-24 10:25:20,5484,1,1,2.151,300.893,7.786,1.911,0.439,314.162,20.465
2026-04-24 10:25:20,5485,0,1,2.965,0.0,7.466,1.653,0.408,13.029,21.747
2026-04-24 10:25:20,5486,0,1,3.359,0.0,8.199,1.471,0.319,13.717,22.818
2026-04-24 10:25:20,5487,1,1,2.155,224.377,8.414,1.824,0.421,238.361,20.928
2026-04-24 10:25:20,5488,0,1,1.895,0.0,7.499,1.457,0.359,11.678,22.021
2026-04-24 10:25:20,5489,0,1,2.152,0.0,8.215,1.812,0.402,13.059,22.889
2026-04-24 10:25:20,5490,1,1,6.487,175.985,6.335,1.313,0.291,191.5,21.086
2026-04-24 10:25:20,5491,0,1,2.033,0.0,6.797,1.556,0.353,11.234,22.635
2026-04-24 10:25:20,5492,0,1,2.691,0.0,8.055,1.462,0.305,12.891,24.206
2026-04-24 10:25:20,5493,1,1,2.255,295.117,8.261,1.645,0.425,308.763,22.094
2026-04-24 10:25:20,5494,0,1,4.857,0.0,7.281,1.552,0.374,14.446,23.505
2026-04-24 10:25:21,5495,0,1,9.228,0.0,6.866,1.65,0.364,18.517,24.5
2026-04-24 10:25:21,5496,1,1,1.677,251.381,8.641,1.892,0.375,265.04,22.405
2026-04-24 10:25:21,5497,0,1,4.487,0.0,8.394,1.719,0.421,15.489,23.516
2026-04-24 10:25:21,5498,0,1,1.679,0.0,7.928,1.906,0.404,12.417,24.639
2026-04-24 10:25:21,5499,1,1,1.839,275.859,8.446,1.849,0.437,289.455,22.499
2026-04-24 10:25:21,5500,0,1,2.394,0.0,8.616,1.876,0.433,13.821,23.187
2026-04-24 10:25:21,5501,0,1,1.968,0.0,8.524,1.66,0.411,13.054,23.984
2026-04-24 10:25:22,5502,1,1,2.103,252.467,8.224,1.602,0.369,265.824,21.938
2026-04-24 10:25:22,5503,0,1,4.493,0.0,10.516,1.628,0.412,17.47,22.893
2026-04-24 10:25:22,5504,0,1,5.322,0.0,10.138,1.666,0.415,18.164,23.902
2026-04-24 10:25:22,5505,1,1,2.057,247.122,7.464,1.673,0.35,259.691,21.868
2026-04-24 10:25:22,5506,0,1,7.975,0.0,7.908,1.72,0.436,18.543,22.955
2026-04-24 10:25:22,5507,0,1,12.116,0.0,7.631,1.815,0.428,22.465,23.916
2026-04-24 10:25:22,5508,1,1,2.482,427.54,8.17,1.88,0.436,441.638,21.742
2026-04-24 10:25:22,5509,0,1,2.049,0.0,8.943,2.021,0.462,14.024,22.863
2026-04-24 10:25:22,5510,0,1,2.426,0.0,7.602,2.018,0.381,12.924,23.817
2026-04-24 10:25:23,5511,1,1,4.963,283.466,8.027,1.811,0.451,299.846,21.756
2026-04-24 10:25:23,5512,0,1,2.216,0.0,8.53,1.844,0.453,13.527,22.834
2026-04-24 10:25:23,5513,0,1,1.834,0.0,10.617,4.502,0.81,18.3,23.626
2026-04-24 10:25:23,5514,1,1,16.844,506.378,8.751,1.909,0.374,535.387,21.447
2026-04-24 10:25:23,5515,0,1,2.156,0.0,14.888,5.273,0.382,23.229,22.3
2026-04-24 10:25:23,5516,0,1,1.68,0.0,41.498,1.692,0.395,45.764,22.145
2026-04-24 10:25:24,5517,1,1,2.881,342.634,8.434,2.073,0.433,357.568,20.191
2026-04-24 10:25:24,5518,0,1,2.177,0.0,8.154,1.822,0.483,13.361,21.354
2026-04-24 10:25:24,5519,0,1,19.57,0.0,8.523,2.104,0.471,31.888,22.187
2026-04-24 10:25:24,5520,1,1,18.164,267.427,9.234,1.99,0.421,298.344,20.299
2026-04-24 10:25:24,5521,0,1,2.081,0.0,7.746,2.574,0.44,13.338,21.304
2026-04-24 10:25:24,5522,0,1,6.224,0.0,20.03,1.951,0.404,29.028,22.293
2026-04-24 10:25:25,5523,1,1,6.845,287.391,7.616,1.661,0.424,305.015,20.368
2026-04-24 10:25:25,5524,0,1,1.853,0.0,8.229,1.645,0.36,12.51,21.465
2026-04-24 10:25:25,5525,0,1,1.983,0.0,7.826,1.841,0.356,12.538,22.583
2026-04-24 10:25:25,5526,1,1,1.637,399.737,8.597,1.899,0.423,413.373,20.556
2026-04-24 10:25:25,5527,0,1,18.802,0.0,8.891,1.756,0.392,30.27,21.631
2026-04-24 10:25:25,5528,0,1,3.319,0.0,10.648,1.688,0.39,16.866,24.499
2026-04-24 10:25:26,5529,1,1,2.547,429.957,8.21,1.832,0.429,444.228,22.271
2026-04-24 10:25:26,5530,0,1,1.798,0.0,9.06,2.129,0.402,13.901,23.224
2026-04-24 10:25:26,5531,0,1,6.08,0.0,8.593,1.645,0.385,17.165,23.956
2026-04-24 10:25:26,5532,1,1,2.119,250.468,7.811,1.906,0.505,263.859,21.916
2026-04-24 10:25:26,5533,0,1,2.255,0.0,9.088,1.86,0.475,14.202,22.783
2026-04-24 10:25:26,5534,0,1,4.427,0.0,9.303,1.865,0.418,16.497,23.523
2026-04-24 10:25:26,5535,1,1,14.088,453.636,7.954,1.643,0.428,478.805,21.374
2026-04-24 10:25:27,5536,0,1,10.291,0.0,7.295,1.623,0.37,20.103,22.398
2026-04-24 10:25:27,5537,0,1,7.297,0.0,8.432,1.648,0.398,18.3,23.168
2026-04-24 10:25:27,5538,1,1,6.903,442.005,7.828,1.91,0.336,460.186,21.062
2026-04-24 10:25:27,5539,0,1,9.241,0.0,8.48,1.669,0.434,20.204,22.325
2026-04-24 10:25:27,5540,0,1,2.546,0.0,8.568,1.549,0.425,13.573,23.692
2026-04-24 10:25:27,5541,1,1,2.516,346.872,7.778,1.776,0.389,360.293,21.588
2026-04-24 10:25:27,5542,0,1,13.062,0.0,8.639,1.935,0.465,24.604,22.563
2026-04-24 10:25:28,5543,0,1,2.211,0.0,7.422,1.552,0.37,12.061,23.667
2026-04-24 10:25:28,5544,1,1,16.009,401.981,8.161,1.705,0.425,429.384,21.532
2026-04-24 10:25:28,5545,0,1,6.969,0.0,7.877,1.681,0.477,17.494,22.516
2026-04-24 10:25:28,5546,0,1,7.781,0.0,7.666,1.543,0.337,17.823,23.726
2026-04-24 10:25:28,5547,1,1,9.894,342.185,23.423,1.815,0.351,378.906,21.621
2026-04-24 10:25:28,5548,0,1,4.134,0.0,8.313,1.842,0.409,15.326,21.715
2026-04-24 10:25:28,5549,0,1,6.998,0.0,8.981,1.719,0.417,18.654,22.907
2026-04-24 10:25:29,5550,1,1,2.054,219.567,7.797,1.777,0.418,232.743,21.009
2026-04-24 10:25:29,5551,0,1,1.765,0.0,8.693,1.724,0.474,13.19,22.313
2026-04-24 10:25:29,5552,0,1,12.463,0.0,8.586,1.971,0.459,24.024,23.028
2026-04-24 10:25:29,5553,1,1,2.068,223.993,7.412,1.632,0.334,236.475,21.112
2026-04-24 10:25:29,5554,0,1,2.28,0.0,8.188,2.06,0.47,13.501,22.296
2026-04-24 10:25:29,5555,0,1,2.484,0.0,7.931,1.844,0.411,13.133,23.408
2026-04-24 10:25:29,5556,1,1,13.058,246.967,7.619,1.687,0.359,270.802,21.426
2026-04-24 10:25:29,5557,0,1,2.5,0.0,8.905,1.811,0.464,14.134,22.507
2026-04-24 10:25:29,5558,0,1,5.588,0.0,8.006,1.876,0.395,16.246,23.494
2026-04-24 10:25:30,5559,1,1,6.993,315.003,8.43,1.975,0.45,333.89,21.432
2026-04-24 10:25:30,5560,0,1,9.232,0.0,8.645,1.858,0.43,20.651,22.483
2026-04-24 10:25:30,5561,0,1,3.425,0.0,7.54,1.79,0.375,13.549,23.542
2026-04-24 10:25:30,5562,1,1,2.461,362.072,8.274,1.941,0.411,376.278,21.442
2026-04-24 10:25:30,5563,0,1,1.813,0.0,7.959,1.694,0.649,12.665,22.41
2026-04-24 10:25:30,5564,0,1,7.351,0.0,8.167,1.625,0.35,17.993,23.396
2026-04-24 10:25:31,5565,1,1,2.161,228.818,7.566,1.633,0.399,241.634,21.438
2026-04-24 10:25:31,5566,0,1,13.444,0.0,8.267,1.647,0.346,24.183,22.391
2026-04-24 10:25:31,5567,0,1,1.895,0.0,8.243,1.619,0.412,12.633,23.412
2026-04-24 10:25:31,5568,1,1,1.742,221.77,8.476,1.725,0.442,235.205,21.466
2026-04-24 10:25:31,5569,0,1,7.865,0.0,8.147,1.705,0.391,18.556,22.598
2026-04-24 10:25:31,5570,0,1,2.085,0.0,9.069,1.96,0.491,14.111,23.23
2026-04-24 10:25:31,5571,1,1,9.568,226.61,7.855,1.823,0.44,247.751,21.292
2026-04-24 10:25:31,5572,0,1,6.795,0.0,8.279,1.712,0.437,17.648,22.246
2026-04-24 10:25:31,5573,0,1,5.88,0.0,7.885,1.682,0.439,16.4,23.082
2026-04-24 10:25:32,5574,1,1,7.97,260.217,7.756,1.679,0.358,279.091,21.117
2026-04-24 10:25:32,5575,0,1,3.029,0.0,8.123,1.759,0.437,13.855,22.459
2026-04-24 10:25:32,5576,0,1,8.023,0.0,7.831,2.23,0.378,30.597,23.245
2026-04-24 10:25:32,5577,1,1,1.96,434.357,8.126,1.712,0.394,447.753,21.133
2026-04-24 10:25:32,5578,0,1,7.521,0.0,8.36,1.736,0.361,18.464,22.471
2026-04-24 10:25:32,5579,0,1,7.213,0.0,8.031,1.78,0.443,17.884,23.536
2026-04-24 10:25:32,5580,1,1,2.437,263.601,7.738,1.843,0.429,277.231,21.525
2026-04-24 10:25:32,5581,0,1,2.075,0.0,9.065,2.104,0.513,14.326,22.481
2026-04-24 10:25:33,5582,0,1,7.94,0.0,8.477,1.973,0.379,19.167,23.431
2026-04-24 10:25:33,5583,1,1,1.957,239.214,8.124,1.711,0.411,252.58,21.456
2026-04-24 10:25:33,5584,0,1,7.649,0.0,8.296,1.683,0.375,18.419,22.553
2026-04-24 10:25:33,5585,0,1,1.822,0.0,9.737,2.044,0.457,14.596,23.558
2026-04-24 10:25:33,5586,1,1,8.913,316.806,7.947,1.792,0.388,336.919,21.488
2026-04-24 10:25:33,5587,0,1,2.131,0.0,7.958,1.901,0.451,12.981,22.21
2026-04-24 10:25:33,5588,0,1,1.627,0.0,9.337,2.057,0.501,14.09,23.009
2026-04-24 10:25:34,5589,1,1,12.971,268.284,8.462,1.676,0.427,306.011,21.034
2026-04-24 10:25:34,5590,0,1,2.089,0.0,10.37,1.847,0.718,15.566,21.731
2026-04-24 10:25:34,5591,0,1,20.01,0.0,8.885,2.392,0.382,32.53,22.314
2026-04-24 10:25:34,5592,1,1,9.188,474.216,10.396,1.843,0.536,497.902,20.283
2026-04-24 10:25:34,5593,0,1,2.329,0.0,8.882,2.058,0.402,14.008,20.896
2026-04-24 10:25:34,5594,0,1,14.023,0.0,9.22,1.907,0.426,26.066,21.75
2026-04-24 10:25:35,5595,1,1,6.569,449.953,8.167,1.865,0.409,467.997,19.781
2026-04-24 10:25:35,5596,0,1,3.937,0.0,8.781,1.852,0.416,15.521,20.985
2026-04-24 10:25:35,5597,0,1,9.209,0.0,7.78,1.855,0.408,19.761,22.227
2026-04-24 10:25:35,5598,1,1,7.036,392.343,9.741,1.788,0.412,412.379,20.24
2026-04-24 10:25:35,5599,0,1,1.992,0.0,9.616,1.637,0.393,14.101,21.161
2026-04-24 10:25:35,5600,0,1,7.628,0.0,8.336,1.62,0.381,18.425,22.326
2026-04-24 10:25:36,5601,1,1,4.372,267.058,9.212,1.907,0.422,283.962,20.431
2026-04-24 10:25:36,5602,0,1,8.617,0.0,8.132,2.383,0.377,20.2,21.544
2026-04-24 10:25:36,5603,0,1,6.041,0.0,9.384,1.925,1.629,19.947,22.527
2026-04-24 10:25:36,5604,1,1,2.103,441.988,9.333,1.848,0.453,457.371,20.482
2026-04-24 10:25:36,5605,0,1,1.956,0.0,9.871,2.032,0.45,14.813,21.183
2026-04-24 10:25:36,5606,0,1,11.409,0.0,8.325,2.313,0.45,22.969,21.969
2026-04-24 10:25:36,5607,1,1,9.541,261.116,8.617,1.696,0.451,282.621,20.113
2026-04-24 10:25:36,5608,0,1,2.717,0.0,24.298,1.667,0.394,29.926,23.907
2026-04-24 10:25:37,5609,0,1,2.497,0.0,8.737,2.214,0.527,14.504,23.517
2026-04-24 10:25:37,5610,1,1,1.758,413.682,29.573,1.973,0.464,449.949,21.387
2026-04-24 10:25:37,5611,0,1,1.826,0.0,9.344,3.926,0.397,15.981,21.233
2026-04-24 10:25:37,5612,0,1,7.113,0.0,8.449,1.818,0.587,19.222,21.88
2026-04-24 10:25:37,5613,1,1,7.005,242.357,8.403,1.7,0.41,261.393,20.052
2026-04-24 10:25:37,5614,0,1,6.752,0.0,9.075,1.784,0.434,18.596,21.063
2026-04-24 10:25:37,5615,0,1,2.08,0.0,8.634,1.954,0.429,13.561,21.961
2026-04-24 10:25:38,5616,1,1,6.671,255.749,8.261,1.817,0.426,274.175,20.111
2026-04-24 10:25:38,5617,0,1,2.264,0.0,8.004,1.772,0.384,12.757,21.422
2026-04-24 10:25:38,5618,0,1,2.589,0.0,27.761,1.747,0.467,33.587,25.478
2026-04-24 10:25:38,5619,1,1,4.445,224.868,23.067,1.794,0.411,255.63,23.29
2026-04-24 10:25:38,5620,0,1,8.736,0.0,8.154,1.677,0.418,19.423,23.091
2026-04-24 10:25:38,5621,0,1,8.131,0.0,8.595,1.867,0.411,19.47,24.414
2026-04-24 10:25:38,5622,1,1,5.825,235.868,8.025,1.733,0.354,252.854,22.341
2026-04-24 10:25:38,5623,0,1,11.543,0.0,8.915,1.825,0.426,23.197,23.231
2026-04-24 10:25:38,5624,0,1,11.172,0.0,7.706,1.757,0.448,21.627,24.137
2026-04-24 10:25:39,5625,1,1,8.41,227.902,8.011,1.733,0.389,247.507,22.106
2026-04-24 10:25:39,5626,0,1,2.126,0.0,8.439,1.848,0.421,13.4,22.981
2026-04-24 10:25:39,5627,0,1,20.953,0.0,10.137,1.959,0.439,33.958,23.184
2026-04-24 10:25:39,5628,1,1,11.687,259.069,7.983,1.75,0.383,281.983,21.206
2026-04-24 10:25:39,5629,0,1,7.78,0.0,8.733,1.748,0.43,19.174,22.239
2026-04-24 10:25:39,5630,0,1,4.807,0.0,8.661,1.879,0.429,16.244,23.082
2026-04-24 10:25:40,5631,1,1,1.565,361.619,8.075,1.791,0.429,374.691,21.028
2026-04-24 10:25:40,5632,0,1,1.716,0.0,9.727,1.903,0.416,14.48,21.871
2026-04-24 10:25:40,5633,0,1,1.763,0.0,8.268,2.502,0.401,13.394,22.7
2026-04-24 10:25:40,5634,1,1,2.54,231.584,8.249,1.808,0.458,246.059,20.808
2026-04-24 10:25:40,5635,0,1,5.249,0.0,8.05,1.707,0.396,15.886,21.958
2026-04-24 10:25:40,5636,0,1,6.591,0.0,8.368,1.764,0.399,17.734,23.108
2026-04-24 10:25:40,5637,1,1,2.803,235.37,7.883,1.869,0.441,249.57,21.168
2026-04-24 10:25:40,5638,0,1,9.487,0.0,8.222,1.727,0.43,20.384,22.267
2026-04-24 10:25:40,5639,0,1,2.231,0.0,8.842,2.099,0.422,14.106,23.057
2026-04-24 10:25:40,5640,1,1,2.021,219.379,7.823,1.614,0.371,232.181,21.15
2026-04-24 10:25:41,5641,0,1,1.722,0.0,8.532,2.057,0.424,14.197,22.203
2026-04-24 10:25:41,5642,0,1,2.165,0.0,8.825,1.871,0.421,13.831,22.682
2026-04-24 10:25:41,5643,1,1,2.541,230.762,8.854,1.985,0.515,245.778,20.792
2026-04-24 10:25:41,5644,0,1,3.856,0.0,9.354,1.81,0.428,15.955,21.742
2026-04-24 10:25:41,5645,0,1,7.243,0.0,8.89,1.988,0.422,19.056,22.741
2026-04-24 10:25:41,5646,1,1,3.15,341.198,8.112,1.862,0.414,355.828,20.736
2026-04-24 10:25:41,5647,0,1,1.618,0.0,8.638,2.006,0.469,13.236,21.699
2026-04-24 10:25:41,5648,0,1,1.686,0.0,8.383,1.946,0.391,12.894,22.535
2026-04-24 10:25:42,5649,1,1,2.901,299.447,8.614,1.904,0.45,316.897,20.58
2026-04-24 10:25:42,5650,0,1,1.993,0.0,8.389,1.826,0.42,13.147,21.572
2026-04-24 10:25:42,5651,0,1,2.753,0.0,8.198,1.854,0.44,13.806,22.385
2026-04-24 10:25:42,5652,1,1,1.841,263.427,7.894,1.673,0.419,276.367,20.483
2026-04-24 10:25:42,5653,0,1,6.842,0.0,8.053,1.592,0.363,17.428,21.806
2026-04-24 10:25:42,5654,0,1,7.509,0.0,8.573,1.78,0.388,18.691,22.733
2026-04-24 10:25:42,5655,1,1,1.982,253.42,8.85,1.851,0.374,267.489,20.811
2026-04-24 10:25:42,5656,0,1,2.165,0.0,8.732,2.04,0.432,13.853,21.817
2026-04-24 10:25:42,5657,0,1,7.176,0.0,8.744,1.748,0.401,18.504,22.739
2026-04-24 10:25:43,5658,1,1,1.877,490.719,8.157,2.161,0.444,504.51,20.657
2026-04-24 10:25:43,5659,0,1,9.907,0.0,7.915,1.741,0.361,20.451,21.79
2026-04-24 10:25:43,5660,0,1,17.962,0.0,9.022,2.602,0.486,30.552,22.712
2026-04-24 10:25:44,5661,1,1,8.929,468.837,8.471,1.857,0.432,489.864,20.64
2026-04-24 10:25:44,5662,0,1,9.009,0.0,7.899,1.773,0.406,19.636,21.666
2026-04-24 10:25:44,5663,0,1,2.226,0.0,9.186,1.741,0.403,14.009,22.61
2026-04-24 10:25:44,5664,1,1,2.266,234.663,7.973,1.868,0.421,248.409,20.718
2026-04-24 10:25:44,5665,0,1,10.946,0.0,7.722,1.839,0.693,21.703,21.946
2026-04-24 10:25:44,5666,0,1,2.774,0.0,8.909,1.581,0.387,14.102,22.806
2026-04-24 10:25:44,5667,1,1,7.852,276.922,8.427,1.821,0.38,296.487,20.851
2026-04-24 10:25:44,5668,0,1,1.653,0.0,8.456,1.697,0.471,12.771,22.008
2026-04-24 10:25:44,5669,0,1,7.5,0.0,8.901,1.87,0.406,19.14,23.034
2026-04-24 10:25:45,5670,1,1,5.535,230.368,8.456,1.739,0.418,247.576,21.111
2026-04-24 10:25:45,5671,0,1,2.096,0.0,9.156,2.144,0.394,14.311,22.061
2026-04-24 10:25:45,5672,0,1,1.704,0.0,8.921,2.145,0.45,13.744,22.766
2026-04-24 10:25:45,5673,1,1,2.516,237.474,7.708,1.402,0.337,250.703,20.856
2026-04-24 10:25:45,5674,0,1,2.97,0.0,8.605,1.908,0.411,14.403,22.26
2026-04-24 10:25:45,5675,0,1,1.774,0.0,8.81,2.056,0.488,13.644,23.247
2026-04-24 10:25:45,5676,1,1,8.187,265.305,8.112,1.928,0.414,285.041,21.257
2026-04-24 10:25:45,5677,0,1,2.034,0.0,9.572,1.816,0.413,14.363,22.142
2026-04-24 10:25:45,5678,0,1,8.402,0.0,8.491,1.736,0.414,19.469,23.112
2026-04-24 10:25:46,5679,1,1,1.958,239.684,7.96,1.846,0.434,253.117,21.169
2026-04-24 10:25:46,5680,0,1,1.822,0.0,9.577,1.958,0.454,14.324,21.884
2026-04-24 10:25:46,5681,0,1,3.844,0.0,8.381,1.833,0.423,15.134,22.681
2026-04-24 10:25:46,5682,1,1,10.422,611.477,9.564,1.83,0.475,634.932,20.568
2026-04-24 10:25:46,5683,0,1,1.571,0.0,8.309,11.1,0.482,28.761,24.477
2026-04-24 10:25:46,5684,0,1,91.326,0.0,9.092,1.769,0.493,103.262,22.856
2026-04-24 10:25:47,5685,1,1,18.16,677.81,8.517,1.596,0.581,707.816,20.71
2026-04-24 10:25:47,5686,0,1,4.835,0.0,8.325,2.126,0.469,16.182,22.049
2026-04-24 10:25:47,5687,0,1,2.052,0.0,9.48,1.935,0.493,14.47,22.784
2026-04-24 10:25:48,5688,1,1,4.275,426.456,8.055,1.746,0.402,442.078,20.724
2026-04-24 10:25:48,5689,0,1,2.967,0.0,8.652,1.712,0.467,14.287,21.729
2026-04-24 10:25:48,5690,0,1,4.644,0.0,8.274,1.867,0.447,15.662,22.623
2026-04-24 10:25:48,5691,1,1,10.153,308.118,27.549,1.879,0.413,349.082,20.647
2026-04-24 10:25:48,5692,0,1,2.168,0.0,9.188,2.001,0.507,14.397,20.715
2026-04-24 10:25:48,5693,0,1,2.404,0.0,6.697,1.568,0.476,11.635,21.579
2026-04-24 10:25:49,5694,1,1,10.441,370.936,7.925,1.762,0.516,392.769,19.67
2026-04-24 10:25:49,5695,0,1,2.379,0.0,7.741,2.026,0.41,13.159,21.032
2026-04-24 10:25:49,5696,0,1,2.011,0.0,7.262,1.534,0.37,11.686,21.95
2026-04-24 10:25:49,5697,1,1,2.221,226.55,7.844,1.872,0.407,239.985,20.148
2026-04-24 10:25:49,5698,0,1,1.985,0.0,7.058,1.649,0.402,11.572,21.224
2026-04-24 10:25:49,5699,0,1,1.692,0.0,7.988,1.951,0.366,12.45,22.608
2026-04-24 10:25:49,5700,1,1,6.192,392.643,7.972,1.866,0.412,410.306,20.585
2026-04-24 10:25:49,5701,0,1,1.977,0.0,8.625,1.616,0.419,13.265,21.363
2026-04-24 10:25:49,5702,0,1,8.328,0.0,8.566,1.659,0.471,19.524,22.405
2026-04-24 10:25:50,5703,1,1,1.711,249.059,8.221,1.702,0.419,262.179,20.519
2026-04-24 10:25:50,5704,0,1,3.943,0.0,8.23,1.894,0.416,15.022,21.755
2026-04-24 10:25:50,5705,0,1,4.898,0.0,7.781,1.886,0.421,15.465,22.653
2026-04-24 10:25:50,5706,1,1,1.871,283.656,8.221,1.956,0.404,297.115,20.704
2026-04-24 10:25:50,5707,0,1,3.076,0.0,8.266,1.897,0.414,14.148,22.181
2026-04-24 10:25:50,5708,0,1,2.064,0.0,7.827,1.938,0.365,12.758,23.171
2026-04-24 10:25:50,5709,1,1,1.73,261.211,7.708,1.73,0.354,273.896,21.195
2026-04-24 10:25:50,5710,0,1,1.683,0.0,8.922,1.914,0.497,13.475,22.14
2026-04-24 10:25:51,5711,0,1,2.192,0.0,8.957,2.105,0.469,14.245,22.887
2026-04-24 10:25:51,5712,1,1,4.661,313.978,8.522,1.809,0.414,330.466,20.886
2026-04-24 10:25:51,5713,0,1,2.266,0.0,9.237,2.017,0.455,14.596,21.588
2026-04-24 10:25:51,5714,0,1,2.039,0.0,8.372,1.757,0.323,13.001,22.373
2026-04-24 10:25:51,5715,1,1,3.199,242.536,8.367,1.944,0.403,257.537,20.5
2026-04-24 10:25:51,5716,0,1,3.637,0.0,8.953,1.786,0.382,15.261,21.963
2026-04-24 10:25:51,5717,0,1,2.51,0.0,7.832,1.478,0.315,12.699,23.344
2026-04-24 10:25:52,5718,1,1,4.296,351.548,7.847,1.838,0.438,367.08,21.273
2026-04-24 10:25:52,5719,0,1,1.948,0.0,7.918,1.66,0.345,12.329,22.355
2026-04-24 10:25:52,5720,0,1,2.362,0.0,8.882,1.697,0.411,13.863,23.079
2026-04-24 10:25:52,5721,1,1,7.993,227.564,7.637,1.425,0.314,246.04,21.157
2026-04-24 10:25:52,5722,0,1,2.235,0.0,8.093,1.428,0.347,12.572,22.336
2026-04-24 10:25:52,5723,0,1,2.843,0.0,9.11,1.528,0.367,14.43,23.57
2026-04-24 10:25:52,5724,1,1,2.267,251.359,8.68,1.78,0.436,265.704,21.569
2026-04-24 10:25:52,5725,0,1,9.966,0.0,8.085,1.767,0.382,20.665,22.835
2026-04-24 10:25:52,5726,0,1,6.384,0.0,7.766,2.318,0.44,17.357,23.985
2026-04-24 10:25:53,5727,1,1,5.176,261.509,8.53,1.89,0.404,278.51,21.929
2026-04-24 10:25:53,5728,0,1,10.436,0.0,8.188,1.843,0.411,21.356,22.719
2026-04-24 10:25:53,5729,0,1,4.478,0.0,8.209,1.797,0.443,15.433,23.759
2026-04-24 10:25:53,5730,1,1,1.885,281.504,6.91,1.541,0.337,293.296,21.7
2026-04-24 10:25:53,5731,0,1,2.203,0.0,9.434,1.71,0.429,14.263,22.769
2026-04-24 10:25:53,5732,0,1,10.164,0.0,8.432,1.602,0.464,21.174,23.575
2026-04-24 10:25:53,5733,1,1,25.302,279.137,8.363,1.608,0.454,315.937,21.513
2026-04-24 10:25:53,5734,0,1,3.888,0.0,7.57,1.733,0.413,14.176,22.334
2026-04-24 10:25:54,5735,0,1,10.021,0.0,9.989,1.614,0.358,22.398,23.609
2026-04-24 10:25:54,5736,1,1,9.48,242.748,9.568,1.91,0.506,265.544,21.613
2026-04-24 10:25:54,5737,0,1,2.02,0.0,9.625,2.085,0.463,14.74,22.541
2026-04-24 10:25:54,5738,0,1,5.296,0.0,8.766,1.885,0.443,16.911,23.188
2026-04-24 10:25:54,5739,1,1,6.337,199.828,8.28,1.794,0.407,217.677,21.299
2026-04-24 10:25:54,5740,0,1,4.713,0.0,8.601,1.877,0.358,16.054,22.22
2026-04-24 10:25:54,5741,0,1,5.525,0.0,8.218,1.896,0.435,16.539,23.097
2026-04-24 10:25:55,5742,1,1,1.883,328.535,7.492,1.88,0.417,341.257,21.063
2026-04-24 10:25:55,5743,0,1,4.571,0.0,8.293,1.884,0.411,15.653,22.103
2026-04-24 10:25:55,5744,0,1,8.391,0.0,8.559,1.688,0.418,19.586,22.973
2026-04-24 10:25:55,5745,1,1,14.425,315.627,7.838,1.967,0.458,341.389,20.962
2026-04-24 10:25:55,5746,0,1,2.339,0.0,7.2,1.454,0.505,12.031,22.148
2026-04-24 10:25:55,5747,0,1,5.848,0.0,9.002,2.051,0.335,17.684,22.815
2026-04-24 10:25:55,5748,1,1,1.949,218.696,15.575,1.813,0.453,239.624,20.934
2026-04-24 10:25:55,5749,0,1,1.643,0.0,9.147,1.84,0.512,13.648,21.367
2026-04-24 10:25:55,5750,0,1,9.937,0.0,7.738,1.658,0.334,20.162,22.168
2026-04-24 10:25:56,5751,1,1,6.275,207.707,7.033,1.857,0.418,224.415,20.371
2026-04-24 10:25:56,5752,0,1,1.798,0.0,7.435,1.463,0.353,11.574,21.722
2026-04-24 10:25:56,5753,0,1,7.431,0.0,7.684,1.523,0.389,17.52,23.004
2026-04-24 10:25:56,5754,1,1,1.948,201.354,8.085,1.707,0.332,214.418,21.136
2026-04-24 10:25:56,5755,0,1,2.406,0.0,8.08,1.89,0.424,13.317,22.418
2026-04-24 10:25:56,5756,0,1,6.012,0.0,8.438,1.747,0.416,17.145,23.609
2026-04-24 10:25:56,5757,1,1,4.234,255.729,8.226,1.766,0.401,271.405,21.596
2026-04-24 10:25:56,5758,0,1,1.688,0.0,8.825,2.284,0.522,13.869,22.587
2026-04-24 10:25:56,5759,0,1,3.653,0.0,8.318,1.705,0.412,14.667,23.151
2026-04-24 10:25:57,5760,1,1,2.542,257.096,7.927,1.756,0.448,271.267,21.183
2026-04-24 10:25:57,5761,0,1,3.038,0.0,9.024,1.828,0.392,14.875,20.582
2026-04-24 10:25:57,5762,0,1,2.563,0.0,25.328,2.196,0.386,30.8,24.448
2026-04-24 10:25:57,5763,1,1,2.244,309.606,8.181,1.869,0.457,323.698,22.292
2026-04-24 10:25:57,5764,0,1,1.768,0.0,8.125,2.287,0.451,13.411,23.059
2026-04-24 10:25:57,5765,0,1,1.693,0.0,10.53,1.937,0.388,15.06,23.784
2026-04-24 10:25:57,5766,1,1,9.574,255.689,8.565,1.921,0.358,277.155,21.751
2026-04-24 10:25:57,5767,0,1,7.643,0.0,9.402,1.878,0.395,19.754,22.681
2026-04-24 10:25:57,5768,0,1,2.033,0.0,8.913,1.664,0.418,13.535,23.604
2026-04-24 10:25:58,5769,1,1,1.742,420.84,10.249,1.911,0.442,436.475,21.464
2026-04-24 10:25:58,5770,0,1,57.479,0.0,14.36,1.943,0.416,74.691,20.587
2026-04-24 10:25:58,5771,0,1,2.135,0.0,9.039,2.468,0.492,14.679,25.278
2026-04-24 10:25:58,5772,1,1,2.104,431.982,8.314,1.941,0.381,445.737,22.971
2026-04-24 10:25:58,5773,0,1,2.103,0.0,9.63,1.812,0.415,14.473,23.581
2026-04-24 10:25:58,5774,0,1,7.503,0.0,9.033,1.732,0.386,19.123,24.282
2026-04-24 10:25:59,5775,1,1,11.903,229.72,8.549,1.763,0.455,253.594,22.221
2026-04-24 10:25:59,5776,0,1,11.804,0.0,7.644,1.827,0.44,22.272,23.279
2026-04-24 10:25:59,5777,0,1,1.887,0.0,8.329,2.169,0.473,13.382,24.031
2026-04-24 10:25:59,5778,1,1,1.839,337.285,7.953,1.632,0.361,350.149,21.898
2026-04-24 10:25:59,5779,0,1,1.852,0.0,8.59,1.885,0.433,13.264,22.864
2026-04-24 10:25:59,5780,0,1,11.103,0.0,8.584,1.934,0.418,22.528,23.945
2026-04-24 10:26:00,5781,1,1,3.084,267.127,8.475,1.88,0.457,282.134,21.885
2026-04-24 10:26:00,5782,0,1,6.306,0.0,8.947,1.772,0.464,17.994,22.901
2026-04-24 10:26:00,5783,0,1,4.529,0.0,8.675,1.506,0.415,15.667,23.815
2026-04-24 10:26:00,5784,1,1,3.674,261.505,8.496,1.776,0.354,276.792,21.774
2026-04-24 10:26:00,5785,0,1,6.214,0.0,7.692,1.675,0.377,16.361,22.665
2026-04-24 10:26:00,5786,0,1,6.941,0.0,8.468,1.957,0.453,18.355,23.54
2026-04-24 10:26:00,5787,1,1,2.796,277.272,8.226,1.862,0.41,291.679,21.511
2026-04-24 10:26:00,5788,0,1,9.717,0.0,7.276,1.677,0.35,19.524,22.558
2026-04-24 10:26:00,5789,0,1,1.985,0.0,8.494,1.665,0.449,13.141,23.639
2026-04-24 10:26:01,5790,1,1,2.448,552.797,9.078,2.518,0.401,568.262,21.446
2026-04-24 10:26:01,5791,0,1,2.116,0.0,7.721,1.549,0.421,12.356,22.558
2026-04-24 10:26:01,5792,0,1,6.636,0.0,7.917,1.694,0.459,17.204,23.713
2026-04-24 10:26:01,5793,1,1,2.73,278.428,7.731,1.708,0.379,291.994,21.664
2026-04-24 10:26:01,5794,0,1,5.089,0.0,8.338,1.804,0.372,16.121,22.903
2026-04-24 10:26:01,5795,0,1,3.069,0.0,8.715,1.732,0.45,14.413,23.559
2026-04-24 10:26:02,5796,1,1,6.483,403.325,7.802,1.95,0.484,421.079,21.432
2026-04-24 10:26:02,5797,0,1,4.921,0.0,8.233,1.755,0.432,15.9,22.855
2026-04-24 10:26:02,5798,0,1,11.815,0.0,8.347,1.681,0.377,22.713,23.571
2026-04-24 10:26:02,5799,1,1,7.567,356.173,7.591,1.989,0.324,374.766,21.471
2026-04-24 10:26:02,5800,0,1,7.131,0.0,8.64,1.793,0.347,18.422,22.828
2026-04-24 10:26:02,5801,0,1,6.726,0.0,8.026,1.632,0.325,17.201,23.535
2026-04-24 10:26:03,5802,1,1,4.241,325.268,7.317,1.848,0.393,340.147,21.461
2026-04-24 10:26:03,5803,0,1,1.98,0.0,9.35,1.897,0.35,14.114,22.628
2026-04-24 10:26:03,5804,0,1,10.347,0.0,8.001,1.897,0.446,21.313,23.457
2026-04-24 10:26:03,5805,1,1,1.947,222.623,9.77,1.795,0.44,237.639,21.5
2026-04-24 10:26:03,5806,0,1,4.936,0.0,8.668,1.619,0.403,16.099,22.768
2026-04-24 10:26:03,5807,0,1,13.679,0.0,8.651,1.844,0.411,25.128,23.557
2026-04-24 10:26:03,5808,1,1,7.573,341.865,8.861,1.554,0.38,361.369,21.468
2026-04-24 10:26:03,5809,0,1,7.263,0.0,8.285,1.731,0.404,18.145,22.899
2026-04-24 10:26:03,5810,0,1,11.182,0.0,8.036,1.683,0.401,21.757,23.654
2026-04-24 10:26:04,5811,1,1,7.125,281.258,7.414,1.498,0.357,298.875,21.61
2026-04-24 10:26:04,5812,0,1,17.96,0.0,7.532,1.52,0.357,27.789,22.71
2026-04-24 10:26:04,5813,0,1,2.675,0.0,8.243,1.575,0.381,13.293,23.358
2026-04-24 10:26:04,5814,1,1,6.851,458.04,7.462,1.622,0.4,475.36,21.227
2026-04-24 10:26:04,5815,0,1,7.988,0.0,8.853,1.958,0.416,19.7,22.477
2026-04-24 10:26:04,5816,0,1,11.372,0.0,8.282,3.227,0.448,23.804,23.186
2026-04-24 10:26:05,5817,1,1,6.44,302.71,8.025,1.839,0.412,320.363,21.168
2026-04-24 10:26:05,5818,0,1,17.718,0.0,8.092,1.795,0.416,28.479,22.339
2026-04-24 10:26:05,5819,0,1,2.153,0.0,9.257,1.865,0.37,14.113,23.15
2026-04-24 10:26:05,5820,1,1,3.502,501.599,8.225,1.9,0.417,516.77,21.022
2026-04-24 10:26:05,5821,0,1,2.103,0.0,9.847,1.597,0.434,14.53,21.788
2026-04-24 10:26:05,5822,0,1,5.643,0.0,7.523,1.867,0.431,15.976,22.819
2026-04-24 10:26:06,5823,1,1,1.848,255.719,7.189,1.734,0.421,267.845,20.886
2026-04-24 10:26:06,5824,0,1,1.627,0.0,7.532,1.484,0.468,11.484,22.117
2026-04-24 10:26:06,5825,0,1,2.717,0.0,8.048,1.454,0.432,13.146,23.501
2026-04-24 10:26:06,5826,1,1,7.667,249.616,11.753,1.367,0.323,271.884,21.51
2026-04-24 10:26:06,5827,0,1,1.631,0.0,7.865,1.648,0.841,12.549,22.556
2026-04-24 10:26:06,5828,0,1,2.333,0.0,9.699,1.7,0.444,14.682,23.495
2026-04-24 10:26:06,5829,1,1,11.022,245.541,7.953,1.814,0.397,267.87,21.501
2026-04-24 10:26:06,5830,0,1,1.772,0.0,8.343,1.999,0.459,13.085,22.875
2026-04-24 10:26:06,5831,0,1,5.786,0.0,7.935,1.572,0.339,16.097,23.895
2026-04-24 10:26:07,5832,1,1,5.725,247.827,7.567,1.411,0.4,264.005,21.864
2026-04-24 10:26:07,5833,0,1,3.469,0.0,7.902,1.823,0.264,13.824,22.608
2026-04-24 10:26:07,5834,0,1,21.86,0.0,24.699,1.958,0.353,49.387,22.541
2026-04-24 10:26:07,5835,1,1,2.604,513.765,8.139,2.016,0.417,528.118,20.463
2026-04-24 10:26:07,5836,0,1,10.646,0.0,7.923,1.579,0.274,20.757,21.608
2026-04-24 10:26:07,5837,0,1,2.126,0.0,7.063,1.292,0.418,11.452,22.691
2026-04-24 10:26:08,5838,1,1,1.876,298.316,7.637,1.378,0.319,310.496,20.724
2026-04-24 10:26:08,5839,0,1,2.983,0.0,7.618,1.28,0.35,12.723,22.086
2026-04-24 10:26:08,5840,0,1,6.439,0.0,8.379,1.885,0.426,17.773,23.475
2026-04-24 10:26:08,5841,1,1,8.515,252.252,8.23,1.971,0.416,272.488,21.484
2026-04-24 10:26:08,5842,0,1,2.323,0.0,8.04,1.932,0.428,13.166,22.406
2026-04-24 10:26:08,5843,0,1,7.347,0.0,9.264,1.792,0.455,19.408,23.389
2026-04-24 10:26:08,5844,1,1,1.812,277.692,7.951,2.169,0.494,291.083,21.372
2026-04-24 10:26:08,5845,0,1,1.762,0.0,24.424,2.08,0.497,29.171,22.313
2026-04-24 10:26:09,5846,0,1,9.581,0.0,7.895,1.781,0.299,19.967,22.227
2026-04-24 10:26:09,5847,1,1,4.157,297.893,8.25,1.852,0.434,313.703,20.307
2026-04-24 10:26:09,5848,0,1,6.194,0.0,8.124,1.895,0.417,17.17,21.365
2026-04-24 10:26:09,5849,0,1,2.233,0.0,7.737,1.934,0.46,12.759,22.728
2026-04-24 10:26:09,5850,1,1,5.281,292.724,8.695,1.675,0.338,309.644,20.775
2026-04-24 10:26:09,5851,0,1,1.822,0.0,7.683,1.901,0.337,12.243,21.887
2026-04-24 10:26:09,5852,0,1,1.734,0.0,7.23,1.542,0.315,11.326,23.141
2026-04-24 10:26:10,5853,1,1,3.511,227.972,7.974,1.603,0.396,242.406,21.215
2026-04-24 10:26:10,5854,0,1,2.242,0.0,8.989,1.562,0.399,13.717,22.151
2026-04-24 10:26:10,5855,0,1,3.758,0.0,8.72,1.467,0.4,14.926,22.968
2026-04-24 10:26:10,5856,1,1,9.563,298.467,7.137,1.516,0.381,317.995,20.972
2026-04-24 10:26:10,5857,0,1,9.334,0.0,6.595,1.364,0.331,18.079,22.508
2026-04-24 10:26:10,5858,0,1,1.643,0.0,8.039,1.666,0.412,12.285,23.838
2026-04-24 10:26:10,5859,1,1,2.221,234.477,7.782,1.735,0.356,247.526,21.83
2026-04-24 10:26:10,5860,0,1,1.896,0.0,8.576,1.751,0.326,13.091,22.748
2026-04-24 10:26:10,5861,0,1,3.922,0.0,8.94,1.795,0.316,15.347,23.603
2026-04-24 10:26:11,5862,1,1,8.469,337.943,23.265,1.648,0.421,372.891,21.515
2026-04-24 10:26:11,5863,0,1,2.178,0.0,9.721,1.775,0.493,14.58,21.568
2026-04-24 10:26:11,5864,0,1,11.367,0.0,8.157,1.522,0.282,21.716,22.355
2026-04-24 10:26:11,5865,1,1,1.734,209.74,8.152,1.926,0.42,223.136,20.532
2026-04-24 10:26:11,5866,0,1,9.916,0.0,7.933,1.382,0.303,19.933,21.64
2026-04-24 10:26:11,5867,0,1,2.063,0.0,6.91,2.071,0.459,11.947,22.399
2026-04-24 10:26:11,5868,1,1,6.216,273.521,8.175,1.964,0.293,291.132,20.489
2026-04-24 10:26:11,5869,0,1,2.069,0.0,9.429,2.053,0.501,14.62,21.484
2026-04-24 10:26:11,5870,0,1,2.531,0.0,9.741,2.294,0.292,15.277,21.994
2026-04-24 10:26:12,5871,1,1,8.205,377.383,6.837,1.719,0.258,395.382,20.038
2026-04-24 10:26:12,5872,0,1,7.168,0.0,7.554,1.853,0.419,17.358,21.859
2026-04-24 10:26:12,5873,0,1,8.663,0.0,8.509,1.599,0.408,19.906,22.881
2026-04-24 10:26:12,5874,1,1,1.701,217.308,6.655,1.524,0.328,228.601,20.994
2026-04-24 10:26:12,5875,0,1,1.973,0.0,8.997,1.502,0.451,13.456,22.877
2026-04-24 10:26:12,5876,0,1,1.958,0.0,6.698,1.537,0.338,11.049,24.066
2026-04-24 10:26:13,5877,1,1,11.889,370.894,7.486,1.605,0.341,393.334,21.909
2026-04-24 10:26:13,5878,0,1,3.083,0.0,8.395,2.373,0.387,14.732,23.182
2026-04-24 10:26:13,5879,0,1,6.967,0.0,8.351,1.829,0.523,18.321,24.1
2026-04-24 10:26:13,5880,1,1,7.295,451.561,6.546,1.771,0.238,468.289,21.896
2026-04-24 10:26:13,5881,0,1,1.806,0.0,9.787,1.935,0.362,14.44,22.971
2026-04-24 10:26:13,5882,0,1,9.324,0.0,7.961,1.4,0.268,19.371,23.513
2026-04-24 10:26:13,5883,1,1,1.935,217.249,8.242,1.829,0.479,230.903,21.569
2026-04-24 10:26:14,5884,0,1,11.67,0.0,5.718,1.047,0.315,19.24,22.565
2026-04-24 10:26:14,5885,0,1,2.734,0.0,9.564,2.115,0.495,15.455,23.577
2026-04-24 10:26:14,5886,1,1,4.602,447.059,7.832,1.724,0.47,462.726,21.427
2026-04-24 10:26:14,5887,0,1,8.791,0.0,8.905,1.888,0.548,21.007,23.007
2026-04-24 10:26:14,5888,0,1,1.644,0.0,7.566,2.035,0.357,11.988,23.986
2026-04-24 10:26:14,5889,1,1,2.169,260.574,6.507,1.434,0.3,271.866,21.928
2026-04-24 10:26:14,5890,0,1,6.255,0.0,6.738,1.373,0.306,15.145,23.551
2026-04-24 10:26:14,5891,0,1,2.006,0.0,7.59,1.851,0.454,12.379,24.916
2026-04-24 10:26:15,5892,1,1,2.364,198.749,6.338,1.216,0.293,209.931,22.864
2026-04-24 10:26:15,5893,0,1,1.713,0.0,5.89,1.45,0.253,9.741,24.307
2026-04-24 10:26:15,5894,0,1,1.821,0.0,6.069,1.332,0.393,10.1,25.858
2026-04-24 10:26:15,5895,1,1,2.039,183.541,8.696,1.398,0.31,196.981,23.751
2026-04-24 10:26:15,5896,0,1,2.012,0.0,7.7,1.735,0.389,12.312,25.196
2026-04-24 10:26:15,5897,0,1,2.252,0.0,7.868,1.711,0.29,12.457,25.933
2026-04-24 10:26:15,5898,1,1,1.852,191.683,6.403,1.363,0.29,202.351,23.794
2026-04-24 10:26:15,5899,0,1,7.409,0.0,8.224,1.831,0.418,18.357,25.145
2026-04-24 10:26:15,5900,0,1,1.867,0.0,9.123,1.838,0.46,13.797,25.768
2026-04-24 10:26:15,5901,1,1,1.771,199.322,7.399,1.33,0.417,211.381,23.625
2026-04-24 10:26:16,5902,0,1,2.071,0.0,7.82,1.703,0.48,12.667,24.738
2026-04-24 10:26:16,5903,0,1,2.145,0.0,9.24,1.592,0.293,13.685,25.641
2026-04-24 10:26:16,5904,1,1,1.926,198.115,7.208,1.951,0.295,210.496,23.509
2026-04-24 10:26:16,5905,0,1,7.773,0.0,8.19,2.085,0.481,19.12,24.896
2026-04-24 10:26:16,5906,0,1,1.848,0.0,6.618,1.607,0.345,10.78,25.602
2026-04-24 10:26:16,5907,1,1,1.856,188.21,7.716,1.861,0.428,201.047,23.506
2026-04-24 10:26:16,5908,0,1,1.68,0.0,8.723,1.432,0.42,12.764,24.745
2026-04-24 10:26:16,5909,0,1,1.8,0.0,8.141,1.838,0.423,12.703,24.759
2026-04-24 10:26:16,5910,1,1,1.837,165.034,17.388,1.853,0.419,187.639,22.779
2026-04-24 10:26:16,5911,0,1,2.194,0.0,5.824,1.666,0.464,10.651,23.296
2026-04-24 10:26:16,5912,0,1,1.826,0.0,7.468,1.095,0.506,11.434,24.541
2026-04-24 10:26:17,5913,1,1,1.882,162.795,7.569,1.406,0.441,174.962,22.61
2026-04-24 10:26:17,5914,0,1,2.099,0.0,5.672,1.262,0.334,9.683,23.876
2026-04-24 10:26:17,5915,0,1,1.808,0.0,5.762,1.691,0.251,9.982,25.671
2026-04-24 10:26:17,5916,1,1,1.707,202.845,7.105,1.507,0.251,214.278,23.539
2026-04-24 10:26:17,5917,0,1,1.958,0.0,7.063,1.283,0.452,11.315,24.941
2026-04-24 10:26:17,5918,0,1,1.656,0.0,7.722,1.328,0.375,11.441,26.14
2026-04-24 10:26:17,5919,1,1,2.811,200.225,8.251,1.842,0.398,214.376,23.961
2026-04-24 10:26:17,5920,0,1,1.946,0.0,4.909,1.215,0.292,8.831,25.293
2026-04-24 10:26:17,5921,0,1,2.098,0.0,7.217,1.429,0.313,11.569,26.566
2026-04-24 10:26:17,5922,1,1,8.287,240.096,7.855,1.778,0.321,259.222,24.284
2026-04-24 10:26:17,5923,0,1,7.251,0.0,8.323,1.675,0.332,17.962,25.48
2026-04-24 10:26:18,5924,0,1,1.879,0.0,6.558,1.791,0.406,11.112,26.262
2026-04-24 10:26:18,5925,1,1,1.868,192.242,7.069,1.552,0.38,203.907,24.089
2026-04-24 10:26:18,5926,0,1,3.393,0.0,7.366,1.35,0.4,12.896,25.564
2026-04-24 10:26:18,5927,0,1,3.554,0.0,7.088,1.289,0.32,12.785,26.677
2026-04-24 10:26:18,5928,1,1,1.668,207.679,6.532,1.269,0.416,218.294,24.435
2026-04-24 10:26:18,5929,0,1,8.192,0.0,8.683,1.849,0.402,19.58,25.95
2026-04-24 10:26:18,5930,0,1,2.319,0.0,7.334,3.697,0.354,14.219,26.714
2026-04-24 10:26:18,5931,1,1,8.644,202.31,6.313,1.357,0.314,219.845,24.473
2026-04-24 10:26:18,5932,0,1,1.812,0.0,8.935,1.572,0.314,13.026,25.976
2026-04-24 10:26:18,5933,0,1,7.866,0.0,9.199,1.984,0.465,20.117,26.054
2026-04-24 10:26:19,5934,1,1,1.866,409.332,6.064,1.093,0.26,419.693,23.674
2026-04-24 10:26:19,5935,0,1,1.686,0.0,9.77,1.951,0.494,14.477,24.618
2026-04-24 10:26:19,5936,0,1,1.952,0.0,8.117,1.364,0.272,12.261,25.106
2026-04-24 10:26:19,5937,1,1,2.238,329.58,7.967,1.807,0.41,343.056,22.871
2026-04-24 10:26:19,5938,0,1,1.604,0.0,6.514,1.292,0.324,10.209,23.632
2026-04-24 10:26:19,5939,0,1,1.934,0.0,6.162,1.263,0.301,10.048,25.211
2026-04-24 10:26:20,5940,1,1,4.264,198.927,6.499,1.21,0.253,212.147,23.132
2026-04-24 10:26:20,5941,0,1,1.791,0.0,7.988,1.728,0.466,12.512,25.273
2026-04-24 10:26:20,5942,0,1,5.459,0.0,7.649,1.83,0.492,15.863,26.024
2026-04-24 10:26:20,5943,1,1,1.862,167.701,6.472,1.422,0.395,178.938,23.918
2026-04-24 10:26:20,5944,0,1,2.184,0.0,8.015,2.116,0.419,13.242,24.547
2026-04-24 10:26:20,5945,0,1,2.011,0.0,8.069,1.48,0.261,12.381,25.588
2026-04-24 10:26:20,5946,1,1,2.216,157.719,6.628,1.915,0.234,169.563,23.564
2026-04-24 10:26:20,5947,0,1,1.899,0.0,6.539,1.91,0.394,11.291,24.352
2026-04-24 10:26:20,5948,0,1,1.727,0.0,7.006,0.888,0.197,10.333,25.242
2026-04-24 10:26:20,5949,1,1,2.237,159.015,7.544,1.87,0.445,172.035,23.251
2026-04-24 10:26:20,5950,0,1,2.213,0.0,5.996,1.333,0.442,10.494,24.175
2026-04-24 10:26:20,5951,0,1,2.769,0.0,8.21,1.818,0.42,13.771,24.965
2026-04-24 10:26:21,5952,1,1,2.119,161.076,6.623,1.842,0.389,173.226,22.982
2026-04-24 10:26:21,5953,0,1,2.168,0.0,8.156,1.846,0.415,13.198,23.87
2026-04-24 10:26:21,5954,0,1,1.906,0.0,7.754,1.826,0.414,12.489,24.989
2026-04-24 10:26:21,5955,1,1,2.059,165.895,6.221,1.371,0.317,176.956,22.995
2026-04-24 10:26:21,5956,0,1,2.466,0.0,8.019,1.488,0.484,13.03,24.255
2026-04-24 10:26:21,5957,0,1,13.208,0.0,7.933,1.896,0.414,24.096,24.296
2026-04-24 10:26:21,5958,1,1,2.586,152.518,8.234,1.331,0.278,165.988,22.395
2026-04-24 10:26:21,5959,0,1,3.86,0.0,13.748,1.496,0.408,20.039,22.996
2026-04-24 10:26:21,5960,0,1,3.387,0.0,26.448,2.037,0.531,33.104,23.315
2026-04-24 10:26:21,5961,1,1,1.611,187.244,8.866,1.466,0.486,200.946,21.44
2026-04-24 10:26:21,5962,0,1,3.029,0.0,8.973,1.474,0.319,14.232,22.543
2026-04-24 10:26:21,5963,0,1,18.196,0.0,7.899,2.059,0.443,29.11,23.62
2026-04-24 10:26:22,5964,1,1,2.237,194.683,8.903,1.74,0.251,208.948,21.698
2026-04-24 10:26:22,5965,0,1,1.899,0.0,6.857,1.344,0.486,11.12,23.448
2026-04-24 10:26:22,5966,0,1,2.095,0.0,6.236,1.191,0.354,10.452,24.836
2026-04-24 10:26:22,5967,1,1,1.737,171.781,8.395,1.915,0.439,185.469,22.853
2026-04-24 10:26:22,5968,0,1,1.962,0.0,6.11,1.625,0.487,10.681,23.881
2026-04-24 10:26:22,5969,0,1,1.697,0.0,8.649,1.723,0.435,13.016,25.092
2026-04-24 10:26:22,5970,1,1,4.901,187.206,7.836,1.154,0.427,202.645,23.041
2026-04-24 10:26:22,5971,0,1,2.218,0.0,7.944,1.945,0.58,13.194,24.279
2026-04-24 10:26:22,5972,0,1,1.534,0.0,7.598,2.041,0.422,12.113,25.14
2026-04-24 10:26:22,5973,1,1,2.093,181.685,17.736,1.394,0.468,204.612,23.097
2026-04-24 10:26:22,5974,0,1,2.209,0.0,7.686,1.935,0.408,12.747,23.315
2026-04-24 10:26:22,5975,0,1,3.024,0.0,5.884,1.752,0.481,11.621,24.41
2026-04-24 10:26:23,5976,1,1,8.617,185.82,7.437,0.942,0.279,204.299,22.437
2026-04-24 10:26:23,5977,0,1,2.284,0.0,6.04,1.338,0.473,10.711,24.423
2026-04-24 10:26:23,5978,0,1,2.203,0.0,6.804,1.096,0.327,10.939,25.779
2026-04-24 10:26:23,5979,1,1,2.682,194.581,9.006,1.613,0.403,209.303,23.647
2026-04-24 10:26:23,5980,0,1,7.728,0.0,8.086,1.897,0.409,18.485,24.677
2026-04-24 10:26:23,5981,0,1,2.041,0.0,7.071,2.617,0.757,12.862,25.874
2026-04-24 10:26:23,5982,1,1,1.531,217.101,6.334,1.162,0.278,227.345,23.691
2026-04-24 10:26:23,5983,0,1,14.191,0.0,7.987,1.537,0.282,24.482,25.255
2026-04-24 10:26:23,5984,0,1,2.785,0.0,9.375,1.612,0.312,14.458,26.551
2026-04-24 10:26:24,5985,1,1,4.71,289.637,7.562,1.991,0.32,304.999,24.205
2026-04-24 10:26:24,5986,0,1,5.213,0.0,8.999,1.588,0.425,16.666,24.873
2026-04-24 10:26:24,5987,0,1,6.322,0.0,7.371,1.482,0.352,16.03,25.927
2026-04-24 10:26:24,5988,1,1,1.753,316.432,7.172,1.46,0.448,328.839,23.622
2026-04-24 10:26:24,5989,0,1,2.051,0.0,7.857,1.458,0.268,12.152,24.859
2026-04-24 10:26:24,5990,0,1,3.286,0.0,7.637,1.296,0.357,12.918,25.65
2026-04-24 10:26:24,5991,1,1,12.009,216.409,7.143,1.338,0.389,238.281,23.492
2026-04-24 10:26:24,5992,0,1,13.239,0.0,8.07,1.138,0.331,23.123,25.104
2026-04-24 10:26:24,5993,0,1,8.973,0.0,7.888,1.823,0.414,19.547,25.709
2026-04-24 10:26:25,5994,1,1,3.19,341.598,7.902,1.82,0.395,355.925,23.402
2026-04-24 10:26:25,5995,0,1,2.32,0.0,7.872,1.737,0.263,12.618,24.002
2026-04-24 10:26:25,5996,0,1,2.295,0.0,7.017,1.475,0.307,12.025,24.797
2026-04-24 10:26:25,5997,1,1,21.706,290.619,7.153,1.328,0.21,321.928,22.625
2026-04-24 10:26:25,5998,0,1,1.902,0.0,9.899,2.062,0.472,14.844,23.845
2026-04-24 10:26:25,5999,0,1,2.323,0.0,7.09,2.006,0.461,12.39,24.229
2026-04-24 10:26:26,6000,1,1,1.748,578.302,8.889,1.831,0.414,592.26,21.969
2026-04-24 10:26:26,6001,0,1,1.908,0.0,8.65,1.57,0.471,13.1,22.066
2026-04-24 10:26:26,6002,0,1,10.239,0.0,8.507,1.48,0.3,20.832,22.272
2026-04-24 10:26:26,6003,1,1,3.55,199.546,4.685,0.895,0.204,209.919,20.476
2026-04-24 10:26:26,6004,0,1,4.071,0.0,6.245,1.259,0.268,12.168,23.202
2026-04-24 10:26:26,6005,0,1,1.984,0.0,6.87,1.367,0.414,11.083,24.427
2026-04-24 10:26:27,6006,1,1,2.274,371.776,6.03,2.006,0.414,383.655,22.236
2026-04-24 10:26:27,6007,0,1,1.687,0.0,7.791,2.267,0.464,12.707,23.253
2026-04-24 10:26:27,6008,0,1,2.94,0.0,9.363,2.237,0.514,15.563,24.565
2026-04-24 10:26:27,6009,1,1,2.85,211.932,6.666,1.402,0.293,224.023,22.516
2026-04-24 10:26:27,6010,0,1,2.378,0.0,8.984,0.981,0.244,13.076,23.686
2026-04-24 10:26:27,6011,0,1,9.838,0.0,7.777,1.784,0.415,20.393,24.518
2026-04-24 10:26:27,6012,1,1,2.126,189.098,7.565,1.696,0.286,201.743,22.52
2026-04-24 10:26:27,6013,0,1,1.583,0.0,7.858,2.135,0.454,12.525,23.875
2026-04-24 10:26:27,6014,0,1,1.776,0.0,19.196,1.493,0.223,23.16,24.252
2026-04-24 10:26:28,6015,1,1,2.096,256.686,6.778,1.841,0.426,268.839,22.165
2026-04-24 10:26:28,6016,0,1,2.053,0.0,8.396,1.973,0.447,13.393,23.592
2026-04-24 10:26:28,6017,0,1,3.654,0.0,7.315,1.189,0.437,13.061,24.447
2026-04-24 10:26:28,6018,1,1,1.929,201.778,7.119,1.892,0.418,214.205,22.432
2026-04-24 10:26:28,6019,0,1,1.865,0.0,8.794,1.969,0.473,13.635,22.497
2026-04-24 10:26:28,6020,0,1,8.278,0.0,7.279,1.841,0.431,18.302,23.627
2026-04-24 10:26:28,6021,1,1,2.041,200.015,7.917,2.098,0.512,213.713,21.697
2026-04-24 10:26:28,6022,0,1,2.77,0.0,8.999,1.579,0.228,14.081,22.299
2026-04-24 10:26:28,6023,0,1,2.704,0.0,7.336,1.29,0.426,12.305,23.138
2026-04-24 10:26:28,6024,1,1,1.587,164.502,7.699,1.181,0.373,176.487,21.342
2026-04-24 10:26:28,6025,0,1,1.682,0.0,8.63,2.111,0.475,13.366,22.701
2026-04-24 10:26:29,6026,0,1,1.58,0.0,8.059,1.815,0.424,12.403,22.467
2026-04-24 10:26:29,6027,1,1,2.436,179.291,6.889,1.797,0.4,191.862,20.697
2026-04-24 10:26:29,6028,0,1,2.152,0.0,7.011,1.022,0.422,11.008,22.657
2026-04-24 10:26:29,6029,0,1,1.955,0.0,7.319,1.329,0.446,11.553,23.824
2026-04-24 10:26:29,6030,1,1,2.127,169.554,6.616,1.834,0.4,181.556,21.94
2026-04-24 10:26:29,6031,0,1,2.127,0.0,7.752,1.814,0.42,12.673,23.186
2026-04-24 10:26:29,6032,0,1,2.23,0.0,8.383,1.86,0.427,13.433,23.011
2026-04-24 10:26:29,6033,1,1,2.417,159.494,7.031,1.728,0.218,172.032,21.229
2026-04-24 10:26:29,6034,0,1,2.102,0.0,7.27,1.92,0.416,12.171,21.669
2026-04-24 10:26:29,6035,0,1,2.196,0.0,7.993,1.527,0.221,12.455,22.832
2026-04-24 10:26:30,6036,1,1,2.112,162.254,7.38,1.812,0.399,175.151,21.071
2026-04-24 10:26:30,6037,0,1,2.825,0.0,6.014,1.801,0.41,11.583,22.16
2026-04-24 10:26:30,6038,0,1,2.377,0.0,8.32,1.962,0.421,13.645,22.671
2026-04-24 10:26:30,6039,1,1,1.797,150.01,8.504,1.846,0.413,163.684,20.941
2026-04-24 10:26:30,6040,0,1,1.981,0.0,8.161,1.841,0.409,12.957,21.99
2026-04-24 10:26:30,6041,0,1,2.221,0.0,8.104,1.755,0.252,12.664,22.888
2026-04-24 10:26:30,6042,1,1,1.677,150.889,5.786,1.681,0.403,161.47,21.148
2026-04-24 10:26:30,6043,0,1,2.663,0.0,7.939,1.91,0.305,13.192,22.406
2026-04-24 10:26:30,6044,0,1,2.039,0.0,8.396,1.667,0.449,13.098,23.479
2026-04-24 10:26:30,6045,1,1,3.037,157.581,4.874,1.832,0.388,168.724,21.654
2026-04-24 10:26:30,6046,0,1,1.82,0.0,7.824,1.883,0.428,12.548,23.211
2026-04-24 10:26:30,6047,0,1,2.351,0.0,8.157,1.287,0.415,12.793,24.062
2026-04-24 10:26:31,6048,1,1,2.161,245.197,7.153,1.247,0.32,257.154,22.021
2026-04-24 10:26:31,6049,0,1,1.597,0.0,7.616,1.668,0.271,11.486,23.696
2026-04-24 10:26:31,6050,0,1,2.216,0.0,5.767,1.375,0.322,10.195,24.941
2026-04-24 10:26:31,6051,1,1,3.175,160.574,7.936,1.915,0.395,175.057,22.98
2026-04-24 10:26:31,6052,0,1,1.965,0.0,7.822,1.815,0.419,12.516,24.151
2026-04-24 10:26:31,6053,0,1,2.617,0.0,9.303,1.461,0.424,14.279,25.009
2026-04-24 10:26:31,6054,1,1,2.503,169.001,6.574,1.453,0.429,180.925,23.013
2026-04-24 10:26:31,6055,0,1,4.329,0.0,5.374,1.747,0.412,12.34,24.61
2026-04-24 10:26:31,6056,0,1,9.05,0.0,14.256,1.49,0.315,25.724,25.684
2026-04-24 10:26:31,6057,1,1,12.251,209.152,8.264,1.821,0.394,233.011,23.53
2026-04-24 10:26:31,6058,0,1,1.602,0.0,7.766,1.788,0.406,12.118,25.098
2026-04-24 10:26:31,6059,0,1,6.356,0.0,4.269,0.971,0.244,12.278,25.728
2026-04-24 10:26:32,6060,1,1,2.4,153.621,7.984,1.548,0.387,167.271,23.679
2026-04-24 10:26:32,6061,0,1,2.43,0.0,7.948,1.84,0.444,13.274,24.779
2026-04-24 10:26:32,6062,0,1,2.0,0.0,8.246,1.889,0.419,13.082,25.282
2026-04-24 10:26:32,6063,1,1,1.859,151.556,7.131,1.902,0.432,164.067,23.247
2026-04-24 10:26:32,6064,0,1,2.809,0.0,8.038,1.889,0.507,13.754,24.234
2026-04-24 10:26:32,6065,0,1,2.559,0.0,7.781,1.238,0.419,12.544,24.919
2026-04-24 10:26:32,6066,1,1,1.653,153.842,6.701,1.354,0.257,164.685,22.967
2026-04-24 10:26:32,6067,0,1,1.774,0.0,8.446,1.875,0.416,12.989,24.575
2026-04-24 10:26:32,6068,0,1,1.956,0.0,7.124,2.032,0.445,12.061,25.331
2026-04-24 10:26:32,6069,1,1,2.461,156.38,7.373,1.938,0.387,169.48,23.333
2026-04-24 10:26:32,6070,0,1,2.519,0.0,7.331,1.538,0.323,12.206,24.447
2026-04-24 10:26:32,6071,0,1,2.715,0.0,7.501,1.867,0.345,12.93,25.367
2026-04-24 10:26:33,6072,1,1,8.945,163.172,5.681,1.824,0.417,181.231,23.329
2026-04-24 10:26:33,6073,0,1,2.062,0.0,8.03,2.019,0.412,13.097,24.812
2026-04-24 10:26:33,6074,0,1,2.314,0.0,7.617,1.845,0.461,12.824,24.991
2026-04-24 10:26:33,6075,1,1,1.824,158.679,6.036,1.317,0.381,169.05,23.011
2026-04-24 10:26:33,6076,0,1,2.247,0.0,7.11,2.895,0.345,13.138,24.905
2026-04-24 10:26:33,6077,0,1,13.588,0.0,6.582,1.235,0.317,22.235,26.13
2026-04-24 10:26:33,6078,1,1,1.754,193.734,6.076,1.874,0.42,205.042,23.971
2026-04-24 10:26:33,6079,0,1,1.903,0.0,8.083,1.874,0.451,12.632,25.026
2026-04-24 10:26:33,6080,0,1,3.585,0.0,6.865,1.239,0.438,12.622,25.855
2026-04-24 10:26:33,6081,1,1,6.876,168.489,6.337,1.846,0.412,185.097,23.765
2026-04-24 10:26:33,6082,0,1,2.457,0.0,8.616,1.542,0.28,13.292,25.082
2026-04-24 10:26:34,6083,0,1,2.041,0.0,8.183,1.568,0.417,12.719,25.96
2026-04-24 10:26:34,6084,1,1,2.149,164.243,5.564,1.505,0.419,174.928,23.868
2026-04-24 10:26:34,6085,0,1,2.14,0.0,8.524,2.204,0.37,13.752,25.308
2026-04-24 10:26:34,6086,0,1,2.256,0.0,6.721,1.554,0.475,11.537,25.389
2026-04-24 10:26:34,6087,1,1,3.685,249.143,7.423,1.341,0.355,263.213,23.209
2026-04-24 10:26:34,6088,0,1,2.148,0.0,7.143,0.94,0.242,10.999,24.544
2026-04-24 10:26:34,6089,0,1,1.649,0.0,7.325,1.278,0.225,10.971,25.663
2026-04-24 10:26:34,6090,1,1,1.633,160.975,7.866,1.304,0.407,173.213,23.619
2026-04-24 10:26:34,6091,0,1,2.196,0.0,5.97,1.842,0.432,10.998,25.267
2026-04-24 10:26:34,6092,0,1,39.983,0.0,7.849,1.863,0.419,50.727,24.26
2026-04-24 10:26:35,6093,1,1,2.05,150.553,5.286,1.149,0.27,160.492,22.388
2026-04-24 10:26:35,6094,0,1,2.272,0.0,8.417,1.864,0.433,13.513,23.324
2026-04-24 10:26:35,6095,0,1,2.386,0.0,7.612,1.93,0.41,12.862,24.11
2026-04-24 10:26:35,6096,1,1,2.332,160.129,8.278,1.214,0.378,173.258,22.216
2026-04-24 10:26:35,6097,0,1,1.776,0.0,10.139,1.443,0.343,14.191,23.567
2026-04-24 10:26:35,6098,0,1,3.027,0.0,27.328,1.456,0.339,32.622,25.291
2026-04-24 10:26:35,6099,1,1,2.166,225.752,7.863,1.832,0.385,239.237,23.134
2026-04-24 10:26:35,6100,0,1,2.076,0.0,7.271,1.831,0.415,12.106,24.154
2026-04-24 10:26:35,6101,0,1,6.92,0.0,7.016,1.333,0.343,16.141,25.194
2026-04-24 10:26:35,6102,1,1,2.311,168.439,7.595,1.855,0.422,181.571,23.18
2026-04-24 10:26:35,6103,0,1,2.325,0.0,8.058,2.115,0.471,13.467,24.274
2026-04-24 10:26:35,6104,0,1,1.884,0.0,5.922,1.542,0.224,10.118,25.368
2026-04-24 10:26:36,6105,1,1,1.741,191.654,6.291,1.333,0.328,202.791,23.294
2026-04-24 10:26:36,6106,0,1,1.715,0.0,7.982,1.827,0.445,12.762,24.46
2026-04-24 10:26:36,6107,0,1,2.43,0.0,7.7,1.919,0.472,13.068,25.034
2026-04-24 10:26:36,6108,1,1,2.068,193.637,7.288,1.834,0.395,206.484,22.971
2026-04-24 10:26:36,6109,0,1,1.845,0.0,6.844,1.133,0.448,10.677,23.953
2026-04-24 10:26:36,6110,0,1,2.184,0.0,8.537,1.832,0.417,13.563,24.841
2026-04-24 10:26:36,6111,1,1,2.027,152.929,8.354,1.229,0.218,165.741,22.891
2026-04-24 10:26:36,6112,0,1,2.187,0.0,7.651,1.945,0.211,12.442,24.122
2026-04-24 10:26:36,6113,0,1,2.657,0.0,7.746,1.824,0.423,13.214,25.162
2026-04-24 10:26:36,6114,1,1,2.22,153.25,7.218,1.246,0.322,165.499,23.199
2026-04-24 10:26:36,6115,0,1,2.692,0.0,7.324,1.895,0.412,12.897,24.183
2026-04-24 10:26:36,6116,0,1,1.839,0.0,7.833,1.804,0.419,12.434,25.699
2026-04-24 10:26:37,6117,1,1,1.733,179.72,6.779,1.952,0.417,191.773,23.596
2026-04-24 10:26:37,6118,0,1,2.006,0.0,6.907,1.24,0.488,11.152,24.707
2026-04-24 10:26:37,6119,0,1,1.623,0.0,7.418,1.246,0.303,11.09,25.904
2026-04-24 10:26:37,6120,1,1,2.506,158.388,5.893,1.85,0.431,170.068,23.827
2026-04-24 10:26:37,6121,0,1,1.831,0.0,7.273,1.348,0.321,11.303,25.725
2026-04-24 10:26:37,6122,0,1,2.487,0.0,7.776,1.278,0.325,12.202,26.678
2026-04-24 10:26:37,6123,1,1,1.976,158.858,7.137,1.914,0.422,171.397,24.54
2026-04-24 10:26:37,6124,0,1,2.754,0.0,7.269,1.831,0.407,12.813,25.507
2026-04-24 10:26:37,6125,0,1,1.892,0.0,8.262,1.966,0.418,13.081,25.978
2026-04-24 10:26:37,6126,1,1,2.166,167.181,7.694,1.912,0.462,180.324,23.887
2026-04-24 10:26:37,6127,0,1,1.71,0.0,8.071,1.795,0.474,12.659,25.085
2026-04-24 10:26:38,6128,0,1,1.794,0.0,7.771,1.136,0.415,11.766,25.778
2026-04-24 10:26:38,6129,1,1,2.645,160.722,6.642,1.922,0.262,173.115,23.717
2026-04-24 10:26:38,6130,0,1,1.94,0.0,5.516,1.544,0.305,9.751,25.217
2026-04-24 10:26:38,6131,0,1,1.78,0.0,7.563,1.251,0.292,11.399,25.626
2026-04-24 10:26:38,6132,1,1,2.217,163.296,6.637,1.829,0.389,175.654,23.556
2026-04-24 10:26:38,6133,0,1,2.025,0.0,8.003,1.825,0.479,12.883,24.384
2026-04-24 10:26:38,6134,0,1,3.585,0.0,7.196,1.595,0.212,13.095,25.23
2026-04-24 10:26:38,6135,1,1,16.963,154.383,7.353,1.825,0.4,182.086,23.201
2026-04-24 10:26:38,6136,0,1,2.205,0.0,8.277,2.07,0.408,13.494,24.025
2026-04-24 10:26:38,6137,0,1,1.825,0.0,7.986,1.808,0.45,12.621,24.253
2026-04-24 10:26:38,6138,1,1,2.227,150.841,8.469,1.87,0.405,165.002,22.375
2026-04-24 10:26:39,6139,0,1,2.349,0.0,7.565,1.838,0.408,12.76,23.159
2026-04-24 10:26:39,6140,0,1,3.08,0.0,7.853,1.98,0.289,13.491,24.195
2026-04-24 10:26:39,6141,1,1,4.339,154.021,7.392,1.807,0.396,169.195,22.327
2026-04-24 10:26:39,6142,0,1,2.106,0.0,8.334,1.823,0.44,13.27,23.405
2026-04-24 10:26:39,6143,0,1,2.035,0.0,7.734,1.857,0.43,12.63,24.073
2026-04-24 10:26:39,6144,1,1,2.309,158.998,8.269,1.547,0.25,172.349,22.186
2026-04-24 10:26:39,6145,0,1,1.906,0.0,7.788,1.612,0.417,12.286,23.382
2026-04-24 10:26:39,6146,0,1,2.455,0.0,7.109,1.821,0.416,12.361,24.384
2026-04-24 10:26:39,6147,1,1,1.669,153.513,7.455,1.899,0.464,166.048,22.494
2026-04-24 10:26:39,6148,0,1,1.907,0.0,8.522,2.019,0.329,13.302,23.336
2026-04-24 10:26:39,6149,0,1,3.154,0.0,8.175,1.236,0.412,13.573,24.323
2026-04-24 10:26:39,6150,1,1,1.532,156.018,5.667,1.332,0.29,165.934,22.437
2026-04-24 10:26:40,6151,0,1,1.928,0.0,6.497,1.911,0.339,11.051,24.456
2026-04-24 10:26:40,6152,0,1,2.335,0.0,8.048,1.923,0.427,13.299,25.559
2026-04-24 10:26:40,6153,1,1,2.161,241.708,7.148,1.371,0.47,253.818,23.365
2026-04-24 10:26:40,6154,0,1,1.551,0.0,7.387,1.18,0.239,10.878,24.544
2026-04-24 10:26:40,6155,0,1,2.47,0.0,6.955,0.901,0.235,11.008,25.382
2026-04-24 10:26:40,6156,1,1,2.248,170.798,5.78,1.356,0.416,181.479,23.321
2026-04-24 10:26:40,6157,0,1,1.985,0.0,6.877,0.961,0.422,10.833,24.711
2026-04-24 10:26:40,6158,0,1,7.446,0.0,6.678,1.483,0.378,16.534,25.375
2026-04-24 10:26:40,6159,1,1,5.824,158.986,5.821,1.548,0.532,173.823,23.359
2026-04-24 10:26:40,6160,0,1,1.693,0.0,6.386,1.567,0.442,10.652,24.377
2026-04-24 10:26:40,6161,0,1,2.242,0.0,8.245,2.061,0.428,13.628,25.69
2026-04-24 10:26:41,6162,1,1,2.264,154.873,8.144,1.861,0.333,168.537,23.66
2026-04-24 10:26:41,6163,0,1,2.662,0.0,7.85,1.921,0.42,13.454,24.938
2026-04-24 10:26:41,6164,0,1,2.855,0.0,8.312,2.002,0.43,14.112,25.724
2026-04-24 10:26:41,6165,1,1,2.182,162.662,6.801,1.836,0.398,175.075,23.677
2026-04-24 10:26:41,6166,0,1,2.205,0.0,7.239,1.82,0.441,12.267,24.857
2026-04-24 10:26:41,6167,0,1,2.015,0.0,7.84,1.624,0.236,12.267,25.72
2026-04-24 10:26:41,6168,1,1,2.216,157.001,7.884,1.841,0.386,170.569,23.67
2026-04-24 10:26:41,6169,0,1,2.208,0.0,6.454,1.397,0.331,10.906,24.558
2026-04-24 10:26:41,6170,0,1,30.879,0.0,7.825,1.839,0.52,41.334,23.749
2026-04-24 10:26:41,6171,1,1,6.13,157.449,5.762,1.871,0.386,172.728,21.904
2026-04-24 10:26:41,6172,0,1,2.217,0.0,7.738,1.944,0.593,13.032,23.411
2026-04-24 10:26:41,6173,0,1,1.825,0.0,6.868,1.814,0.413,11.483,24.51
2026-04-24 10:26:42,6174,1,1,2.553,150.531,6.846,1.831,0.409,163.339,22.612
2026-04-24 10:26:42,6175,0,1,2.719,0.0,8.071,1.836,0.43,13.581,23.46
2026-04-24 10:26:42,6176,0,1,1.853,0.0,8.096,1.857,0.46,12.741,23.926
2026-04-24 10:26:42,6177,1,1,3.216,164.089,8.577,1.051,0.234,178.394,22.035
2026-04-24 10:26:42,6178,0,1,1.866,0.0,7.951,1.218,0.414,12.005,22.233
2026-04-24 10:26:42,6179,0,1,27.006,0.0,8.033,1.824,0.419,37.868,21.578
2026-04-24 10:26:42,6180,1,1,2.78,151.361,7.64,1.83,0.404,165.191,19.959
2026-04-24 10:26:42,6181,0,1,2.146,0.0,7.755,1.763,0.415,12.616,21.085
2026-04-24 10:26:42,6182,0,1,1.97,0.0,8.489,1.963,0.445,13.292,22.212
2026-04-24 10:26:42,6183,1,1,1.634,174.595,7.395,1.81,0.42,187.32,20.486
2026-04-24 10:26:42,6184,0,1,7.931,0.0,7.672,1.89,0.418,18.481,22.007
2026-04-24 10:26:42,6185,0,1,1.932,0.0,8.091,0.972,0.449,12.02,23.48
2026-04-24 10:26:43,6186,1,1,2.269,166.255,5.349,1.176,0.218,176.32,21.619
2026-04-24 10:26:43,6187,0,1,1.959,0.0,7.495,1.955,0.457,12.455,23.12
2026-04-24 10:26:43,6188,0,1,1.969,0.0,7.474,1.812,0.413,12.208,24.083
2026-04-24 10:26:43,6189,1,1,6.887,160.652,6.935,1.843,0.398,177.794,22.199
2026-04-24 10:26:43,6190,0,1,2.351,0.0,8.323,1.824,0.563,13.598,24.08
2026-04-24 10:26:43,6191,0,1,2.392,0.0,8.068,1.94,0.418,13.294,24.951
2026-04-24 10:26:43,6192,1,1,2.216,158.659,8.131,2.048,0.437,172.511,22.979
2026-04-24 10:26:43,6193,0,1,2.397,0.0,8.083,1.755,0.431,13.187,23.78
2026-04-24 10:26:43,6194,0,1,1.916,0.0,7.548,1.855,0.656,12.556,24.688
2026-04-24 10:26:43,6195,1,1,2.176,157.238,5.031,1.812,0.412,167.652,22.746
2026-04-24 10:26:43,6196,0,1,2.456,0.0,7.884,1.887,0.407,13.214,24.091
2026-04-24 10:26:43,6197,0,1,1.856,0.0,5.56,1.764,0.455,10.2,25.443
2026-04-24 10:26:44,6198,1,1,1.799,159.871,7.124,1.494,0.393,171.861,23.439
2026-04-24 10:26:44,6199,0,1,1.649,0.0,7.955,2.075,0.411,12.743,23.695
2026-04-24 10:26:44,6200,0,1,1.855,0.0,7.034,1.291,0.279,11.002,23.691
2026-04-24 10:26:44,6201,1,1,2.279,155.059,8.305,1.875,0.394,169.063,21.859
2026-04-24 10:26:44,6202,0,1,2.017,0.0,7.778,1.832,0.607,12.621,23.435
2026-04-24 10:26:44,6203,0,1,2.231,0.0,7.796,1.809,0.616,12.836,24.334
2026-04-24 10:26:44,6204,1,1,2.514,155.661,6.624,1.284,0.311,167.251,22.435
2026-04-24 10:26:44,6205,0,1,1.915,0.0,8.189,1.961,0.422,13.023,23.819
2026-04-24 10:26:44,6206,0,1,2.454,0.0,7.76,2.108,0.389,13.207,24.547
2026-04-24 10:26:44,6207,1,1,1.653,155.499,7.252,1.836,0.417,167.811,22.619
2026-04-24 10:26:44,6208,0,1,2.204,0.0,8.107,1.825,0.434,13.098,23.601
2026-04-24 10:26:44,6209,0,1,2.223,0.0,7.5,1.833,0.427,12.551,24.493
2026-04-24 10:26:45,6210,1,1,1.761,171.286,7.894,1.817,0.382,184.292,22.54
2026-04-24 10:26:45,6211,0,1,2.368,0.0,7.307,1.822,0.414,12.494,23.429
2026-04-24 10:26:45,6212,0,1,4.542,0.0,5.412,1.728,0.404,12.405,24.077
2026-04-24 10:26:45,6213,1,1,1.796,171.047,7.576,1.001,0.254,182.684,22.145
2026-04-24 10:26:45,6214,0,1,1.81,0.0,4.554,1.075,0.308,8.153,23.472
2026-04-24 10:26:45,6215,0,1,3.863,0.0,7.82,1.854,0.452,14.557,25.75
2026-04-24 10:26:45,6216,1,1,2.713,157.084,6.794,1.912,0.474,170.094,23.687
2026-04-24 10:26:45,6217,0,1,2.202,0.0,5.109,1.435,0.416,9.521,24.624
2026-04-24 10:26:45,6218,0,1,2.262,0.0,8.15,2.054,0.44,13.313,25.863
2026-04-24 10:26:45,6219,1,1,1.921,193.415,7.655,1.496,0.223,206.154,23.722
2026-04-24 10:26:46,6220,0,1,2.124,0.0,8.046,1.889,0.415,13.048,23.885
2026-04-24 10:26:46,6221,0,1,22.041,0.0,6.959,1.891,0.411,31.844,23.398
2026-04-24 10:26:46,6222,1,1,1.615,183.142,7.686,1.022,0.215,194.65,21.525
2026-04-24 10:26:46,6223,0,1,1.635,0.0,8.673,1.985,0.51,13.395,22.901
2026-04-24 10:26:46,6224,0,1,4.025,0.0,8.419,1.36,0.485,14.832,23.815
2026-04-24 10:26:46,6225,1,1,1.838,158.766,7.788,1.835,0.391,171.788,21.964
2026-04-24 10:26:46,6226,0,1,2.11,0.0,6.61,1.821,0.416,11.528,23.296
2026-04-24 10:26:46,6227,0,1,2.621,0.0,7.258,2.09,0.429,12.98,24.731
2026-04-24 10:26:46,6228,1,1,2.178,152.576,7.315,1.581,0.457,165.256,22.794
2026-04-24 10:26:46,6229,0,1,2.771,0.0,7.995,2.181,0.503,13.992,23.182
2026-04-24 10:26:46,6230,0,1,14.206,0.0,8.459,1.83,0.428,25.433,23.203
2026-04-24 10:26:47,6231,1,1,1.724,168.52,8.169,1.824,0.379,181.817,21.358
2026-04-24 10:26:47,6232,0,1,1.841,0.0,7.362,1.809,0.409,11.969,22.614
2026-04-24 10:26:47,6233,0,1,1.702,0.0,8.283,1.839,0.421,13.013,23.536
2026-04-24 10:26:47,6234,1,1,2.07,166.067,7.192,1.969,0.484,179.005,21.683
2026-04-24 10:26:47,6235,0,1,11.488,0.0,6.202,2.278,0.525,20.974,21.734
2026-04-24 10:26:47,6236,0,1,39.83,0.0,6.656,1.677,0.366,48.821,21.48
2026-04-24 10:26:47,6237,1,1,18.179,156.343,5.258,1.349,0.326,182.58,19.87
2026-04-24 10:26:47,6238,0,1,2.327,0.0,7.891,1.795,0.405,13.082,21.293
2026-04-24 10:26:47,6239,0,1,2.133,0.0,7.865,1.842,0.43,12.821,22.797
2026-04-24 10:26:47,6240,1,1,2.047,150.462,6.606,1.375,0.516,162.327,21.078
2026-04-24 10:26:47,6241,0,1,2.728,0.0,7.861,1.764,0.241,12.942,22.327
2026-04-24 10:26:47,6242,0,1,2.723,0.0,6.436,2.003,0.46,12.136,22.405
2026-04-24 10:26:48,6243,1,1,2.544,159.611,6.921,1.967,0.393,172.474,20.691
2026-04-24 10:26:48,6244,0,1,2.714,0.0,5.34,1.319,0.349,10.253,21.882
2026-04-24 10:26:48,6245,0,1,2.637,0.0,8.488,1.471,0.23,13.339,22.683
2026-04-24 10:26:48,6246,1,1,2.17,159.862,8.375,0.937,0.417,172.865,20.931
2026-04-24 10:26:48,6247,0,1,2.187,0.0,8.037,1.816,0.409,13.014,22.535
2026-04-24 10:26:48,6248,0,1,1.562,0.0,8.205,1.47,0.336,12.082,23.54
2026-04-24 10:26:48,6249,1,1,2.476,158.044,7.312,1.266,0.466,170.579,21.715
2026-04-24 10:26:48,6250,0,1,1.892,0.0,7.901,1.906,0.409,12.747,21.589
2026-04-24 10:26:48,6251,0,1,2.242,0.0,8.221,1.863,0.443,13.33,22.808
2026-04-24 10:26:48,6252,1,1,2.009,177.095,7.01,1.458,0.472,188.899,21.007
2026-04-24 10:26:48,6253,0,1,2.096,0.0,7.396,1.622,0.428,12.119,22.609
2026-04-24 10:26:48,6254,0,1,2.609,0.0,8.321,1.876,0.426,13.738,23.845
2026-04-24 10:26:49,6255,1,1,2.089,158.283,7.362,1.849,0.411,171.17,21.977
2026-04-24 10:26:49,6256,0,1,1.533,0.0,5.732,1.821,0.357,9.936,23.283
2026-04-24 10:26:49,6257,0,1,1.938,0.0,7.722,0.995,0.289,11.319,24.871
2026-04-24 10:26:49,6258,1,1,1.753,161.539,8.51,1.887,0.386,175.058,22.915
2026-04-24 10:26:49,6259,0,1,2.818,0.0,7.85,1.079,0.228,12.597,23.955
2026-04-24 10:26:49,6260,0,1,2.686,0.0,7.957,1.763,0.471,13.437,24.836
2026-04-24 10:26:49,6261,1,1,2.42,161.021,7.556,1.853,0.43,174.206,22.841
2026-04-24 10:26:49,6262,0,1,1.982,0.0,7.66,1.95,0.451,12.542,24.286
2026-04-24 10:26:49,6263,0,1,2.178,0.0,7.12,1.849,0.408,12.047,25.564
2026-04-24 10:26:49,6264,1,1,2.199,159.098,7.657,1.892,0.456,172.184,23.536
2026-04-24 10:26:49,6265,0,1,1.946,0.0,5.465,1.863,0.437,10.305,24.536
2026-04-24 10:26:49,6266,0,1,1.676,0.0,7.808,1.207,0.368,11.547,26.408
2026-04-24 10:26:50,6267,1,1,1.911,162.399,5.645,1.356,0.317,172.867,24.266
2026-04-24 10:26:50,6268,0,1,2.358,0.0,8.1,1.814,0.391,13.205,25.869
2026-04-24 10:26:50,6269,0,1,1.994,0.0,7.871,1.831,0.413,12.668,26.238
2026-04-24 10:26:50,6270,1,1,2.852,152.646,5.782,1.207,0.192,163.819,24.176
2026-04-24 10:26:50,6271,0,1,2.519,0.0,5.985,1.508,0.225,10.694,25.157
2026-04-24 10:26:50,6272,0,1,1.813,0.0,7.798,1.817,0.419,12.354,26.303
2026-04-24 10:26:50,6273,1,1,2.372,160.527,7.718,1.9,0.225,173.61,24.16
2026-04-24 10:26:50,6274,0,1,2.37,0.0,4.576,1.339,0.331,9.132,25.698
2026-04-24 10:26:50,6275,0,1,2.177,0.0,8.283,1.086,0.316,12.418,26.817
2026-04-24 10:26:50,6276,1,1,2.063,157.047,7.329,1.44,0.483,169.623,24.678
2026-04-24 10:26:50,6277,0,1,2.002,0.0,5.303,0.923,0.21,8.952,25.643
2026-04-24 10:26:50,6278,0,1,1.819,0.0,6.468,1.95,0.453,11.206,27.581
2026-04-24 10:26:51,6279,1,1,1.492,435.379,14.85,1.599,0.384,454.72,25.034
2026-04-24 10:26:51,6280,0,1,16.911,0.0,8.423,1.876,0.429,28.174,25.894
2026-04-24 10:26:51,6281,0,1,1.796,0.0,6.285,1.377,0.338,10.303,26.475
2026-04-24 10:26:51,6282,1,1,2.646,166.449,8.587,1.233,0.264,180.325,24.333
2026-04-24 10:26:51,6283,0,1,3.707,0.0,6.652,1.472,0.365,12.73,25.505
2026-04-24 10:26:51,6284,0,1,2.112,0.0,5.277,1.622,0.223,9.721,25.338
2026-04-24 10:26:51,6285,1,1,7.167,183.533,6.991,1.71,0.272,200.67,23.281
2026-04-24 10:26:51,6286,0,1,2.359,0.0,6.185,1.129,0.267,10.404,24.657
2026-04-24 10:26:52,6287,0,1,1.82,0.0,7.73,1.782,0.297,12.131,26.247
2026-04-24 10:26:52,6288,1,1,1.861,180.663,5.438,1.23,0.372,190.803,24.1
2026-04-24 10:26:52,6289,0,1,2.578,0.0,6.32,1.416,0.283,10.903,25.828
2026-04-24 10:26:52,6290,0,1,2.033,0.0,7.923,1.841,0.421,12.776,27.117
2026-04-24 10:26:52,6291,1,1,1.857,159.857,8.323,1.876,0.227,173.126,24.935
2026-04-24 10:26:52,6292,0,1,1.917,0.0,8.686,2.024,0.421,13.613,25.821
2026-04-24 10:26:52,6293,0,1,2.745,0.0,6.109,1.085,0.44,10.897,26.514
2026-04-24 10:26:52,6294,1,1,1.877,165.295,6.606,1.045,0.216,176.188,24.375
2026-04-24 10:26:52,6295,0,1,2.627,0.0,8.093,1.811,0.572,13.547,25.641
2026-04-24 10:26:52,6296,0,1,8.638,0.0,8.248,1.824,0.4,19.662,26.31
2026-04-24 10:26:52,6297,1,1,9.126,166.219,7.737,1.716,0.347,186.23,24.185
2026-04-24 10:26:52,6298,0,1,7.414,0.0,5.778,1.067,0.243,15.098,25.205
2026-04-24 10:26:53,6299,0,1,1.85,0.0,8.228,2.283,0.323,13.255,26.478
2026-04-24 10:26:53,6300,1,1,4.279,254.048,5.834,1.838,0.429,267.528,24.183
2026-04-24 10:26:53,6301,0,1,1.891,0.0,7.48,1.885,0.457,12.036,25.073
2026-04-24 10:26:53,6302,0,1,2.401,0.0,8.356,1.704,0.405,13.369,25.963
2026-04-24 10:26:53,6303,1,1,1.89,165.376,6.403,1.353,0.389,176.602,23.88
2026-04-24 10:26:53,6304,0,1,1.961,0.0,7.234,1.514,0.234,11.283,25.569
2026-04-24 10:26:53,6305,0,1,2.542,0.0,6.938,1.987,0.374,12.345,26.649
2026-04-24 10:26:53,6306,1,1,3.196,163.1,8.423,1.634,0.258,177.612,24.501
2026-04-24 10:26:53,6307,0,1,1.866,0.0,5.553,1.335,0.353,9.619,26.097
2026-04-24 10:26:53,6308,0,1,2.496,0.0,7.016,1.025,0.361,11.361,27.873
2026-04-24 10:26:54,6309,1,1,8.798,153.813,7.399,1.838,0.219,173.144,25.62
2026-04-24 10:26:54,6310,0,1,1.521,0.0,6.937,1.889,0.471,11.374,27.279
2026-04-24 10:26:54,6311,0,1,1.879,0.0,6.749,0.877,0.379,10.52,27.976
2026-04-24 10:26:54,6312,1,1,5.383,185.722,5.904,1.16,0.204,199.185,25.652
2026-04-24 10:26:54,6313,0,1,2.49,0.0,8.064,1.882,0.423,13.453,26.805
2026-04-24 10:26:54,6314,0,1,2.565,0.0,7.214,1.855,0.429,12.599,27.329
2026-04-24 10:26:54,6315,1,1,2.167,172.029,7.511,1.876,0.421,184.921,25.091
2026-04-24 10:26:54,6316,0,1,2.209,0.0,7.531,1.087,0.411,11.707,26.108
2026-04-24 10:26:54,6317,0,1,2.289,0.0,7.546,1.067,0.225,11.47,26.998
2026-04-24 10:26:54,6318,1,1,6.835,245.174,8.0,1.876,0.447,263.541,24.666
2026-04-24 10:26:54,6319,0,1,2.636,0.0,8.381,1.902,0.451,13.802,25.716
2026-04-24 10:26:54,6320,0,1,2.008,0.0,8.31,1.868,0.458,13.199,26.804
2026-04-24 10:26:55,6321,1,1,2.448,169.375,7.248,1.988,0.571,182.527,24.618
2026-04-24 10:26:55,6322,0,1,7.596,0.0,6.384,1.458,0.404,16.348,25.74
2026-04-24 10:26:55,6323,0,1,2.038,0.0,7.137,1.209,0.261,10.924,26.699
2026-04-24 10:26:55,6324,1,1,2.363,164.676,7.728,1.879,0.404,178.264,24.553
2026-04-24 10:26:55,6325,0,1,2.14,0.0,6.368,1.888,0.348,11.266,25.371
2026-04-24 10:26:55,6326,0,1,1.927,0.0,8.001,1.95,0.444,12.758,25.45
2026-04-24 10:26:55,6327,1,1,1.816,157.085,7.899,1.857,0.39,170.084,23.436
2026-04-24 10:26:55,6328,0,1,2.091,0.0,7.951,1.49,0.327,12.355,24.788
2026-04-24 10:26:55,6329,0,1,1.892,0.0,7.919,1.82,0.513,12.703,25.55
2026-04-24 10:26:55,6330,1,1,2.196,162.96,7.192,1.811,0.414,175.768,23.505
2026-04-24 10:26:55,6331,0,1,2.243,0.0,8.267,1.025,0.221,12.276,24.525
2026-04-24 10:26:55,6332,0,1,2.678,0.0,7.284,2.047,0.382,12.972,25.179
2026-04-24 10:26:56,6333,1,1,3.187,162.842,6.617,0.922,0.215,174.972,23.17
2026-04-24 10:26:56,6334,0,1,2.64,0.0,7.962,1.876,0.451,13.53,24.32
2026-04-24 10:26:56,6335,0,1,2.226,0.0,6.704,1.396,0.372,11.202,25.101
2026-04-24 10:26:56,6336,1,1,2.015,164.539,5.531,1.282,0.422,174.755,23.08
2026-04-24 10:26:56,6337,0,1,1.582,0.0,7.79,1.262,0.346,11.257,24.829
2026-04-24 10:26:56,6338,0,1,1.793,0.0,8.142,2.041,0.475,12.96,26.203
2026-04-24 10:26:56,6339,1,1,2.596,163.811,5.256,0.877,0.205,173.776,24.098
2026-04-24 10:26:56,6340,0,1,1.792,0.0,7.181,1.896,0.413,11.847,24.362
2026-04-24 10:26:56,6341,0,1,6.647,0.0,5.594,1.829,0.399,14.959,24.838
2026-04-24 10:26:56,6342,1,1,11.197,161.225,7.791,1.156,0.273,182.343,22.885
2026-04-24 10:26:56,6343,0,1,2.542,0.0,6.083,1.299,0.3,10.578,23.779
2026-04-24 10:26:56,6344,0,1,2.604,0.0,6.265,1.484,0.401,11.372,25.965
2026-04-24 10:26:57,6345,1,1,10.848,168.253,5.535,1.257,0.285,186.856,23.878
2026-04-24 10:26:57,6346,0,1,2.431,0.0,5.209,1.151,0.291,9.417,25.398
2026-04-24 10:26:57,6347,0,1,18.055,0.0,5.887,1.433,0.33,26.098,25.921
2026-04-24 10:26:57,6348,1,1,10.649,144.593,5.338,1.193,0.373,162.928,23.903
2026-04-24 10:26:57,6349,0,1,2.497,0.0,7.687,1.383,0.307,12.265,24.994
2026-04-24 10:26:57,6350,0,1,11.921,0.0,6.821,1.41,0.447,21.848,26.721
2026-04-24 10:26:57,6351,1,1,7.927,231.241,6.403,1.309,0.316,248.217,24.442
2026-04-24 10:26:57,6352,0,1,7.956,0.0,5.601,1.163,0.293,15.337,26.854
2026-04-24 10:26:57,6353,0,1,10.382,0.0,5.327,1.281,0.284,17.665,27.997
2026-04-24 10:26:57,6354,1,1,3.914,140.363,5.219,1.101,0.242,151.552,25.828
2026-04-24 10:26:57,6355,0,1,2.839,0.0,5.003,1.214,0.318,9.881,27.409
2026-04-24 10:26:57,6356,0,1,3.149,0.0,5.95,1.112,0.295,10.884,29.584
2026-04-24 10:26:58,6357,1,1,2.515,148.354,6.075,1.252,0.297,159.386,27.21
2026-04-24 10:26:58,6358,0,1,9.285,0.0,5.78,1.12,0.275,16.917,29.452
2026-04-24 10:26:58,6359,0,1,8.853,0.0,7.076,1.385,0.346,18.011,30.01
2026-04-24 10:26:58,6360,1,1,2.457,141.103,5.18,1.178,0.261,150.875,27.612
2026-04-24 10:26:58,6361,0,1,2.536,0.0,6.869,1.399,0.534,11.726,29.632
2026-04-24 10:26:58,6362,0,1,2.471,0.0,6.302,1.294,0.33,10.878,30.274
2026-04-24 10:26:58,6363,1,1,2.566,188.805,5.144,1.347,0.401,199.259,27.711
2026-04-24 10:26:58,6364,0,1,11.981,0.0,6.484,1.138,0.329,20.284,29.853
2026-04-24 10:26:58,6365,0,1,8.018,0.0,5.057,1.132,0.265,14.854,30.96
2026-04-24 10:26:58,6366,1,1,2.549,212.919,6.772,2.053,0.317,225.716,28.278
2026-04-24 10:26:58,6367,0,1,1.531,0.0,5.486,1.139,0.288,8.923,29.097
2026-04-24 10:26:58,6368,0,1,1.744,0.0,6.695,1.37,0.489,10.832,30.07
2026-04-24 10:26:59,6369,1,1,1.792,165.806,6.477,1.047,0.267,176.29,27.581
2026-04-24 10:26:59,6370,0,1,2.183,0.0,6.889,1.322,0.399,11.106,28.56
2026-04-24 10:26:59,6371,0,1,1.532,0.0,5.706,1.166,0.356,9.257,28.682
2026-04-24 10:26:59,6372,1,1,1.777,305.929,5.977,1.362,0.309,316.363,26.113
2026-04-24 10:26:59,6373,0,1,4.624,0.0,8.049,1.582,0.309,14.868,26.859
2026-04-24 10:26:59,6374,0,1,3.11,0.0,7.457,1.402,0.336,12.594,30.29
2026-04-24 10:26:59,6375,1,1,47.322,323.901,6.667,1.343,0.357,380.625,27.52
2026-04-24 10:27:00,6376,0,1,1.723,0.0,7.8,1.39,0.345,11.655,28.452
2026-04-24 10:27:00,6377,0,1,2.229,0.0,19.306,1.692,0.519,24.237,29.072
2026-04-24 10:27:00,6378,1,1,1.632,242.548,7.7,1.801,0.313,254.882,26.537
2026-04-24 10:27:00,6379,0,1,1.627,0.0,8.01,1.87,0.236,12.596,27.459
2026-04-24 10:27:00,6380,0,1,8.678,0.0,7.693,1.877,0.444,19.202,28.092
2026-04-24 10:27:00,6381,1,1,2.052,195.158,6.985,1.128,0.226,206.723,25.726
2026-04-24 10:27:00,6382,0,1,2.867,0.0,7.404,2.015,0.432,13.426,26.678
2026-04-24 10:27:00,6383,0,1,2.037,0.0,5.337,1.288,0.487,9.667,27.232
2026-04-24 10:27:00,6384,1,1,1.696,178.128,5.792,1.713,0.415,188.695,25.004
2026-04-24 10:27:00,6385,0,1,1.608,0.0,7.108,1.785,0.616,11.615,26.352
2026-04-24 10:27:00,6386,0,1,1.932,0.0,8.014,1.093,0.289,11.864,27.293
2026-04-24 10:27:01,6387,1,1,2.195,201.385,8.33,2.116,0.449,215.676,24.996
2026-04-24 10:27:01,6388,0,1,7.031,0.0,8.993,1.48,0.384,18.264,25.711
2026-04-24 10:27:01,6389,0,1,1.757,0.0,5.432,1.699,0.479,9.874,27.257
2026-04-24 10:27:01,6390,1,1,1.852,273.006,6.659,1.866,0.45,284.883,24.864
2026-04-24 10:27:01,6391,0,1,2.057,0.0,6.619,2.218,0.649,12.03,25.973
2026-04-24 10:27:01,6392,0,1,18.664,0.0,7.407,2.181,0.338,29.145,26.335
2026-04-24 10:27:01,6393,1,1,1.804,201.408,7.919,1.854,0.45,214.472,24.133
2026-04-24 10:27:01,6394,0,1,2.147,0.0,9.183,2.06,0.393,14.323,24.838
2026-04-24 10:27:01,6395,0,1,2.861,0.0,8.6,1.794,0.429,14.168,25.56
2026-04-24 10:27:02,6396,1,1,7.587,196.315,7.444,1.771,0.397,214.784,23.434
2026-04-24 10:27:02,6397,0,1,2.382,0.0,7.39,1.853,0.43,12.564,24.359
2026-04-24 10:27:02,6398,0,1,2.018,0.0,8.72,2.039,0.498,13.788,25.188
2026-04-24 10:27:02,6399,1,1,2.685,171.061,7.713,1.859,0.42,184.957,23.163
2026-04-24 10:27:02,6400,0,1,2.132,0.0,7.727,1.914,0.449,12.732,24.169
2026-04-24 10:27:02,6401,0,1,1.625,0.0,8.29,1.977,0.423,12.815,25.119
2026-04-24 10:27:02,6402,1,1,2.021,177.948,8.126,1.859,0.416,191.539,23.085
2026-04-24 10:27:02,6403,0,1,1.934,0.0,8.387,1.85,0.429,13.121,24.018
2026-04-24 10:27:02,6404,0,1,1.706,0.0,7.541,1.497,0.459,11.673,25.671
2026-04-24 10:27:02,6405,1,1,2.962,191.936,7.986,2.084,0.406,206.498,23.55
2026-04-24 10:27:02,6406,0,1,2.185,0.0,7.596,1.167,0.457,11.817,24.579
2026-04-24 10:27:02,6407,0,1,8.034,0.0,7.342,1.787,0.262,17.911,25.447
2026-04-24 10:27:03,6408,1,1,1.911,195.44,8.06,1.201,0.358,207.941,23.346
2026-04-24 10:27:03,6409,0,1,2.067,0.0,7.341,2.053,0.421,12.43,24.593
2026-04-24 10:27:03,6410,0,1,40.849,0.0,8.441,2.182,0.437,52.431,23.571
2026-04-24 10:27:03,6411,1,1,2.282,223.717,7.371,1.307,0.25,235.823,21.603
2026-04-24 10:27:03,6412,0,1,6.766,0.0,7.581,1.838,0.41,17.068,23.423
2026-04-24 10:27:03,6413,0,1,1.926,0.0,4.817,1.652,0.435,9.587,25.246
2026-04-24 10:27:03,6414,1,1,2.139,232.845,6.397,2.011,0.447,244.978,23.085
2026-04-24 10:27:03,6415,0,1,1.704,0.0,5.273,1.094,0.292,8.889,24.237
2026-04-24 10:27:03,6416,0,1,1.747,0.0,7.79,1.866,0.444,12.374,25.772
2026-04-24 10:27:04,6417,1,1,12.113,347.508,7.412,1.912,0.404,370.435,23.448
2026-04-24 10:27:04,6418,0,1,1.968,0.0,8.031,1.129,0.265,11.918,24.763
2026-04-24 10:27:04,6419,0,1,4.591,0.0,8.102,0.972,0.218,14.422,25.849
2026-04-24 10:27:04,6420,1,1,2.019,173.821,7.915,1.587,0.426,186.956,23.752
2026-04-24 10:27:04,6421,0,1,1.569,0.0,7.915,1.92,0.49,12.417,24.718
2026-04-24 10:27:04,6422,0,1,2.729,0.0,6.914,0.952,0.339,11.651,25.763
2026-04-24 10:27:04,6423,1,1,1.782,175.751,5.642,1.858,0.437,186.566,23.679
2026-04-24 10:27:04,6424,0,1,2.659,0.0,6.335,2.126,0.42,12.048,24.935
2026-04-24 10:27:04,6425,0,1,2.384,0.0,5.968,2.055,0.503,11.447,25.244
2026-04-24 10:27:05,6426,1,1,1.909,175.132,5.75,1.835,0.45,186.112,23.21
2026-04-24 10:27:05,6427,0,1,2.532,0.0,6.722,0.907,0.321,10.983,24.658
2026-04-24 10:27:05,6428,0,1,15.503,0.0,8.96,2.176,0.553,27.714,24.593
2026-04-24 10:27:05,6429,1,1,1.706,161.925,6.049,0.917,0.221,171.746,22.653
2026-04-24 10:27:05,6430,0,1,1.967,0.0,8.191,1.979,0.261,12.949,23.987
2026-04-24 10:27:05,6431,0,1,2.185,0.0,8.504,1.826,0.498,13.554,24.833
2026-04-24 10:27:05,6432,1,1,1.803,185.159,8.769,1.944,0.309,199.034,22.811
2026-04-24 10:27:05,6433,0,1,4.662,0.0,8.467,1.962,0.442,16.057,23.798
2026-04-24 10:27:05,6434,0,1,2.076,0.0,6.94,2.169,0.46,12.17,24.658
2026-04-24 10:27:05,6435,1,1,2.588,183.027,7.217,0.945,0.409,195.372,22.659
2026-04-24 10:27:05,6436,0,1,2.186,0.0,8.995,1.245,0.297,13.178,23.909
2026-04-24 10:27:05,6437,0,1,1.589,0.0,8.106,2.263,0.553,13.195,24.79
2026-04-24 10:27:06,6438,1,1,3.63,177.241,7.718,1.674,0.493,191.856,22.789
2026-04-24 10:27:06,6439,0,1,2.2,0.0,7.538,1.068,0.272,11.542,24.089
2026-04-24 10:27:06,6440,0,1,2.405,0.0,8.52,1.631,0.272,13.321,25.126
2026-04-24 10:27:06,6441,1,1,1.527,166.13,7.507,2.064,0.479,178.9,23.116
2026-04-24 10:27:06,6442,0,1,2.369,0.0,7.793,1.492,0.355,12.517,24.339
2026-04-24 10:27:06,6443,0,1,2.462,0.0,8.127,2.1,0.469,13.67,25.611
2026-04-24 10:27:06,6444,1,1,2.007,169.816,7.585,1.879,0.349,182.52,23.538
2026-04-24 10:27:06,6445,0,1,2.156,0.0,7.695,1.929,0.437,12.721,24.673
2026-04-24 10:27:06,6446,0,1,2.246,0.0,8.021,1.688,0.378,12.818,25.508
2026-04-24 10:27:06,6447,1,1,3.215,173.702,5.696,2.024,0.431,186.095,23.448
2026-04-24 10:27:06,6448,0,1,1.698,0.0,7.694,1.821,0.427,12.314,24.707
2026-04-24 10:27:07,6449,0,1,2.403,0.0,7.203,1.853,0.455,12.41,25.544
2026-04-24 10:27:07,6450,1,1,2.111,174.929,8.171,1.83,0.407,188.613,23.484
2026-04-24 10:27:07,6451,0,1,1.698,0.0,8.862,1.876,0.417,13.37,24.64
2026-04-24 10:27:07,6452,0,1,1.755,0.0,8.252,1.987,0.419,12.918,25.363
2026-04-24 10:27:07,6453,1,1,1.907,167.198,5.118,1.412,0.381,176.904,23.331
2026-04-24 10:27:07,6454,0,1,1.842,0.0,8.038,1.905,0.278,12.499,24.981
2026-04-24 10:27:07,6455,0,1,2.309,0.0,6.738,1.903,0.447,11.933,25.686
2026-04-24 10:27:07,6456,1,1,2.091,167.759,6.179,1.231,0.506,179.063,23.621
2026-04-24 10:27:07,6457,0,1,1.718,0.0,7.382,1.866,0.441,11.956,23.914
2026-04-24 10:27:07,6458,0,1,4.407,0.0,7.065,1.403,0.411,13.776,25.302
2026-04-24 10:27:08,6459,1,1,1.583,246.985,6.886,1.32,0.419,258.207,23.135
2026-04-24 10:27:08,6460,0,1,3.668,0.0,7.877,0.972,0.246,13.336,24.429
2026-04-24 10:27:08,6461,0,1,1.94,0.0,7.081,1.268,0.471,11.262,25.681
2026-04-24 10:27:08,6462,1,1,2.892,197.351,6.396,1.799,0.345,209.527,23.552
2026-04-24 10:27:08,6463,0,1,1.761,0.0,7.694,1.551,0.345,11.842,24.847
2026-04-24 10:27:08,6464,0,1,1.929,0.0,7.66,1.71,0.289,12.068,26.035
2026-04-24 10:27:08,6465,1,1,2.047,195.572,7.913,1.899,0.485,209.08,23.868
2026-04-24 10:27:08,6466,0,1,16.36,0.0,6.046,1.568,0.332,24.814,24.821
2026-04-24 10:27:08,6467,0,1,1.782,0.0,7.109,1.134,0.475,11.001,25.777
2026-04-24 10:27:08,6468,1,1,1.951,209.403,6.78,1.357,0.36,220.889,23.62
2026-04-24 10:27:08,6469,0,1,2.248,0.0,6.541,1.385,0.328,11.003,25.383
2026-04-24 10:27:08,6470,0,1,1.852,0.0,5.461,1.872,0.403,10.056,26.587
2026-04-24 10:27:09,6471,1,1,1.661,215.949,7.256,1.907,0.43,228.349,24.341
2026-04-24 10:27:09,6472,0,1,2.319,0.0,6.296,1.642,0.348,11.159,26.082
2026-04-24 10:27:09,6473,0,1,2.358,0.0,6.329,1.697,0.251,11.132,25.765
2026-04-24 10:27:09,6474,1,1,6.903,203.831,6.961,1.755,0.388,220.965,23.624
2026-04-24 10:27:09,6475,0,1,2.518,0.0,8.779,2.734,0.309,14.875,24.775
2026-04-24 10:27:09,6476,0,1,2.106,0.0,7.759,1.294,1.458,13.169,25.388
2026-04-24 10:27:09,6477,1,1,1.774,226.533,7.838,2.082,0.413,239.673,23.238
2026-04-24 10:27:09,6478,0,1,1.542,0.0,6.305,1.528,0.456,10.366,24.233
2026-04-24 10:27:09,6479,0,1,2.536,0.0,6.689,1.644,0.44,11.81,25.404
2026-04-24 10:27:10,6480,1,1,1.927,211.362,6.927,1.216,0.432,222.89,23.276
2026-04-24 10:27:10,6481,0,1,1.561,0.0,6.265,1.22,0.346,9.766,24.68
2026-04-24 10:27:10,6482,0,1,2.022,0.0,8.421,2.04,0.467,13.367,25.914
2026-04-24 10:27:10,6483,1,1,2.075,246.347,7.526,1.491,0.343,258.691,23.683
2026-04-24 10:27:10,6484,0,1,20.49,0.0,6.638,1.722,0.376,29.636,24.411
2026-04-24 10:27:10,6485,0,1,2.5,0.0,6.716,1.41,0.384,11.513,30.244
2026-04-24 10:27:11,6486,1,1,63.2,541.504,5.984,1.223,0.297,612.991,27.381
2026-04-24 10:27:11,6487,0,1,15.466,0.0,8.489,2.014,0.328,27.789,27.873
2026-04-24 10:27:11,6488,0,1,1.577,0.0,21.676,1.963,0.422,26.139,29.442
2026-04-24 10:27:11,6489,1,1,2.049,385.451,8.466,0.886,0.53,398.339,26.736
2026-04-24 10:27:11,6490,0,1,2.366,0.0,7.934,3.478,0.369,14.718,27.113
2026-04-24 10:27:11,6491,0,1,6.747,0.0,7.396,1.492,0.339,16.563,27.661
2026-04-24 10:27:12,6492,1,1,1.766,350.912,9.561,2.096,0.505,365.896,25.157
2026-04-24 10:27:12,6493,0,1,2.194,0.0,10.114,1.399,0.294,14.558,25.84
2026-04-24 10:27:12,6494,0,1,5.764,0.0,7.869,1.895,0.284,16.199,26.742
2026-04-24 10:27:12,6495,1,1,1.689,282.374,8.031,1.294,0.472,294.875,24.385
2026-04-24 10:27:12,6496,0,1,2.11,0.0,8.008,2.0,0.528,13.041,25.42
2026-04-24 10:27:12,6497,0,1,1.743,0.0,6.856,1.508,0.507,11.246,26.294
2026-04-24 10:27:12,6498,1,1,1.87,424.162,7.772,1.993,0.47,437.292,23.884
2026-04-24 10:27:12,6499,0,1,1.741,0.0,7.36,2.004,0.448,12.027,24.581
2026-04-24 10:27:13,6500,0,1,2.233,0.0,8.217,1.228,0.433,12.615,25.296
2026-04-24 10:27:13,6501,1,1,2.595,391.454,6.088,1.202,0.31,402.507,23.004
2026-04-24 10:27:13,6502,0,1,1.768,0.0,8.064,1.363,0.45,12.052,24.7
2026-04-24 10:27:13,6503,0,1,3.433,0.0,9.037,1.457,0.393,14.612,25.459
2026-04-24 10:27:13,6504,1,1,2.103,179.966,6.618,1.823,0.4,191.988,23.362
2026-04-24 10:27:13,6505,0,1,1.894,0.0,8.145,1.401,0.442,12.389,24.554
2026-04-24 10:27:13,6506,0,1,2.204,0.0,9.299,1.644,0.282,13.834,25.349
2026-04-24 10:27:14,6507,1,1,2.166,210.95,8.172,2.103,0.46,224.92,23.221
2026-04-24 10:27:14,6508,0,1,1.951,0.0,8.84,1.891,0.44,13.636,24.361
2026-04-24 10:27:14,6509,0,1,1.978,0.0,9.812,2.017,0.486,15.005,23.932
2026-04-24 10:27:14,6510,1,1,2.112,195.361,7.556,2.013,0.446,208.643,21.986
2026-04-24 10:27:14,6511,0,1,1.874,0.0,8.775,1.354,0.235,12.756,22.92
2026-04-24 10:27:14,6512,0,1,2.142,0.0,8.051,2.004,0.437,13.202,23.605
2026-04-24 10:27:14,6513,1,1,3.836,208.277,8.063,1.999,0.469,223.576,21.665
2026-04-24 10:27:14,6514,0,1,2.067,0.0,8.406,1.488,0.296,12.779,22.704
2026-04-24 10:27:14,6515,0,1,1.807,0.0,6.75,1.391,0.331,10.712,24.044
2026-04-24 10:27:14,6516,1,1,1.82,213.733,7.558,1.864,0.429,226.46,22.055
2026-04-24 10:27:14,6517,0,1,2.251,0.0,9.436,2.162,0.474,14.833,21.854
2026-04-24 10:27:15,6518,0,1,2.115,0.0,8.564,2.108,0.444,13.612,22.967
2026-04-24 10:27:15,6519,1,1,2.47,333.215,7.855,1.864,0.444,346.909,20.946
2026-04-24 10:27:15,6520,0,1,2.703,0.0,7.974,1.176,0.48,12.892,22.409
2026-04-24 10:27:15,6521,0,1,7.193,0.0,8.157,1.271,0.241,17.302,23.535
2026-04-24 10:27:15,6522,1,1,2.173,194.551,7.977,2.141,0.472,208.165,21.618
2026-04-24 10:27:15,6523,0,1,1.754,0.0,7.641,1.694,0.353,11.822,22.887
2026-04-24 10:27:15,6524,0,1,2.026,0.0,7.919,1.597,0.22,12.113,23.917
2026-04-24 10:27:15,6525,1,1,2.101,183.046,8.176,1.211,0.261,195.876,21.975
2026-04-24 10:27:15,6526,0,1,2.451,0.0,7.792,1.884,0.537,13.128,21.828
2026-04-24 10:27:16,6527,0,1,2.615,0.0,7.967,1.909,0.52,13.436,22.74
2026-04-24 10:27:16,6528,1,1,2.22,188.413,8.169,1.815,0.415,202.27,20.912
2026-04-24 10:27:16,6529,0,1,1.814,0.0,8.385,1.925,0.445,13.297,21.926
2026-04-24 10:27:16,6530,0,1,2.95,0.0,8.745,1.996,0.474,14.686,22.581
2026-04-24 10:27:16,6531,1,1,2.232,200.883,7.466,0.841,0.237,212.703,20.753
2026-04-24 10:27:16,6532,0,1,3.501,0.0,9.337,1.894,0.429,15.676,21.963
2026-04-24 10:27:16,6533,0,1,1.682,0.0,8.587,1.83,0.422,13.069,22.809
2026-04-24 10:27:16,6534,1,1,2.293,186.312,7.777,1.825,0.392,199.635,20.959
2026-04-24 10:27:16,6535,0,1,2.122,0.0,7.836,2.054,0.421,12.927,22.211
2026-04-24 10:27:16,6536,0,1,1.828,0.0,9.354,1.827,0.422,13.964,23.293
2026-04-24 10:27:17,6537,1,1,1.916,163.17,5.914,1.624,0.402,174.06,21.474
2026-04-24 10:27:17,6538,0,1,1.927,0.0,8.483,2.051,0.538,13.534,22.992
2026-04-24 10:27:17,6539,0,1,1.608,0.0,6.128,0.977,0.255,9.481,23.801
2026-04-24 10:27:17,6540,1,1,1.742,166.598,8.394,1.645,0.281,179.571,21.936
2026-04-24 10:27:17,6541,0,1,1.755,0.0,7.462,1.9,0.423,11.938,23.613
2026-04-24 10:27:17,6542,0,1,1.596,0.0,6.722,1.435,0.277,10.576,24.855
2026-04-24 10:27:17,6543,1,1,2.12,172.457,7.418,0.925,0.257,184.47,22.873
2026-04-24 10:27:17,6544,0,1,2.361,0.0,8.858,1.802,0.41,13.984,24.425
2026-04-24 10:27:17,6545,0,1,6.22,0.0,5.843,0.954,0.223,13.679,25.336
2026-04-24 10:27:17,6546,1,1,8.882,172.478,7.528,1.907,0.206,191.807,23.3
2026-04-24 10:27:17,6547,0,1,2.105,0.0,8.017,1.64,0.429,12.774,24.1
2026-04-24 10:27:17,6548,0,1,2.128,0.0,6.272,1.933,0.431,11.256,25.016
2026-04-24 10:27:18,6549,1,1,2.55,183.0,5.854,1.523,0.236,193.943,22.98
2026-04-24 10:27:18,6550,0,1,3.218,0.0,7.84,1.287,0.446,13.375,23.901
2026-04-24 10:27:18,6551,0,1,1.905,0.0,7.879,1.36,0.362,11.98,24.991
2026-04-24 10:27:18,6552,1,1,2.08,170.098,5.682,1.336,0.248,180.409,22.987
2026-04-24 10:27:18,6553,0,1,2.29,0.0,8.133,1.93,0.412,13.314,25.086
2026-04-24 10:27:18,6554,0,1,5.16,0.0,7.9,1.206,0.441,15.291,25.633
2026-04-24 10:27:18,6555,1,1,6.017,158.833,7.617,1.434,0.317,175.393,23.59
2026-04-24 10:27:18,6556,0,1,2.223,0.0,8.057,1.811,0.458,12.94,24.875
2026-04-24 10:27:18,6557,0,1,2.152,0.0,7.584,1.186,0.287,11.731,25.025
2026-04-24 10:27:18,6558,1,1,1.938,163.786,5.421,1.012,0.27,173.483,23.033
2026-04-24 10:27:18,6559,0,1,1.683,0.0,6.331,1.112,0.233,9.679,24.487
2026-04-24 10:27:18,6560,0,1,2.049,0.0,8.127,1.484,0.359,12.456,25.845
2026-04-24 10:27:19,6561,1,1,1.694,163.269,7.706,1.867,0.435,176.05,23.782
2026-04-24 10:27:19,6562,0,1,2.562,0.0,7.667,1.847,0.429,13.026,24.481
2026-04-24 10:27:19,6563,0,1,1.957,0.0,8.335,1.947,0.425,13.185,24.991
2026-04-24 10:27:19,6564,1,1,2.153,158.51,8.497,1.822,0.399,172.591,23.011
2026-04-24 10:27:19,6565,0,1,7.418,0.0,7.954,1.82,0.429,18.139,24.251
2026-04-24 10:27:19,6566,0,1,2.554,0.0,7.609,1.856,0.425,12.918,24.822
2026-04-24 10:27:19,6567,1,1,1.939,204.446,7.207,1.425,0.429,216.355,22.763
2026-04-24 10:27:19,6568,0,1,3.093,0.0,4.643,2.17,0.5,10.77,24.151
2026-04-24 10:27:19,6569,0,1,1.819,0.0,6.716,1.84,0.531,11.383,25.417
2026-04-24 10:27:19,6570,1,1,1.586,173.011,8.458,1.941,0.409,186.525,23.371
2026-04-24 10:27:19,6571,0,1,2.412,0.0,7.025,1.421,0.234,11.594,24.149
2026-04-24 10:27:20,6572,0,1,2.346,0.0,7.454,1.637,0.411,12.377,25.165
2026-04-24 10:27:20,6573,1,1,2.207,172.392,6.984,1.793,0.257,184.773,23.134
2026-04-24 10:27:20,6574,0,1,2.476,0.0,7.937,1.88,0.48,13.35,23.995
2026-04-24 10:27:20,6575,0,1,1.925,0.0,7.835,1.811,0.412,12.557,24.871
2026-04-24 10:27:20,6576,1,1,2.493,158.143,6.84,1.385,0.31,170.309,22.919
2026-04-24 10:27:20,6577,0,1,3.137,0.0,7.686,1.399,0.409,12.986,24.082
2026-04-24 10:27:20,6578,0,1,2.588,0.0,8.439,1.878,0.433,13.897,25.181
2026-04-24 10:27:20,6579,1,1,2.59,155.86,7.555,1.341,0.302,168.637,23.188
2026-04-24 10:27:20,6580,0,1,1.669,0.0,6.835,1.679,0.331,10.893,24.605
2026-04-24 10:27:20,6581,0,1,1.808,0.0,7.367,1.771,0.461,11.915,25.71
2026-04-24 10:27:20,6582,1,1,3.076,162.45,6.641,1.471,0.205,174.895,23.655
2026-04-24 10:27:20,6583,0,1,1.959,0.0,8.062,1.498,0.476,12.411,24.999
2026-04-24 10:27:21,6584,0,1,3.297,0.0,8.763,1.701,0.24,14.559,25.879
2026-04-24 10:27:21,6585,1,1,1.923,187.428,4.811,1.379,0.22,196.66,23.729
2026-04-24 10:27:21,6586,0,1,2.272,0.0,15.739,1.701,0.224,20.465,25.111
2026-04-24 10:27:21,6587,0,1,1.794,0.0,7.953,1.689,0.43,12.294,25.222
2026-04-24 10:27:21,6588,1,1,1.731,173.346,6.115,1.424,0.354,183.794,23.19
2026-04-24 10:27:21,6589,0,1,1.496,0.0,6.341,1.376,0.328,9.934,24.94
2026-04-24 10:27:21,6590,0,1,3.212,0.0,6.879,1.542,0.363,12.514,26.576
2026-04-24 10:27:21,6591,1,1,1.998,201.178,8.131,1.824,0.411,214.605,24.354
2026-04-24 10:27:21,6592,0,1,1.643,0.0,7.205,1.334,0.313,10.849,25.238
2026-04-24 10:27:21,6593,0,1,3.09,0.0,7.332,1.283,0.322,12.371,26.493
2026-04-24 10:27:22,6594,1,1,7.42,191.656,7.706,1.801,0.369,209.708,24.297
2026-04-24 10:27:22,6595,0,1,2.297,0.0,8.179,1.822,0.466,13.218,25.505
2026-04-24 10:27:22,6596,0,1,2.648,0.0,8.077,2.116,0.474,13.967,26.197
2026-04-24 10:27:22,6597,1,1,1.649,180.288,7.97,1.913,0.393,193.205,24.029
2026-04-24 10:27:22,6598,0,1,2.537,0.0,9.993,2.621,0.397,16.325,23.895
2026-04-24 10:27:22,6599,0,1,1.755,0.0,6.623,1.103,0.258,10.127,24.698
2026-04-24 10:27:22,6600,1,1,2.169,172.715,7.728,1.811,0.522,185.866,22.726
2026-04-24 10:27:22,6601,0,1,1.768,0.0,7.814,1.892,0.425,12.434,22.47
2026-04-24 10:27:22,6602,0,1,1.916,0.0,38.381,1.149,0.35,42.23,21.55
2026-04-24 10:27:22,6603,1,1,2.492,213.636,8.079,1.823,0.469,227.575,19.833
2026-04-24 10:27:23,6604,0,1,2.237,0.0,6.551,1.834,0.414,11.58,21.116
2026-04-24 10:27:23,6605,0,1,2.292,0.0,7.909,1.836,0.341,12.928,21.331
2026-04-24 10:27:23,6606,1,1,2.688,156.897,6.884,1.083,0.372,168.962,19.733
2026-04-24 10:27:23,6607,0,1,1.818,0.0,5.724,1.416,0.309,9.778,21.948
2026-04-24 10:27:23,6608,0,1,2.493,0.0,7.861,1.247,0.283,12.376,22.699
2026-04-24 10:27:23,6609,1,1,2.236,163.125,7.672,1.869,0.43,176.516,20.942
2026-04-24 10:27:23,6610,0,1,2.427,0.0,5.24,1.324,0.343,9.729,22.44
2026-04-24 10:27:23,6611,0,1,1.829,0.0,7.788,1.999,0.45,12.7,23.831
2026-04-24 10:27:23,6612,1,1,1.785,167.914,6.838,1.47,0.394,179.432,21.954
2026-04-24 10:27:23,6613,0,1,3.261,0.0,7.428,1.182,0.333,12.696,23.503
2026-04-24 10:27:23,6614,0,1,2.675,0.0,7.82,2.125,0.267,13.258,24.746
2026-04-24 10:27:24,6615,1,1,1.915,165.981,5.897,1.114,0.344,175.978,22.785
2026-04-24 10:27:24,6616,0,1,2.399,0.0,7.58,1.59,0.425,12.544,24.171
2026-04-24 10:27:24,6617,0,1,1.952,0.0,8.073,1.841,0.585,12.938,25.508
2026-04-24 10:27:24,6618,1,1,2.474,168.809,7.533,1.153,0.251,181.306,23.449
2026-04-24 10:27:24,6619,0,1,1.639,0.0,5.504,0.955,0.235,8.81,24.895
2026-04-24 10:27:24,6620,0,1,1.597,0.0,6.995,1.261,0.286,10.478,26.268
2026-04-24 10:27:24,6621,1,1,1.967,155.622,7.994,1.35,0.507,168.54,24.195
2026-04-24 10:27:24,6622,0,1,2.427,0.0,7.511,1.501,0.479,12.467,25.258
2026-04-24 10:27:24,6623,0,1,1.751,0.0,7.739,1.881,0.429,12.356,25.898
2026-04-24 10:27:24,6624,1,1,1.652,159.912,6.245,1.676,0.411,170.955,23.836
2026-04-24 10:27:24,6625,0,1,1.701,0.0,5.91,1.428,0.253,9.636,25.383
2026-04-24 10:27:24,6626,0,1,1.708,0.0,8.171,1.703,0.29,12.439,26.44
2026-04-24 10:27:25,6627,1,1,2.374,199.788,7.754,1.577,0.366,212.931,24.23
2026-04-24 10:27:25,6628,0,1,15.516,0.0,7.335,1.287,0.244,24.874,25.334
2026-04-24 10:27:25,6629,0,1,2.716,0.0,6.783,1.822,0.432,12.318,26.163
2026-04-24 10:27:25,6630,1,1,1.645,175.475,4.897,1.476,0.405,185.136,24.039
2026-04-24 10:27:25,6631,0,1,2.339,0.0,7.224,1.845,0.416,12.367,25.732
2026-04-24 10:27:25,6632,0,1,2.314,0.0,8.166,1.814,0.414,13.275,25.9
2026-04-24 10:27:25,6633,1,1,1.801,159.776,6.299,1.386,0.315,170.681,23.832
2026-04-24 10:27:25,6634,0,1,2.216,0.0,7.92,1.969,0.428,13.099,25.039
2026-04-24 10:27:25,6635,0,1,2.442,0.0,6.567,1.989,0.419,11.968,25.94
2026-04-24 10:27:25,6636,1,1,3.097,160.88,7.706,1.802,0.192,174.784,23.87
2026-04-24 10:27:25,6637,0,1,2.11,0.0,6.517,2.123,0.331,11.586,24.664
2026-04-24 10:27:25,6638,0,1,2.572,0.0,7.227,1.816,0.392,12.53,25.312
2026-04-24 10:27:26,6639,1,1,2.624,169.19,7.046,1.445,0.258,181.627,23.278
2026-04-24 10:27:26,6640,0,1,14.113,0.0,7.138,1.419,0.38,23.486,22.98
2026-04-24 10:27:26,6641,0,1,2.48,0.0,6.845,1.361,0.363,11.481,29.075
2026-04-24 10:27:26,6642,1,1,2.513,218.984,6.506,1.446,0.308,230.931,26.59
2026-04-24 10:27:26,6643,0,1,2.233,0.0,7.747,1.893,0.279,12.51,27.621
2026-04-24 10:27:26,6644,0,1,2.634,0.0,8.178,1.359,0.431,13.2,28.03
2026-04-24 10:27:26,6645,1,1,2.404,164.634,6.268,1.333,0.201,175.765,25.731
2026-04-24 10:27:26,6646,0,1,2.299,0.0,8.238,1.836,0.428,13.386,26.478
2026-04-24 10:27:26,6647,0,1,4.574,0.0,7.536,1.84,0.417,14.898,26.998
2026-04-24 10:27:26,6648,1,1,9.145,157.698,8.035,1.901,0.402,178.372,24.825
2026-04-24 10:27:26,6649,0,1,2.129,0.0,8.411,1.987,0.409,13.493,25.626
2026-04-24 10:27:26,6650,0,1,2.931,0.0,7.491,1.29,0.263,12.331,26.5
2026-04-24 10:27:27,6651,1,1,1.827,156.722,7.974,1.808,0.379,169.839,24.389
2026-04-24 10:27:27,6652,0,1,3.078,0.0,8.357,1.871,0.515,14.187,25.587
2026-04-24 10:27:27,6653,0,1,2.153,0.0,8.454,1.842,0.419,13.453,26.155
2026-04-24 10:27:27,6654,1,1,1.868,161.592,7.281,1.858,0.398,174.25,24.058
2026-04-24 10:27:27,6655,0,1,2.121,0.0,8.222,1.847,0.464,13.195,25.09
2026-04-24 10:27:27,6656,0,1,5.746,0.0,5.723,1.467,0.419,13.772,27.393
2026-04-24 10:27:27,6657,1,1,1.769,159.628,8.155,1.814,0.377,172.86,25.171
2026-04-24 10:27:27,6658,0,1,6.647,0.0,5.701,1.91,0.42,15.255,26.584
2026-04-24 10:27:27,6659,0,1,11.322,0.0,22.389,1.919,0.425,36.596,26.692
2026-04-24 10:27:27,6660,1,1,1.617,159.869,7.841,1.918,0.223,172.686,24.503
2026-04-24 10:27:27,6661,0,1,2.235,0.0,8.413,1.914,0.424,13.553,25.817
2026-04-24 10:27:27,6662,0,1,2.749,0.0,7.934,1.933,0.43,13.67,26.49
2026-04-24 10:27:28,6663,1,1,2.174,158.604,8.077,1.621,0.416,172.102,24.361
2026-04-24 10:27:28,6664,0,1,2.078,0.0,7.283,1.467,0.246,11.445,25.924
2026-04-24 10:27:28,6665,0,1,2.712,0.0,7.529,0.997,0.295,12.093,26.019
2026-04-24 10:27:28,6666,1,1,2.625,152.858,7.894,1.813,0.388,166.759,23.977
2026-04-24 10:27:28,6667,0,1,2.414,0.0,8.06,1.92,0.408,13.341,25.474
2026-04-24 10:27:28,6668,0,1,2.05,0.0,7.669,1.821,0.755,12.666,26.222
2026-04-24 10:27:28,6669,1,1,2.094,157.291,5.654,1.333,0.309,167.707,24.127
2026-04-24 10:27:28,6670,0,1,2.697,0.0,5.621,1.404,0.327,10.557,25.232
2026-04-24 10:27:28,6671,0,1,3.99,0.0,6.223,2.179,0.514,13.391,26.799
2026-04-24 10:27:28,6672,1,1,3.478,194.462,6.34,1.935,0.417,207.482,24.567
2026-04-24 10:27:28,6673,0,1,2.275,0.0,9.022,2.211,0.547,14.722,25.107
2026-04-24 10:27:28,6674,0,1,2.079,0.0,7.084,1.689,0.325,11.696,25.663
2026-04-24 10:27:29,6675,1,1,1.693,165.667,6.971,1.645,0.452,177.524,23.608
2026-04-24 10:27:29,6676,0,1,2.305,0.0,8.451,2.024,0.415,13.747,24.573
2026-04-24 10:27:29,6677,0,1,2.204,0.0,8.406,1.882,0.586,13.676,25.298
2026-04-24 10:27:29,6678,1,1,2.692,158.685,7.361,1.872,0.42,172.086,23.286
2026-04-24 10:27:29,6679,0,1,2.656,0.0,8.097,1.822,0.408,13.719,23.985
2026-04-24 10:27:29,6680,0,1,1.974,0.0,8.445,1.916,0.482,13.35,24.889
2026-04-24 10:27:29,6681,1,1,1.809,158.546,7.988,1.821,0.391,171.75,22.92
2026-04-24 10:27:29,6682,0,1,2.153,0.0,7.85,1.851,0.42,12.861,23.669
2026-04-24 10:27:29,6683,0,1,2.363,0.0,7.883,1.846,0.414,13.008,24.541
2026-04-24 10:27:29,6684,1,1,2.263,157.566,8.603,1.829,0.401,171.813,22.605
2026-04-24 10:27:29,6685,0,1,1.794,0.0,8.56,1.882,0.427,13.212,23.571
2026-04-24 10:27:29,6686,0,1,2.194,0.0,7.899,2.116,0.446,13.299,25.006
2026-04-24 10:27:30,6687,1,1,2.024,157.988,8.19,1.831,0.385,171.591,23.037
2026-04-24 10:27:30,6688,0,1,2.131,0.0,7.666,2.081,0.408,12.846,24.721
2026-04-24 10:27:30,6689,0,1,1.665,0.0,7.709,1.956,0.426,12.323,25.249
2026-04-24 10:27:30,6690,1,1,2.727,153.724,6.404,1.353,0.317,165.789,23.278
2026-04-24 10:27:30,6691,0,1,1.781,0.0,7.756,1.725,0.412,12.296,25.036
2026-04-24 10:27:30,6692,0,1,2.758,0.0,7.854,1.5,0.421,13.099,25.483
2026-04-24 10:27:30,6693,1,1,2.064,246.805,8.503,1.916,0.399,260.826,23.291
2026-04-24 10:27:30,6694,0,1,1.666,0.0,7.136,1.333,0.417,11.1,24.846
2026-04-24 10:27:30,6695,0,1,1.731,0.0,7.17,1.343,0.341,11.111,25.937
2026-04-24 10:27:30,6696,1,1,1.641,152.473,7.164,1.506,0.431,164.348,23.897
2026-04-24 10:27:30,6697,0,1,1.753,0.0,7.642,1.863,0.435,12.203,24.9
2026-04-24 10:27:31,6698,0,1,1.804,0.0,7.375,1.105,0.271,11.039,25.939
2026-04-24 10:27:31,6699,1,1,8.496,172.271,7.691,1.723,0.4,191.659,23.847
2026-04-24 10:27:31,6700,0,1,1.843,0.0,7.423,1.81,0.424,12.067,24.973
2026-04-24 10:27:31,6701,0,1,1.967,0.0,8.11,1.815,0.6,13.041,25.63
2026-04-24 10:27:31,6702,1,1,1.631,165.019,6.529,1.837,0.451,176.495,23.582
2026-04-24 10:27:31,6703,0,1,2.717,0.0,7.458,1.824,0.219,12.539,24.534
2026-04-24 10:27:31,6704,0,1,1.896,0.0,7.735,1.595,0.465,12.07,25.519
2026-04-24 10:27:31,6705,1,1,1.763,159.563,9.078,1.927,0.415,173.954,23.473
2026-04-24 10:27:31,6706,0,1,1.786,0.0,8.566,1.864,0.42,13.208,24.333
2026-04-24 10:27:31,6707,0,1,2.682,0.0,6.745,1.301,0.318,11.528,25.212
2026-04-24 10:27:31,6708,1,1,2.193,159.799,7.843,0.983,0.281,172.358,23.22
2026-04-24 10:27:32,6709,0,1,6.275,0.0,7.801,1.178,0.226,15.974,25.158
2026-04-24 10:27:32,6710,0,1,25.774,0.0,6.519,1.349,0.347,34.509,24.504
2026-04-24 10:27:32,6711,1,1,5.001,162.143,6.723,1.856,0.386,176.975,22.573
2026-04-24 10:27:32,6712,0,1,2.196,0.0,8.133,1.4,0.341,12.59,23.867
2026-04-24 10:27:32,6713,0,1,2.589,0.0,6.689,1.761,0.336,11.948,24.919
2026-04-24 10:27:32,6714,1,1,2.07,156.556,5.461,1.308,0.223,166.547,22.972
2026-04-24 10:27:32,6715,0,1,1.886,0.0,7.79,1.403,0.341,11.987,24.367
2026-04-24 10:27:32,6716,0,1,1.874,0.0,5.898,1.875,0.428,10.759,25.487
2026-04-24 10:27:32,6717,1,1,1.817,153.059,24.711,1.539,0.389,182.66,23.462
2026-04-24 10:27:32,6718,0,1,2.076,0.0,7.935,2.058,0.578,13.021,23.413
2026-04-24 10:27:32,6719,0,1,2.303,0.0,7.685,2.006,0.436,12.907,24.734
2026-04-24 10:27:33,6720,1,1,1.806,162.44,6.861,1.738,0.368,174.19,22.771
2026-04-24 10:27:33,6721,0,1,2.044,0.0,6.764,1.904,0.533,11.944,24.072
2026-04-24 10:27:33,6722,0,1,1.996,0.0,6.944,1.647,0.424,11.549,24.989
2026-04-24 10:27:33,6723,1,1,2.198,165.924,7.911,1.86,0.396,179.271,23.0
2026-04-24 10:27:33,6724,0,1,1.767,0.0,6.467,0.869,0.217,9.906,24.524
2026-04-24 10:27:33,6725,0,1,7.11,0.0,7.419,1.766,0.275,17.077,26.141
2026-04-24 10:27:33,6726,1,1,2.087,168.74,6.331,1.575,0.424,180.16,24.045
2026-04-24 10:27:33,6727,0,1,1.984,0.0,7.034,1.336,0.321,11.183,24.458
2026-04-24 10:27:33,6728,0,1,2.223,0.0,6.545,1.893,0.428,11.658,25.735
2026-04-24 10:27:33,6729,1,1,3.246,154.041,7.306,1.756,0.22,167.616,23.708
2026-04-24 10:27:33,6730,0,1,8.432,0.0,6.412,1.243,0.287,16.804,24.993
2026-04-24 10:27:33,6731,0,1,5.291,0.0,5.789,0.872,0.412,12.834,27.022
2026-04-24 10:27:33,6732,1,1,2.068,169.733,5.711,1.124,0.279,179.931,24.838
2026-04-24 10:27:34,6733,0,1,2.652,0.0,8.25,1.928,0.415,13.75,25.671
2026-04-24 10:27:34,6734,0,1,10.21,0.0,7.628,2.013,0.48,20.941,25.846
2026-04-24 10:27:34,6735,1,1,4.304,169.805,7.455,2.018,0.423,184.9,23.755
2026-04-24 10:27:34,6736,0,1,1.797,0.0,5.592,1.041,0.212,9.145,24.643
2026-04-24 10:27:34,6737,0,1,1.591,0.0,8.247,1.742,0.408,12.539,25.785
2026-04-24 10:27:34,6738,1,1,1.724,173.172,6.566,1.128,0.423,184.144,23.695
2026-04-24 10:27:34,6739,0,1,1.785,0.0,7.966,1.392,0.454,12.186,25.579
2026-04-24 10:27:34,6740,0,1,1.875,0.0,8.155,1.215,0.266,11.857,26.457
2026-04-24 10:27:34,6741,1,1,2.74,169.511,6.726,1.814,0.401,181.985,24.316
2026-04-24 10:27:34,6742,0,1,2.709,0.0,7.621,1.401,0.42,12.715,25.293
2026-04-24 10:27:34,6743,0,1,2.386,0.0,7.575,1.345,0.293,11.929,25.852
2026-04-24 10:27:35,6744,1,1,32.442,219.487,8.336,1.379,0.323,263.252,23.642
2026-04-24 10:27:35,6745,0,1,1.913,0.0,6.973,1.853,0.421,11.711,25.031
2026-04-24 10:27:35,6746,0,1,3.189,0.0,6.428,1.422,0.334,11.881,26.01
2026-04-24 10:27:35,6747,1,1,2.07,171.097,8.677,2.147,0.498,185.565,23.91
2026-04-24 10:27:35,6748,0,1,3.166,0.0,7.254,1.05,0.239,12.208,24.695
2026-04-24 10:27:35,6749,0,1,2.623,0.0,7.716,1.939,0.377,13.145,25.901
2026-04-24 10:27:35,6750,1,1,1.868,173.279,7.443,1.724,0.258,185.573,23.803
2026-04-24 10:27:35,6751,0,1,2.404,0.0,6.739,1.206,0.3,11.043,24.767
2026-04-24 10:27:35,6752,0,1,2.159,0.0,7.34,1.821,0.419,12.268,25.744
2026-04-24 10:27:35,6753,1,1,2.524,159.573,6.88,1.65,0.35,172.02,23.698
2026-04-24 10:27:35,6754,0,1,2.17,0.0,7.027,1.822,0.419,11.974,24.768
2026-04-24 10:27:35,6755,0,1,3.229,0.0,8.1,1.972,0.438,14.29,25.651
2026-04-24 10:27:36,6756,1,1,2.482,156.293,7.676,1.685,0.322,169.586,23.622
2026-04-24 10:27:36,6757,0,1,2.421,0.0,8.155,1.272,0.423,12.765,24.571
2026-04-24 10:27:36,6758,0,1,2.664,0.0,8.214,2.006,0.462,13.948,25.16
2026-04-24 10:27:36,6759,1,1,2.176,157.797,6.353,1.852,0.521,169.666,23.173
2026-04-24 10:27:36,6760,0,1,1.973,0.0,7.047,1.543,0.576,11.623,24.432
2026-04-24 10:27:36,6761,0,1,1.679,0.0,7.713,10.874,0.335,26.917,29.326
2026-04-24 10:27:36,6762,1,1,18.79,159.431,7.734,1.954,0.398,189.563,26.876
2026-04-24 10:27:36,6763,0,1,2.346,0.0,8.13,1.839,0.409,13.283,27.51
2026-04-24 10:27:36,6764,0,1,1.87,0.0,7.931,2.081,0.478,12.944,27.693
2026-04-24 10:27:36,6765,1,1,2.071,161.488,7.288,1.554,0.422,173.825,25.446
2026-04-24 10:27:36,6766,0,1,2.033,0.0,8.719,1.532,0.259,12.87,26.017
2026-04-24 10:27:36,6767,0,1,2.293,0.0,8.871,1.918,0.442,14.048,26.553
2026-04-24 10:27:37,6768,1,1,1.909,161.654,6.792,1.834,0.405,173.792,24.421
2026-04-24 10:27:37,6769,0,1,3.174,0.0,8.526,0.955,0.3,13.553,24.943
2026-04-24 10:27:37,6770,0,1,2.292,0.0,8.023,1.888,0.446,13.202,25.884
2026-04-24 10:27:37,6771,1,1,1.99,158.69,7.847,1.822,0.382,171.869,23.821
2026-04-24 10:27:37,6772,0,1,2.031,0.0,7.915,1.796,0.405,12.739,24.475
2026-04-24 10:27:37,6773,0,1,2.146,0.0,7.875,1.82,0.418,12.816,25.8
2026-04-24 10:27:37,6774,1,1,2.253,156.732,7.835,1.815,0.437,170.055,23.75
2026-04-24 10:27:37,6775,0,1,2.074,0.0,6.073,0.985,0.318,9.842,24.736
2026-04-24 10:27:37,6776,0,1,1.788,0.0,7.794,2.091,0.425,12.674,25.709
2026-04-24 10:27:37,6777,1,1,1.738,165.89,8.442,1.526,0.218,178.959,23.651
2026-04-24 10:27:37,6778,0,1,1.936,0.0,7.47,1.551,0.228,11.499,24.756
2026-04-24 10:27:37,6779,0,1,2.135,0.0,4.838,1.221,0.305,8.957,25.659
2026-04-24 10:27:38,6780,1,1,2.146,409.284,7.969,1.942,0.273,422.538,23.321
2026-04-24 10:27:38,6781,0,1,2.043,0.0,7.475,1.085,0.317,11.537,24.713
2026-04-24 10:27:38,6782,0,1,35.163,0.0,4.951,1.637,0.403,42.635,24.058
2026-04-24 10:27:38,6783,1,1,10.334,217.886,8.314,1.912,0.444,239.768,22.05
2026-04-24 10:27:38,6784,0,1,1.813,0.0,5.995,1.958,0.417,10.703,23.033
2026-04-24 10:27:38,6785,0,1,2.203,0.0,8.041,1.589,0.329,12.724,24.358
2026-04-24 10:27:39,6786,1,1,1.686,214.743,8.031,1.98,0.483,227.771,22.332
2026-04-24 10:27:39,6787,0,1,4.976,0.0,7.804,1.51,0.3,15.072,23.831
2026-04-24 10:27:39,6788,0,1,6.759,0.0,6.205,1.35,0.368,15.252,25.36
2026-04-24 10:27:39,6789,1,1,7.259,194.13,10.212,1.832,0.365,215.038,23.27
2026-04-24 10:27:39,6790,0,1,4.768,0.0,7.461,1.801,0.422,15.114,24.594
2026-04-24 10:27:39,6791,0,1,1.703,0.0,8.337,0.988,0.249,11.779,25.478
2026-04-24 10:27:39,6792,1,1,1.772,169.494,7.423,1.902,0.435,182.062,23.437
2026-04-24 10:27:39,6793,0,1,2.22,0.0,6.504,0.966,0.227,10.463,24.525
2026-04-24 10:27:39,6794,0,1,1.828,0.0,8.59,1.307,0.286,13.241,25.782
2026-04-24 10:27:39,6795,1,1,1.505,193.375,8.589,1.897,0.423,206.933,23.652
2026-04-24 10:27:39,6796,0,1,1.984,0.0,5.897,1.833,0.455,10.755,24.852
2026-04-24 10:27:39,6797,0,1,2.232,0.0,7.97,1.658,0.49,12.837,25.892
2026-04-24 10:27:40,6798,1,1,1.814,186.439,8.456,1.844,0.406,199.982,23.77
2026-04-24 10:27:40,6799,0,1,1.965,0.0,7.052,1.502,0.299,11.302,24.927
2026-04-24 10:27:40,6800,0,1,1.585,0.0,6.176,1.327,0.387,10.13,26.359
2026-04-24 10:27:40,6801,1,1,2.344,294.442,6.697,1.506,0.345,306.418,24.034
2026-04-24 10:27:40,6802,0,1,2.593,0.0,8.533,1.298,0.3,13.216,25.321
2026-04-24 10:27:40,6803,0,1,4.276,0.0,7.003,1.935,0.44,14.13,26.698
2026-04-24 10:27:40,6804,1,1,1.573,196.813,8.27,1.891,0.435,210.27,24.471
2026-04-24 10:27:40,6805,0,1,1.995,0.0,6.616,1.346,0.34,10.823,25.439
2026-04-24 10:27:40,6806,0,1,1.922,0.0,5.145,1.368,0.336,9.347,27.176
2026-04-24 10:27:41,6807,1,1,1.549,189.318,8.245,1.328,0.463,201.78,24.915
2026-04-24 10:27:41,6808,0,1,1.985,0.0,7.147,1.285,0.433,11.346,25.863
2026-04-24 10:27:41,6809,0,1,1.768,0.0,8.101,1.18,0.389,11.972,26.636
2026-04-24 10:27:41,6810,1,1,2.04,310.617,8.442,1.584,0.437,324.003,24.268
2026-04-24 10:27:41,6811,0,1,2.07,0.0,6.571,1.26,0.4,10.939,24.406
2026-04-24 10:27:41,6812,0,1,2.344,0.0,7.67,1.885,0.423,12.813,25.842
2026-04-24 10:27:41,6813,1,1,1.509,204.772,8.045,1.942,0.396,217.768,23.688
2026-04-24 10:27:41,6814,0,1,1.605,0.0,8.043,1.697,0.401,12.24,24.951
2026-04-24 10:27:41,6815,0,1,4.917,0.0,8.997,1.539,0.428,16.351,25.961
2026-04-24 10:27:41,6816,1,1,1.946,182.031,7.975,1.506,0.269,194.635,23.84
2026-04-24 10:27:42,6817,0,1,2.066,0.0,5.67,1.757,0.325,10.358,25.613
2026-04-24 10:27:42,6818,0,1,2.119,0.0,8.321,1.108,0.258,12.278,26.94
2026-04-24 10:27:42,6819,1,1,2.028,164.107,7.909,1.909,0.405,177.142,24.752
2026-04-24 10:27:42,6820,0,1,2.035,0.0,5.61,1.19,0.314,9.737,25.654
2026-04-24 10:27:42,6821,0,1,2.164,0.0,5.351,1.041,0.28,9.31,26.931
2026-04-24 10:27:42,6822,1,1,1.587,177.537,6.214,1.738,0.408,188.799,24.728
2026-04-24 10:27:42,6823,0,1,2.22,0.0,6.898,1.774,0.409,11.804,26.153
2026-04-24 10:27:42,6824,0,1,2.391,0.0,7.161,1.274,0.397,11.846,26.805
2026-04-24 10:27:42,6825,1,1,2.797,230.297,8.385,1.89,0.415,244.741,24.509
2026-04-24 10:27:42,6826,0,1,1.799,0.0,6.471,1.405,0.514,10.686,25.568
2026-04-24 10:27:42,6827,0,1,2.933,0.0,7.063,1.186,0.255,11.959,26.708
2026-04-24 10:27:43,6828,1,1,23.513,199.188,7.659,1.396,0.347,233.078,24.44
2026-04-24 10:27:43,6829,0,1,2.13,0.0,7.087,1.206,0.316,12.465,25.992
2026-04-24 10:27:43,6830,0,1,1.598,0.0,7.037,1.563,0.474,11.063,26.743
2026-04-24 10:27:43,6831,1,1,2.174,185.482,6.814,1.97,0.426,197.68,24.526
2026-04-24 10:27:43,6832,0,1,2.663,0.0,8.056,1.801,0.404,13.481,25.195
2026-04-24 10:27:43,6833,0,1,2.033,0.0,7.296,1.793,0.417,12.137,25.82
2026-04-24 10:27:43,6834,1,1,2.388,163.632,8.562,1.891,0.477,178.148,23.746
2026-04-24 10:27:43,6835,0,1,2.616,0.0,7.543,0.962,0.312,11.942,24.888
2026-04-24 10:27:43,6836,0,1,1.664,0.0,8.267,1.441,0.251,12.169,26.318
2026-04-24 10:27:43,6837,1,1,2.554,161.061,8.17,1.395,0.289,174.481,24.222
2026-04-24 10:27:43,6838,0,1,5.806,0.0,7.564,1.387,0.32,15.585,24.853
2026-04-24 10:27:43,6839,0,1,2.369,0.0,7.401,1.879,0.429,12.606,25.654
2026-04-24 10:27:44,6840,1,1,2.666,163.616,8.56,1.971,0.447,178.468,23.605
2026-04-24 10:27:44,6841,0,1,1.85,0.0,6.78,0.967,0.228,10.181,24.465
2026-04-24 10:27:44,6842,0,1,2.254,0.0,6.153,1.28,0.356,10.48,24.638
2026-04-24 10:27:44,6843,1,1,2.166,159.689,8.259,1.817,0.395,173.362,22.711
2026-04-24 10:27:44,6844,0,1,4.892,0.0,7.766,1.836,0.417,15.419,23.746
2026-04-24 10:27:44,6845,0,1,14.247,0.0,7.309,1.8,0.483,24.361,24.228
2026-04-24 10:27:44,6846,1,1,4.733,184.821,6.305,1.893,0.428,199.277,22.265
2026-04-24 10:27:44,6847,0,1,2.661,0.0,5.557,1.302,0.307,10.156,23.58
2026-04-24 10:27:44,6848,0,1,6.975,0.0,21.08,1.435,0.218,30.198,24.673
2026-04-24 10:27:44,6849,1,1,6.052,175.462,7.987,1.858,0.234,192.47,22.69
2026-04-24 10:27:44,6850,0,1,4.402,0.0,5.957,1.851,0.42,13.109,24.717
2026-04-24 10:27:44,6851,0,1,8.903,0.0,8.364,1.858,0.433,20.144,25.884
2026-04-24 10:27:45,6852,1,1,7.2,162.507,7.575,1.873,0.302,180.424,23.824
2026-04-24 10:27:45,6853,0,1,8.72,0.0,6.653,1.812,0.407,18.136,24.741
2026-04-24 10:27:45,6854,0,1,2.096,0.0,6.067,1.806,0.413,10.92,25.818
2026-04-24 10:27:45,6855,1,1,1.874,168.396,7.843,1.598,0.437,181.067,23.745
2026-04-24 10:27:45,6856,0,1,1.691,0.0,7.917,1.832,0.425,12.44,25.341
2026-04-24 10:27:45,6857,0,1,2.337,0.0,6.601,1.288,0.29,11.004,26.451
2026-04-24 10:27:45,6858,1,1,6.2,186.968,6.767,1.701,0.477,202.98,24.273
2026-04-24 10:27:45,6859,0,1,2.038,0.0,7.331,1.823,0.417,12.314,25.225
2026-04-24 10:27:45,6860,0,1,2.737,0.0,6.329,1.296,0.288,11.101,26.471
2026-04-24 10:27:45,6861,1,1,3.806,179.569,7.602,1.888,0.426,194.374,24.302
2026-04-24 10:27:45,6862,0,1,1.923,0.0,5.487,0.922,0.258,9.079,25.919
2026-04-24 10:27:46,6863,0,1,1.465,0.0,4.62,1.419,0.266,8.236,27.878
2026-04-24 10:27:46,6864,1,1,2.765,177.593,8.809,1.978,0.426,192.753,25.573
2026-04-24 10:27:46,6865,0,1,1.986,0.0,7.608,1.444,0.294,11.674,26.262
2026-04-24 10:27:46,6866,0,1,1.986,0.0,8.543,1.864,0.424,13.28,27.333
2026-04-24 10:27:46,6867,1,1,2.732,165.806,7.623,2.008,0.437,179.754,25.122
2026-04-24 10:27:46,6868,0,1,2.527,0.0,8.87,1.38,0.29,13.54,25.955
2026-04-24 10:27:46,6869,0,1,3.627,0.0,5.654,2.022,0.481,12.125,27.008
2026-04-24 10:27:46,6870,1,1,2.67,321.571,8.04,1.813,0.222,335.121,24.595
2026-04-24 10:27:46,6871,0,1,1.808,0.0,9.071,1.616,0.374,13.321,25.63
2026-04-24 10:27:46,6872,0,1,2.1,0.0,22.459,1.521,0.437,27.006,29.254
2026-04-24 10:27:47,6873,1,1,6.137,201.605,8.006,1.605,0.35,218.765,26.733
2026-04-24 10:27:47,6874,0,1,2.35,0.0,7.396,2.11,0.398,12.739,27.559
2026-04-24 10:27:47,6875,0,1,1.925,0.0,7.356,1.267,0.295,11.243,28.507
2026-04-24 10:27:47,6876,1,1,1.97,178.263,7.449,1.487,0.24,190.518,26.139
2026-04-24 10:27:47,6877,0,1,6.366,0.0,8.175,1.589,0.447,17.046,27.242
2026-04-24 10:27:47,6878,0,1,2.112,0.0,6.234,1.731,0.437,11.222,28.62
2026-04-24 10:27:47,6879,1,1,3.105,189.836,8.456,1.901,0.405,204.805,26.213
2026-04-24 10:27:47,6880,0,1,5.197,0.0,7.355,1.86,0.427,15.331,27.627
2026-04-24 10:27:47,6881,0,1,7.673,0.0,7.472,1.796,0.298,17.596,28.074
2026-04-24 10:27:47,6882,1,1,2.409,193.345,7.563,1.851,0.434,206.69,25.718
2026-04-24 10:27:48,6883,0,1,7.52,0.0,7.902,1.143,0.388,17.559,26.596
2026-04-24 10:27:48,6884,0,1,10.292,0.0,7.649,2.063,0.425,21.021,26.747
2026-04-24 10:27:48,6885,1,1,4.378,170.438,7.418,1.644,0.282,185.393,24.566
2026-04-24 10:27:48,6886,0,1,2.144,0.0,6.475,1.906,0.404,11.464,25.366
2026-04-24 10:27:48,6887,0,1,2.623,0.0,7.386,1.01,0.222,11.538,26.472
2026-04-24 10:27:48,6888,1,1,2.169,169.998,7.037,1.507,0.469,182.257,24.334
2026-04-24 10:27:48,6889,0,1,1.882,0.0,6.25,0.957,0.254,9.828,25.727
2026-04-24 10:27:48,6890,0,1,2.036,0.0,4.697,1.062,0.343,9.069,27.289
2026-04-24 10:27:48,6891,1,1,1.672,184.385,7.409,1.937,0.438,196.913,25.032
2026-04-24 10:27:48,6892,0,1,2.271,0.0,6.148,1.888,0.424,11.077,25.801
2026-04-24 10:27:48,6893,0,1,4.924,0.0,22.431,1.728,0.72,30.115,26.41
2026-04-24 10:27:49,6894,1,1,9.426,270.723,6.87,1.831,0.321,290.145,24.109
2026-04-24 10:27:49,6895,0,1,6.292,0.0,8.269,2.031,0.422,17.592,25.336
2026-04-24 10:27:49,6896,0,1,1.826,0.0,10.127,1.292,0.283,14.025,26.175
2026-04-24 10:27:49,6897,1,1,3.253,244.145,7.042,1.629,0.267,257.447,23.919
2026-04-24 10:27:49,6898,0,1,2.001,0.0,5.838,1.167,0.266,9.787,24.954
2026-04-24 10:27:49,6899,0,1,1.903,0.0,6.301,1.597,0.457,10.64,26.088
2026-04-24 10:27:49,6900,1,1,1.724,194.6,6.872,1.824,0.445,206.522,23.928
2026-04-24 10:27:49,6901,0,1,1.836,0.0,5.755,1.086,0.215,9.155,23.901
2026-04-24 10:27:49,6902,0,1,1.697,0.0,6.091,1.287,0.427,9.91,24.478
2026-04-24 10:27:50,6903,1,1,1.819,183.157,6.858,1.268,0.301,194.377,22.497
2026-04-24 10:27:50,6904,0,1,1.585,0.0,6.598,1.567,0.39,10.831,23.728
2026-04-24 10:27:50,6905,0,1,1.515,0.0,7.25,1.432,0.332,10.938,24.778
2026-04-24 10:27:50,6906,1,1,39.885,214.63,7.449,1.874,0.396,265.261,22.674
2026-04-24 10:27:50,6907,0,1,2.006,0.0,6.25,1.332,0.418,10.567,24.268
2026-04-24 10:27:50,6908,0,1,3.145,0.0,7.305,1.808,0.433,13.242,25.618
2026-04-24 10:27:50,6909,1,1,2.172,162.828,7.415,1.963,0.396,175.953,23.569
2026-04-24 10:27:50,6910,0,1,2.219,0.0,7.981,1.145,0.443,12.339,24.703
2026-04-24 10:27:50,6911,0,1,1.893,0.0,7.141,0.895,0.207,10.621,25.859
2026-04-24 10:27:50,6912,1,1,6.048,152.126,8.121,1.804,0.388,169.752,23.812
2026-04-24 10:27:50,6913,0,1,2.155,0.0,7.504,0.993,0.398,11.536,24.881
2026-04-24 10:27:50,6914,0,1,1.749,0.0,5.228,1.155,0.267,8.903,26.132
2026-04-24 10:27:51,6915,1,1,1.811,219.432,7.215,1.604,0.422,231.474,23.922
2026-04-24 10:27:51,6916,0,1,2.641,0.0,6.355,1.839,0.422,11.77,25.223
2026-04-24 10:27:51,6917,0,1,2.857,0.0,7.313,1.327,0.328,12.323,26.659
2026-04-24 10:27:51,6918,1,1,3.097,202.389,8.238,1.111,0.242,215.995,24.429
2026-04-24 10:27:51,6919,0,1,1.758,0.0,6.104,1.373,0.398,10.05,25.871
2026-04-24 10:27:51,6920,0,1,6.985,0.0,6.646,1.375,0.374,15.838,27.392
2026-04-24 10:27:51,6921,1,1,1.599,177.747,7.888,1.906,0.41,190.41,25.145
2026-04-24 10:27:51,6922,0,1,2.083,0.0,6.561,1.733,0.239,11.164,26.229
2026-04-24 10:27:51,6923,0,1,4.022,0.0,8.233,1.588,0.438,14.755,28.135
2026-04-24 10:27:51,6924,1,1,2.053,180.195,6.746,1.724,0.325,192.143,25.803
2026-04-24 10:27:51,6925,0,1,1.842,0.0,7.388,1.825,0.338,11.911,26.856
2026-04-24 10:27:51,6926,0,1,1.576,0.0,5.856,1.362,0.376,9.681,28.38
2026-04-24 10:27:52,6927,1,1,1.632,171.191,7.9,1.618,0.233,183.469,26.027
2026-04-24 10:27:52,6928,0,1,4.349,0.0,6.883,1.278,0.259,13.254,27.228
2026-04-24 10:27:52,6929,0,1,1.897,0.0,9.106,1.837,0.428,13.869,28.017
2026-04-24 10:27:52,6930,1,1,1.768,183.437,6.481,1.842,0.413,194.973,25.665
2026-04-24 10:27:52,6931,0,1,1.566,0.0,5.233,1.064,0.255,8.481,26.812
2026-04-24 10:27:52,6932,0,1,1.696,0.0,7.203,1.202,0.389,10.976,27.774
2026-04-24 10:27:52,6933,1,1,2.502,180.572,7.317,1.156,0.289,192.712,25.47
2026-04-24 10:27:52,6934,0,1,2.499,0.0,7.865,1.815,0.231,12.743,26.124
2026-04-24 10:27:52,6935,0,1,2.64,0.0,8.274,0.949,0.228,12.608,28.313
2026-04-24 10:27:52,6936,1,1,8.378,174.053,8.379,1.722,0.34,193.821,25.973
2026-04-24 10:27:53,6937,0,1,2.358,0.0,6.811,1.821,0.406,11.885,26.735
2026-04-24 10:27:53,6938,0,1,2.242,0.0,6.253,1.939,0.254,11.164,27.678
2026-04-24 10:27:53,6939,1,1,3.281,199.646,8.236,1.902,0.426,214.22,25.347
2026-04-24 10:27:53,6940,0,1,2.147,0.0,9.012,1.13,0.223,12.8,26.085
2026-04-24 10:27:53,6941,0,1,2.528,0.0,10.164,2.153,0.509,15.917,26.655
2026-04-24 10:27:53,6942,1,1,1.66,186.912,7.533,1.858,0.439,199.658,24.436
2026-04-24 10:27:53,6943,0,1,1.664,0.0,8.084,1.403,0.41,12.094,25.584
2026-04-24 10:27:53,6944,0,1,2.204,0.0,8.07,1.449,0.62,12.675,26.127
2026-04-24 10:27:53,6945,1,1,1.845,166.95,5.625,1.879,0.392,177.754,24.021
2026-04-24 10:27:53,6946,0,1,2.432,0.0,5.274,1.407,0.337,9.974,25.185
2026-04-24 10:27:53,6947,0,1,2.279,0.0,8.221,2.116,0.252,13.196,26.726
2026-04-24 10:27:54,6948,1,1,2.514,159.449,6.765,1.817,0.397,171.813,24.578
2026-04-24 10:27:54,6949,0,1,5.223,0.0,8.425,1.826,0.393,16.36,26.19
2026-04-24 10:27:54,6950,0,1,7.495,0.0,6.965,1.834,0.416,17.21,27.228
2026-04-24 10:27:54,6951,1,1,2.881,283.954,7.765,1.834,0.42,297.918,24.823
2026-04-24 10:27:54,6952,0,1,3.251,0.0,9.153,2.118,0.45,15.595,25.266
2026-04-24 10:27:54,6953,0,1,1.837,0.0,9.119,2.124,0.464,14.09,25.184
2026-04-24 10:27:54,6954,1,1,1.621,226.892,8.389,1.88,0.425,240.184,23.036
2026-04-24 10:27:54,6955,0,1,1.836,0.0,6.956,1.122,0.275,10.705,24.216
2026-04-24 10:27:54,6956,0,1,34.486,0.0,7.241,1.586,0.434,44.282,23.433
2026-04-24 10:27:55,6957,1,1,7.797,224.281,6.477,1.349,0.26,241.067,21.481
2026-04-24 10:27:55,6958,0,1,8.34,0.0,7.776,1.735,0.226,18.551,22.535
2026-04-24 10:27:55,6959,0,1,2.565,0.0,9.942,2.112,0.456,15.594,22.862
2026-04-24 10:27:55,6960,1,1,2.639,355.042,8.364,1.293,0.215,368.519,20.831
2026-04-24 10:27:55,6961,0,1,2.035,0.0,8.825,1.681,0.447,13.418,21.265
2026-04-24 10:27:55,6962,0,1,17.072,0.0,6.481,2.041,0.505,26.681,21.385
2026-04-24 10:27:55,6963,1,1,2.03,190.342,8.398,1.775,0.41,204.071,19.695
2026-04-24 10:27:55,6964,0,1,2.106,0.0,7.384,1.855,0.492,12.381,20.595
2026-04-24 10:27:55,6965,0,1,11.167,0.0,8.524,1.909,0.449,22.609,20.881
2026-04-24 10:27:56,6966,1,1,2.312,161.949,8.318,1.83,0.404,175.902,19.29
2026-04-24 10:27:56,6967,0,1,1.727,0.0,5.582,1.217,0.366,9.343,19.66
2026-04-24 10:27:56,6968,0,1,2.167,0.0,6.909,1.527,0.28,11.413,21.498
2026-04-24 10:27:56,6969,1,1,1.984,209.188,6.895,0.966,0.269,220.39,19.766
2026-04-24 10:27:56,6970,0,1,2.225,0.0,7.114,1.171,0.23,11.07,21.467
2026-04-24 10:27:56,6971,0,1,2.677,0.0,7.099,1.166,0.43,11.892,22.984
2026-04-24 10:27:56,6972,1,1,2.201,175.965,8.596,1.132,0.416,189.547,21.167
2026-04-24 10:27:56,6973,0,1,2.077,0.0,7.101,1.988,0.409,12.124,22.065
2026-04-24 10:27:56,6974,0,1,2.031,0.0,8.398,1.073,0.436,12.516,23.762
2026-04-24 10:27:57,6975,1,1,2.187,233.714,7.939,0.894,0.425,246.329,21.757
2026-04-24 10:27:57,6976,0,1,2.026,0.0,4.595,1.375,0.332,8.904,23.162
2026-04-24 10:27:57,6977,0,1,2.717,0.0,6.649,1.358,0.302,11.331,24.466
2026-04-24 10:27:57,6978,1,1,2.376,187.495,6.382,1.804,0.435,199.6,22.484
2026-04-24 10:27:57,6979,0,1,1.621,0.0,6.378,2.012,0.611,11.24,23.098
2026-04-24 10:27:57,6980,0,1,2.224,0.0,6.599,1.018,0.23,10.572,22.888
2026-04-24 10:27:57,6981,1,1,2.257,157.325,7.351,1.306,0.333,169.955,21.138
2026-04-24 10:27:57,6982,0,1,2.068,0.0,7.955,1.981,0.36,12.85,23.507
2026-04-24 10:27:57,6983,0,1,1.796,0.0,7.989,1.497,0.231,12.046,23.779
2026-04-24 10:27:57,6984,1,1,1.616,170.663,8.2,1.809,0.379,183.977,21.935
2026-04-24 10:27:57,6985,0,1,2.15,0.0,7.766,1.828,0.707,12.949,23.093
2026-04-24 10:27:57,6986,0,1,1.77,0.0,7.595,1.082,0.324,11.312,24.144
2026-04-24 10:27:58,6987,1,1,2.887,158.487,8.56,1.491,0.221,172.699,22.264
2026-04-24 10:27:58,6988,0,1,2.378,0.0,5.356,1.344,0.563,10.248,23.575
2026-04-24 10:27:58,6989,0,1,2.176,0.0,7.821,1.753,0.518,12.833,24.77
2026-04-24 10:27:58,6990,1,1,1.785,160.913,8.536,1.842,0.402,174.664,22.809
2026-04-24 10:27:58,6991,0,1,2.253,0.0,7.803,1.817,0.425,12.858,24.131
2026-04-24 10:27:58,6992,0,1,2.317,0.0,8.389,1.866,0.422,13.554,24.821
2026-04-24 10:27:58,6993,1,1,2.578,254.843,7.416,1.349,0.412,268.117,22.688
2026-04-24 10:27:58,6994,0,1,2.547,0.0,6.428,1.7,0.369,11.575,24.19
2026-04-24 10:27:58,6995,0,1,2.663,0.0,8.305,1.815,0.497,13.826,25.48
2026-04-24 10:27:58,6996,1,1,3.033,154.19,5.905,1.839,0.44,166.412,23.472
2026-04-24 10:27:58,6997,0,1,5.373,0.0,8.082,1.937,0.36,16.132,25.216
2026-04-24 10:27:58,6998,0,1,2.074,0.0,8.442,1.525,0.295,12.874,26.794
2026-04-24 10:27:59,6999,1,1,2.408,163.619,4.156,0.749,0.194,172.261,24.628
2026-04-24 10:27:59,7000,0,1,1.71,0.0,8.818,1.916,0.567,13.517,26.596
2026-04-24 10:27:59,7001,0,1,2.634,0.0,8.69,1.463,0.402,13.769,26.849
2026-04-24 10:27:59,7002,1,1,2.031,158.146,6.03,1.414,0.327,169.196,24.702
2026-04-24 10:27:59,7003,0,1,2.165,0.0,7.191,1.935,0.4,12.257,26.579
2026-04-24 10:27:59,7004,0,1,1.717,0.0,6.897,1.889,0.418,11.448,27.043
2026-04-24 10:27:59,7005,1,1,2.419,158.682,6.639,1.419,0.428,170.46,24.868
2026-04-24 10:27:59,7006,0,1,1.776,0.0,8.362,1.823,0.411,12.85,25.985
2026-04-24 10:27:59,7007,0,1,2.281,0.0,21.822,1.799,0.396,26.859,29.595
2026-04-24 10:27:59,7008,1,1,2.175,159.157,6.079,1.418,0.343,170.211,27.123
2026-04-24 10:27:59,7009,0,1,1.978,0.0,8.076,1.423,0.329,12.312,28.465
2026-04-24 10:27:59,7010,0,1,2.096,0.0,8.287,0.955,0.308,12.108,28.88
2026-04-24 10:28:00,7011,1,1,1.908,181.201,8.652,1.814,0.278,194.728,26.448
2026-04-24 10:28:00,7012,0,1,2.275,0.0,7.209,1.913,0.531,12.503,26.722
2026-04-24 10:28:00,7013,0,1,7.955,0.0,6.359,1.797,0.433,17.019,27.679
2026-04-24 10:28:00,7014,1,1,2.153,164.066,7.579,1.682,0.527,177.125,25.414
2026-04-24 10:28:00,7015,0,1,1.702,0.0,5.789,1.261,0.251,9.572,26.675
2026-04-24 10:28:00,7016,0,1,2.608,0.0,8.292,1.736,0.375,13.495,27.617
2026-04-24 10:28:00,7017,1,1,1.682,161.273,6.858,1.148,0.237,171.979,25.376
2026-04-24 10:28:00,7018,0,1,1.604,0.0,6.9,1.499,0.281,10.85,25.912
2026-04-24 10:28:00,7019,0,1,2.215,0.0,8.341,1.824,0.426,13.484,26.628
2026-04-24 10:28:00,7020,1,1,2.311,169.218,6.052,1.794,0.432,181.068,24.474
2026-04-24 10:28:00,7021,0,1,1.639,0.0,7.57,1.956,0.465,12.496,25.592
2026-04-24 10:28:01,7022,0,1,1.937,0.0,7.823,1.943,0.214,12.234,26.381
2026-04-24 10:28:01,7023,1,1,1.881,183.81,6.773,1.771,0.389,195.997,24.211
2026-04-24 10:28:01,7024,0,1,1.89,0.0,7.653,1.881,0.426,12.355,24.114
2026-04-24 10:28:01,7025,0,1,2.68,0.0,8.463,2.034,0.5,14.177,24.838
2026-04-24 10:28:01,7026,1,1,2.172,158.466,5.785,1.323,0.312,169.105,22.857
2026-04-24 10:28:01,7027,0,1,1.896,0.0,8.032,1.787,0.411,12.681,24.086
2026-04-24 10:28:01,7028,0,1,1.855,0.0,7.494,1.823,0.415,12.141,24.903
2026-04-24 10:28:01,7029,1,1,2.161,161.85,8.267,0.852,0.258,174.449,22.928
2026-04-24 10:28:01,7030,0,1,4.855,0.0,7.29,1.748,0.399,14.758,24.138
2026-04-24 10:28:01,7031,0,1,2.614,0.0,7.817,1.669,0.42,13.065,25.344
2026-04-24 10:28:01,7032,1,1,2.434,152.97,7.794,1.898,0.512,167.065,23.352
2026-04-24 10:28:02,7033,0,1,2.508,0.0,7.645,1.837,0.435,12.981,24.81
2026-04-24 10:28:02,7034,0,1,2.022,0.0,8.229,1.981,0.284,12.826,25.718
2026-04-24 10:28:02,7035,1,1,2.681,152.712,8.044,1.799,0.382,166.776,23.692
2026-04-24 10:28:02,7036,0,1,2.707,0.0,7.833,1.829,0.395,13.401,24.469
2026-04-24 10:28:02,7037,0,1,1.982,0.0,7.831,1.826,0.408,12.604,25.518
2026-04-24 10:28:02,7038,1,1,2.31,153.521,5.615,1.396,0.339,164.298,23.513
2026-04-24 10:28:02,7039,0,1,2.297,0.0,7.275,1.81,0.414,12.332,24.435
2026-04-24 10:28:02,7040,0,1,2.207,0.0,8.048,1.87,0.422,13.09,25.576
2026-04-24 10:28:02,7041,1,1,1.968,279.758,8.377,1.887,0.47,293.556,23.341
2026-04-24 10:28:02,7042,0,1,2.235,0.0,6.508,1.184,0.286,10.709,24.343
2026-04-24 10:28:02,7043,0,1,1.956,0.0,6.485,1.311,0.348,10.486,25.911
2026-04-24 10:28:03,7044,1,1,1.801,179.877,7.71,1.918,0.446,192.894,23.817
2026-04-24 10:28:03,7045,0,1,2.132,0.0,5.701,1.226,0.298,9.834,24.03
2026-04-24 10:28:03,7046,0,1,1.581,0.0,6.275,1.556,0.362,10.439,25.372
2026-04-24 10:28:03,7047,1,1,3.672,198.74,8.154,1.518,0.41,213.559,23.278
2026-04-24 10:28:03,7048,0,1,2.28,0.0,6.939,1.203,0.518,11.389,24.581
2026-04-24 10:28:03,7049,0,1,1.862,0.0,6.169,1.272,0.405,10.255,25.533
2026-04-24 10:28:03,7050,1,1,4.221,169.733,7.316,1.817,0.405,184.52,23.487
2026-04-24 10:28:03,7051,0,1,1.795,0.0,5.561,1.367,0.339,9.58,24.339
2026-04-24 10:28:03,7052,0,1,1.748,0.0,8.134,0.862,0.609,11.884,25.453
2026-04-24 10:28:03,7053,1,1,5.287,187.334,5.78,1.209,0.299,200.991,23.37
2026-04-24 10:28:03,7054,0,1,2.009,0.0,5.24,1.524,0.412,9.691,24.677
2026-04-24 10:28:03,7055,0,1,2.098,0.0,8.708,1.457,0.45,13.277,26.286
2026-04-24 10:28:04,7056,1,1,1.855,236.338,8.047,1.899,0.404,249.633,24.032
2026-04-24 10:28:04,7057,0,1,6.543,0.0,7.614,1.463,0.345,17.166,25.481
2026-04-24 10:28:04,7058,0,1,2.345,0.0,8.965,2.074,0.32,14.224,29.377
2026-04-24 10:28:04,7059,1,1,2.502,395.162,7.813,1.939,0.464,408.98,26.665
2026-04-24 10:28:04,7060,0,1,1.994,0.0,8.417,1.837,0.331,13.065,27.373
2026-04-24 10:28:04,7061,0,1,4.617,0.0,8.63,1.942,0.402,17.165,28.31
2026-04-24 10:28:05,7062,1,1,2.209,237.62,8.249,1.107,0.523,251.041,25.85
2026-04-24 10:28:05,7063,0,1,1.767,0.0,7.64,1.247,0.314,11.238,26.894
2026-04-24 10:28:05,7064,0,1,15.217,0.0,6.321,1.9,0.428,24.337,27.852
2026-04-24 10:28:05,7065,1,1,1.831,240.909,8.309,1.758,0.413,254.283,25.439
2026-04-24 10:28:05,7066,0,1,1.542,0.0,8.387,2.142,0.336,12.838,26.347
2026-04-24 10:28:05,7067,0,1,3.868,0.0,8.917,1.354,0.347,14.97,26.879
2026-04-24 10:28:05,7068,1,1,2.475,246.927,7.383,1.689,0.412,259.774,24.547
2026-04-24 10:28:05,7069,0,1,7.341,0.0,8.566,1.779,0.438,18.592,25.553
2026-04-24 10:28:05,7070,0,1,2.475,0.0,6.19,1.943,0.277,11.457,26.058
2026-04-24 10:28:06,7071,1,1,24.573,376.025,8.799,1.665,0.443,412.789,23.694
2026-04-24 10:28:06,7072,0,1,5.467,0.0,8.893,1.747,0.447,17.034,24.447
2026-04-24 10:28:06,7073,0,1,14.279,0.0,7.708,1.902,0.461,24.74,25.157
2026-04-24 10:28:06,7074,1,1,2.038,512.625,39.622,1.973,0.437,558.376,22.824
2026-04-24 10:28:06,7075,0,1,8.099,0.0,8.469,1.539,0.419,19.041,22.232
2026-04-24 10:28:06,7076,0,1,10.097,0.0,7.632,1.795,0.434,20.731,23.113
2026-04-24 10:28:07,7077,1,1,2.778,242.34,5.454,1.455,0.442,253.542,21.165
2026-04-24 10:28:07,7078,0,1,10.293,0.0,8.47,1.029,0.35,20.452,22.46
2026-04-24 10:28:07,7079,0,1,11.909,0.0,8.369,1.6,0.452,22.831,23.376
2026-04-24 10:28:07,7080,1,1,2.194,210.502,7.658,1.538,0.426,223.16,21.447
2026-04-24 10:28:07,7081,0,1,2.183,0.0,6.396,1.519,0.45,11.073,23.238
2026-04-24 10:28:07,7082,0,1,2.718,0.0,7.814,1.936,0.292,13.261,24.626
2026-04-24 10:28:07,7083,1,1,1.739,164.571,7.835,2.007,0.399,177.822,22.675
2026-04-24 10:28:07,7084,0,1,1.598,0.0,7.349,1.1,0.243,10.764,23.887
2026-04-24 10:28:07,7085,0,1,2.652,0.0,7.407,0.991,0.409,11.878,25.052
2026-04-24 10:28:08,7086,1,1,4.229,185.821,7.334,1.915,0.508,200.753,22.993
2026-04-24 10:28:08,7087,0,1,1.833,0.0,6.092,1.892,0.588,10.913,24.349
2026-04-24 10:28:08,7088,0,1,2.236,0.0,8.098,2.071,0.411,13.396,25.342
2026-04-24 10:28:08,7089,1,1,5.139,151.743,6.757,1.316,0.336,166.348,23.353
2026-04-24 10:28:08,7090,0,1,2.673,0.0,7.533,1.888,0.423,13.084,24.398
2026-04-24 10:28:08,7091,0,1,7.354,0.0,7.663,1.852,0.434,17.705,25.458
2026-04-24 10:28:08,7092,1,1,1.662,147.45,8.382,1.805,0.381,160.85,23.483
2026-04-24 10:28:08,7093,0,1,1.867,0.0,8.671,1.809,0.439,13.403,23.936
2026-04-24 10:28:08,7094,0,1,6.237,0.0,7.306,1.64,0.333,15.804,25.016
2026-04-24 10:28:08,7095,1,1,5.109,165.655,6.595,1.495,0.341,180.207,23.02
2026-04-24 10:28:08,7096,0,1,2.783,0.0,4.167,0.884,0.224,8.506,24.732
2026-04-24 10:28:08,7097,0,1,6.836,0.0,7.675,1.787,0.405,17.149,26.464
2026-04-24 10:28:09,7098,1,1,5.753,181.363,6.936,1.979,0.431,197.437,24.298
2026-04-24 10:28:09,7099,0,1,1.953,0.0,10.171,1.629,0.463,14.676,25.044
2026-04-24 10:28:09,7100,0,1,22.843,0.0,8.912,1.206,0.231,33.698,24.484
2026-04-24 10:28:09,7101,1,1,2.594,304.811,8.632,1.534,0.403,319.121,22.346
2026-04-24 10:28:09,7102,0,1,4.895,0.0,7.367,1.768,0.35,14.879,23.799
2026-04-24 10:28:09,7103,0,1,5.619,0.0,8.748,1.877,0.326,17.066,25.323
2026-04-24 10:28:09,7104,1,1,1.79,221.197,8.447,1.936,0.414,234.916,23.189
2026-04-24 10:28:09,7105,0,1,2.014,0.0,6.889,1.718,0.463,11.592,24.294
2026-04-24 10:28:09,7106,0,1,1.692,0.0,6.932,1.93,0.401,11.536,25.829
2026-04-24 10:28:10,7107,1,1,1.811,227.245,8.164,2.062,0.419,240.824,23.631
2026-04-24 10:28:10,7108,0,1,1.865,0.0,6.876,1.636,0.398,11.478,24.734
2026-04-24 10:28:10,7109,0,1,1.868,0.0,6.358,1.421,0.356,10.522,25.882
2026-04-24 10:28:10,7110,1,1,1.949,497.428,7.521,1.871,0.403,510.144,23.485
2026-04-24 10:28:10,7111,0,1,1.89,0.0,5.994,1.286,0.327,9.954,24.424
2026-04-24 10:28:10,7112,0,1,7.247,0.0,8.271,1.57,0.342,17.932,26.05
2026-04-24 10:28:11,7113,1,1,9.192,574.114,8.906,1.784,0.41,595.523,23.611
2026-04-24 10:28:11,7114,0,1,6.585,0.0,8.028,1.785,0.418,17.317,24.427
2026-04-24 10:28:11,7115,0,1,8.817,0.0,8.069,1.482,0.242,19.112,24.996
2026-04-24 10:28:11,7116,1,1,10.148,248.981,6.759,1.441,0.456,268.645,22.851
2026-04-24 10:28:11,7117,0,1,8.272,0.0,8.31,1.826,0.473,19.383,24.317
2026-04-24 10:28:11,7118,0,1,1.726,0.0,9.666,2.14,0.512,14.524,25.253
2026-04-24 10:28:11,7119,1,1,3.199,249.252,8.516,1.877,0.453,264.307,23.079
2026-04-24 10:28:11,7120,0,1,4.222,0.0,6.824,1.599,0.265,13.389,23.951
2026-04-24 10:28:12,7121,0,1,4.859,0.0,8.444,1.828,0.424,16.106,25.82
2026-04-24 10:28:12,7122,1,1,8.392,240.343,8.572,1.105,0.218,259.652,23.607
2026-04-24 10:28:12,7123,0,1,2.864,0.0,8.361,1.823,0.506,14.075,24.973
2026-04-24 10:28:12,7124,0,1,4.107,0.0,7.511,1.289,0.341,13.651,26.345
2026-04-24 10:28:12,7125,1,1,5.309,179.574,8.355,1.583,0.386,196.053,24.193
2026-04-24 10:28:12,7126,0,1,1.56,0.0,6.76,1.341,0.436,10.611,25.723
2026-04-24 10:28:12,7127,0,1,2.221,0.0,8.123,1.977,0.427,13.215,27.064
2026-04-24 10:28:12,7128,1,1,2.019,189.281,8.504,1.847,0.38,203.064,24.81
2026-04-24 10:28:12,7129,0,1,4.356,0.0,8.07,1.395,0.321,14.648,26.364
2026-04-24 10:28:12,7130,0,1,4.428,0.0,5.559,1.063,0.402,11.904,26.973
2026-04-24 10:28:13,7131,1,1,20.755,156.903,8.55,1.529,0.424,189.239,24.792
2026-04-24 10:28:13,7132,0,1,8.672,0.0,6.249,1.325,0.513,17.294,25.736
2026-04-24 10:28:13,7133,0,1,2.202,0.0,5.951,1.417,0.345,10.43,26.965
2026-04-24 10:28:13,7134,1,1,1.685,172.108,7.161,1.45,0.403,183.895,24.765
2026-04-24 10:28:13,7135,0,1,5.001,0.0,8.109,1.86,0.495,16.079,25.979
2026-04-24 10:28:13,7136,0,1,1.979,0.0,8.004,2.053,0.445,12.998,26.643
2026-04-24 10:28:13,7137,1,1,2.094,222.92,6.445,1.91,0.454,234.967,24.378
2026-04-24 10:28:13,7138,0,1,6.842,0.0,9.18,1.512,0.496,18.609,25.921
2026-04-24 10:28:13,7139,0,1,4.306,0.0,6.553,1.64,0.463,13.473,27.15
2026-04-24 10:28:13,7140,1,1,4.167,218.421,5.852,1.398,0.418,231.212,24.845
2026-04-24 10:28:13,7141,0,1,1.92,0.0,8.405,2.086,0.461,13.29,25.859
2026-04-24 10:28:13,7142,0,1,2.312,0.0,8.702,1.265,0.278,13.058,26.395
2026-04-24 10:28:14,7143,1,1,1.667,227.982,7.609,1.845,0.403,240.366,24.146
2026-04-24 10:28:14,7144,0,1,1.804,0.0,6.422,1.374,0.335,10.401,25.089
2026-04-24 10:28:14,7145,0,1,1.819,0.0,6.664,1.259,0.288,10.513,26.498
2026-04-24 10:28:14,7146,1,1,2.121,195.348,8.231,1.867,0.415,208.846,24.295
2026-04-24 10:28:14,7147,0,1,8.625,0.0,8.282,1.923,0.398,19.673,25.026
2026-04-24 10:28:14,7148,0,1,1.851,0.0,6.428,1.928,0.271,10.957,25.669
2026-04-24 10:28:14,7149,1,1,2.139,236.413,7.283,1.792,0.419,249.184,23.479
2026-04-24 10:28:14,7150,0,1,1.887,0.0,8.084,2.099,0.469,12.933,24.331
2026-04-24 10:28:14,7151,0,1,3.932,0.0,8.097,1.998,0.356,14.879,26.476
2026-04-24 10:28:15,7152,1,1,2.096,205.829,6.205,1.382,0.405,217.018,24.244
2026-04-24 10:28:15,7153,0,1,4.456,0.0,7.888,1.789,0.421,15.051,25.438
2026-04-24 10:28:15,7154,0,1,5.682,0.0,5.853,1.266,0.41,13.679,26.063
2026-04-24 10:28:15,7155,1,1,2.192,248.709,7.709,1.826,0.391,261.83,23.818
2026-04-24 10:28:15,7156,0,1,2.048,0.0,8.263,1.851,0.392,13.002,25.508
2026-04-24 10:28:15,7157,0,1,1.826,0.0,9.361,2.021,0.468,14.145,26.009
2026-04-24 10:28:15,7158,1,1,1.792,206.835,8.512,1.845,0.418,220.431,23.831
2026-04-24 10:28:15,7159,0,1,1.815,0.0,7.822,2.086,0.53,12.801,25.299
2026-04-24 10:28:15,7160,0,1,1.723,0.0,6.164,1.282,0.284,10.003,25.885
2026-04-24 10:28:16,7161,1,1,2.453,257.385,6.495,1.83,0.438,269.624,23.645
2026-04-24 10:28:16,7162,0,1,2.089,0.0,7.244,1.828,0.357,12.068,24.887
2026-04-24 10:28:16,7163,0,1,3.698,0.0,6.581,1.924,0.292,12.84,26.155
2026-04-24 10:28:16,7164,1,1,6.454,174.292,5.361,0.966,0.208,188.124,24.034
2026-04-24 10:28:16,7165,0,1,6.734,0.0,6.452,1.842,0.403,15.898,25.928
2026-04-24 10:28:16,7166,0,1,1.636,0.0,7.914,1.492,0.407,11.962,26.716
2026-04-24 10:28:16,7167,1,1,1.521,186.819,8.62,1.814,0.343,200.211,24.501
2026-04-24 10:28:16,7168,0,1,1.961,0.0,7.314,1.52,0.789,12.131,25.433
2026-04-24 10:28:16,7169,0,1,1.549,0.0,7.186,1.4,0.352,10.854,26.498
2026-04-24 10:28:17,7170,1,1,2.106,397.491,8.072,1.753,0.354,410.69,24.084
2026-04-24 10:28:17,7171,0,1,1.526,0.0,8.832,1.58,0.321,12.886,25.38
2026-04-24 10:28:17,7172,0,1,5.002,0.0,8.18,1.602,0.421,15.702,26.027
2026-04-24 10:28:17,7173,1,1,14.37,420.552,8.355,1.687,0.384,446.353,23.646
2026-04-24 10:28:17,7174,0,1,2.093,0.0,7.773,1.548,0.39,12.209,25.172
2026-04-24 10:28:17,7175,0,1,15.804,0.0,8.306,1.362,0.39,27.036,26.078
2026-04-24 10:28:17,7176,1,1,3.462,276.241,7.219,1.702,0.289,290.032,23.796
2026-04-24 10:28:18,7177,0,1,1.924,0.0,6.576,1.349,0.282,10.617,25.066
2026-04-24 10:28:18,7178,0,1,19.124,0.0,7.728,2.252,0.336,29.829,24.87
2026-04-24 10:28:18,7179,1,1,3.57,212.148,7.489,1.789,0.282,226.447,22.791
2026-04-24 10:28:18,7180,0,1,2.214,0.0,8.316,1.958,0.425,13.337,24.071
2026-04-24 10:28:18,7181,0,1,9.731,0.0,8.868,1.862,0.333,21.164,24.778
2026-04-24 10:28:18,7182,1,1,9.853,237.002,8.561,1.548,0.321,258.458,22.673
2026-04-24 10:28:18,7183,0,1,1.839,0.0,10.113,1.783,0.395,14.795,23.911
2026-04-24 10:28:18,7184,0,1,2.319,0.0,8.765,2.076,0.263,13.804,24.186
2026-04-24 10:28:18,7185,1,1,2.238,222.462,6.865,1.853,0.404,235.311,22.165
2026-04-24 10:28:18,7186,0,1,1.648,0.0,21.912,1.857,0.395,26.3,27.444
2026-04-24 10:28:19,7187,0,1,4.388,0.0,7.597,1.819,0.406,14.675,26.811
2026-04-24 10:28:19,7188,1,1,1.759,209.146,7.893,1.598,0.57,221.746,24.553
2026-04-24 10:28:19,7189,0,1,9.312,0.0,7.955,2.057,0.409,20.068,25.641
2026-04-24 10:28:19,7190,0,1,3.51,0.0,9.734,1.928,0.455,16.142,26.175
2026-04-24 10:28:19,7191,1,1,2.666,235.3,7.952,1.611,0.44,248.718,23.935
2026-04-24 10:28:19,7192,0,1,4.654,0.0,7.378,1.404,0.356,14.298,25.481
2026-04-24 10:28:19,7193,0,1,5.669,0.0,8.252,1.844,0.418,16.666,26.538
2026-04-24 10:28:20,7194,1,1,10.818,572.219,7.509,1.41,0.351,593.274,24.05
2026-04-24 10:28:20,7195,0,1,10.367,0.0,7.032,1.544,0.428,19.83,25.196
2026-04-24 10:28:20,7196,0,1,2.047,0.0,7.486,1.56,0.443,12.065,25.99
2026-04-24 10:28:21,7197,1,1,4.411,734.768,8.377,1.797,0.324,750.834,23.522
2026-04-24 10:28:21,7198,0,1,5.363,0.0,7.031,1.223,0.428,14.516,24.302
2026-04-24 10:28:21,7199,0,1,9.201,0.0,7.303,1.235,0.439,18.642,25.277
2026-04-24 10:28:21,7200,1,1,1.795,257.962,6.77,1.895,0.432,269.935,23.099
2026-04-24 10:28:21,7201,0,1,1.847,0.0,5.436,1.176,0.304,9.182,24.748
2026-04-24 10:28:21,7202,0,1,2.594,0.0,9.201,1.115,0.28,13.67,26.744
2026-04-24 10:28:21,7203,1,1,1.929,319.996,7.35,1.94,0.44,332.768,24.353
2026-04-24 10:28:21,7204,0,1,1.758,0.0,6.982,1.312,0.32,10.866,25.474
2026-04-24 10:28:21,7205,0,1,2.16,0.0,6.865,1.474,0.379,11.374,26.626
2026-04-24 10:28:22,7206,1,1,9.499,181.932,8.461,1.878,0.417,203.251,24.448
2026-04-24 10:28:22,7207,0,1,9.249,0.0,6.634,1.376,0.477,18.505,24.734
2026-04-24 10:28:22,7208,0,1,1.836,0.0,7.55,1.992,0.463,12.367,25.126
2026-04-24 10:28:22,7209,1,1,1.867,170.225,6.348,1.352,0.332,181.277,23.107
2026-04-24 10:28:22,7210,0,1,8.756,0.0,8.469,1.637,0.28,19.547,24.596
2026-04-24 10:28:22,7211,0,1,2.116,0.0,6.574,1.557,0.349,11.12,25.604
2026-04-24 10:28:22,7212,1,1,2.705,162.185,6.922,1.917,0.5,175.415,23.577
2026-04-24 10:28:22,7213,0,1,5.095,0.0,6.758,1.878,0.499,14.767,24.481
2026-04-24 10:28:22,7214,0,1,2.612,0.0,5.165,1.851,0.424,10.596,25.248
2026-04-24 10:28:22,7215,1,1,4.006,162.751,6.437,1.431,0.318,176.109,23.244
2026-04-24 10:28:22,7216,0,1,4.768,0.0,9.041,3.215,0.242,17.821,23.005
2026-04-24 10:28:22,7217,0,1,2.484,0.0,12.866,2.3,0.427,18.615,26.914
2026-04-24 10:28:23,7218,1,1,21.48,201.428,5.803,1.569,0.393,231.553,24.631
2026-04-24 10:28:23,7219,0,1,2.2,0.0,7.233,1.237,0.256,11.45,26.167
2026-04-24 10:28:23,7220,0,1,5.722,0.0,6.079,1.811,0.399,14.508,27.424
2026-04-24 10:28:23,7221,1,1,3.603,158.671,7.518,1.864,0.409,173.164,25.207
2026-04-24 10:28:23,7222,0,1,2.189,0.0,8.077,1.782,0.393,13.091,26.11
2026-04-24 10:28:23,7223,0,1,1.818,0.0,6.153,1.803,0.281,10.481,25.782
2026-04-24 10:28:23,7224,1,1,2.659,158.847,6.474,1.814,0.414,171.325,23.745
2026-04-24 10:28:23,7225,0,1,3.828,0.0,6.779,2.101,0.427,13.644,24.912
2026-04-24 10:28:23,7226,0,1,1.985,0.0,7.762,2.056,0.526,12.994,26.554
2026-04-24 10:28:23,7227,1,1,2.654,164.924,7.648,1.845,0.405,178.618,24.408
2026-04-24 10:28:23,7228,0,1,2.442,0.0,5.695,1.354,0.265,10.209,26.085
2026-04-24 10:28:23,7229,0,1,2.67,0.0,8.508,1.894,0.435,14.014,26.776
2026-04-24 10:28:24,7230,1,1,2.627,191.265,8.279,1.759,0.473,205.376,24.554
2026-04-24 10:28:24,7231,0,1,1.622,0.0,5.85,1.081,0.277,9.397,25.809
2026-04-24 10:28:24,7232,0,1,1.51,0.0,6.894,2.051,0.542,11.332,27.484
2026-04-24 10:28:24,7233,1,1,1.709,160.09,7.114,1.93,0.431,172.448,25.262
2026-04-24 10:28:24,7234,0,1,1.626,0.0,8.253,1.957,0.299,12.657,26.552
2026-04-24 10:28:24,7235,0,1,3.7,0.0,7.74,2.075,0.485,14.456,27.239
2026-04-24 10:28:24,7236,1,1,5.022,158.2,8.585,1.84,0.431,175.085,25.041
2026-04-24 10:28:24,7237,0,1,2.645,0.0,8.22,1.911,0.427,13.76,25.571
2026-04-24 10:28:24,7238,0,1,1.595,0.0,7.775,1.719,0.431,12.155,26.067
2026-04-24 10:28:24,7239,1,1,1.121,163.897,8.31,1.754,0.416,176.695,23.971
2026-04-24 10:28:24,7240,0,1,2.368,0.0,7.633,1.997,0.427,12.943,24.974
2026-04-24 10:28:24,7241,0,1,2.09,0.0,5.448,1.913,0.43,10.434,26.103
2026-04-24 10:28:25,7242,1,1,2.003,169.911,6.173,1.157,0.262,180.34,24.0
2026-04-24 10:28:25,7243,0,1,10.183,0.0,8.545,1.912,0.477,21.673,25.621
2026-04-24 10:28:25,7244,0,1,2.636,0.0,7.999,1.832,0.418,13.459,26.863
2026-04-24 10:28:25,7245,1,1,2.267,158.011,7.555,1.927,0.391,171.017,24.706
2026-04-24 10:28:25,7246,0,1,1.943,0.0,7.447,1.011,0.335,11.235,26.141
2026-04-24 10:28:25,7247,0,1,4.913,0.0,7.288,1.309,0.338,14.309,27.182
2026-04-24 10:28:25,7248,1,1,4.886,160.74,8.625,1.057,0.368,176.755,24.997
2026-04-24 10:28:25,7249,0,1,2.949,0.0,6.644,1.624,0.344,12.025,26.481
2026-04-24 10:28:25,7250,0,1,2.201,0.0,6.644,1.429,0.342,11.335,27.933
2026-04-24 10:28:25,7251,1,1,1.639,164.104,7.483,1.92,0.42,176.676,25.65
2026-04-24 10:28:25,7252,0,1,5.214,0.0,6.22,2.138,0.452,14.545,26.543
2026-04-24 10:28:25,7253,0,1,2.507,0.0,8.101,1.784,0.42,13.344,27.881
2026-04-24 10:28:26,7254,1,1,2.149,222.193,7.222,1.978,0.411,235.082,25.481
2026-04-24 10:28:26,7255,0,1,2.874,0.0,7.784,1.143,0.286,12.404,26.736
2026-04-24 10:28:26,7256,0,1,3.349,0.0,5.138,1.019,0.391,10.479,27.555
2026-04-24 10:28:26,7257,1,1,4.708,193.944,8.244,1.42,0.316,209.615,25.252
2026-04-24 10:28:26,7258,0,1,3.779,0.0,6.56,1.654,0.433,12.889,26.248
2026-04-24 10:28:26,7259,0,1,6.853,0.0,7.482,1.592,0.435,16.861,27.004
2026-04-24 10:28:26,7260,1,1,1.936,155.502,6.937,1.717,0.205,167.06,24.849
2026-04-24 10:28:26,7261,0,1,1.659,0.0,7.583,1.814,0.411,11.961,25.962
2026-04-24 10:28:26,7262,0,1,2.857,0.0,7.731,1.808,0.407,13.296,26.605
2026-04-24 10:28:26,7263,1,1,1.855,153.937,7.201,1.4,0.447,165.834,24.478
2026-04-24 10:28:26,7264,0,1,2.497,0.0,8.692,2.108,0.211,13.996,25.897
2026-04-24 10:28:27,7265,0,1,1.856,0.0,7.383,2.157,0.531,12.406,26.662
2026-04-24 10:28:27,7266,1,1,2.697,172.289,5.517,1.029,0.412,182.814,24.496
2026-04-24 10:28:27,7267,0,1,2.191,0.0,8.44,1.138,0.328,13.911,25.646
2026-04-24 10:28:27,7268,0,1,1.786,0.0,7.423,1.138,0.277,11.083,26.334
2026-04-24 10:28:27,7269,1,1,5.727,180.252,6.135,1.781,0.389,195.387,24.183
2026-04-24 10:28:27,7270,0,1,3.068,0.0,7.129,1.782,0.444,12.797,25.527
2026-04-24 10:28:27,7271,0,1,1.849,0.0,7.326,2.061,0.428,12.133,26.755
2026-04-24 10:28:27,7272,1,1,2.444,154.375,8.238,1.829,0.394,168.491,24.626
2026-04-24 10:28:27,7273,0,1,2.427,0.0,6.483,1.485,0.238,11.033,26.251
2026-04-24 10:28:27,7274,0,1,2.586,0.0,8.603,1.364,0.419,13.527,26.802
2026-04-24 10:28:27,7275,1,1,2.127,159.001,8.477,1.829,0.507,173.121,24.641
2026-04-24 10:28:27,7276,0,1,3.651,0.0,5.934,1.305,0.325,11.724,25.772
2026-04-24 10:28:28,7277,0,1,34.456,0.0,8.288,1.857,0.445,45.552,24.836
2026-04-24 10:28:28,7278,1,1,23.844,210.47,8.498,1.98,0.437,246.302,22.737
2026-04-24 10:28:28,7279,0,1,1.633,0.0,7.19,2.804,0.37,12.552,24.048
2026-04-24 10:28:28,7280,0,1,4.818,0.0,8.371,1.675,0.473,15.815,25.194
2026-04-24 10:28:28,7281,1,1,1.902,235.594,8.492,1.832,0.408,249.225,23.051
2026-04-24 10:28:28,7282,0,1,6.516,0.0,9.352,1.857,0.446,18.644,24.341
2026-04-24 10:28:28,7283,0,1,3.118,0.0,8.331,1.566,0.439,13.976,25.431
2026-04-24 10:28:29,7284,1,1,1.777,271.827,8.215,1.751,0.439,285.133,23.218
2026-04-24 10:28:29,7285,0,1,1.713,0.0,6.182,1.663,0.46,10.514,24.123
2026-04-24 10:28:29,7286,0,1,1.915,0.0,6.841,1.5,0.324,11.065,25.465
2026-04-24 10:28:29,7287,1,1,2.615,306.278,7.574,1.262,0.418,319.097,23.216
2026-04-24 10:28:29,7288,0,1,2.176,0.0,6.243,1.258,0.328,10.5,24.471
2026-04-24 10:28:29,7289,0,1,5.533,0.0,6.822,1.267,0.312,14.418,25.304
2026-04-24 10:28:29,7290,1,1,24.206,259.939,7.657,1.548,0.427,294.694,23.098
2026-04-24 10:28:29,7291,0,1,2.087,0.0,6.082,1.369,0.351,10.388,24.03
2026-04-24 10:28:29,7292,0,1,2.231,0.0,7.777,1.461,0.33,12.199,25.49
2026-04-24 10:28:30,7293,1,1,17.949,485.07,7.01,1.346,0.249,512.606,23.135
2026-04-24 10:28:30,7294,0,1,1.558,0.0,4.768,0.971,0.255,8.048,24.648
2026-04-24 10:28:30,7295,0,1,6.26,0.0,8.203,1.883,0.42,17.242,26.116
2026-04-24 10:28:30,7296,1,1,9.633,250.621,8.867,1.944,0.47,272.47,23.855
2026-04-24 10:28:30,7297,0,1,3.175,0.0,5.158,1.304,0.434,10.573,24.691
2026-04-24 10:28:30,7298,0,1,4.962,0.0,8.367,1.864,0.427,16.11,26.689
2026-04-24 10:28:31,7299,1,1,2.073,455.077,8.012,1.928,0.315,468.384,24.224
2026-04-24 10:28:31,7300,0,1,1.303,0.0,9.696,2.109,0.316,13.93,25.351
2026-04-24 10:28:31,7301,0,1,1.999,0.0,8.763,2.05,0.434,13.731,26.002
2026-04-24 10:28:31,7302,1,1,1.872,292.914,8.107,1.966,0.398,306.259,23.712
2026-04-24 10:28:31,7303,0,1,1.66,0.0,8.645,1.317,0.273,12.341,24.604
2026-04-24 10:28:31,7304,0,1,1.594,0.0,10.06,1.677,0.293,14.201,25.476
2026-04-24 10:28:31,7305,1,1,5.991,176.614,7.175,1.338,0.399,192.576,23.42
2026-04-24 10:28:31,7306,0,1,5.755,0.0,8.238,1.912,0.515,17.115,24.335
2026-04-24 10:28:31,7307,0,1,3.727,0.0,8.81,1.897,0.482,15.478,24.914
2026-04-24 10:28:32,7308,1,1,2.387,173.628,8.621,1.338,0.245,187.361,22.911
2026-04-24 10:28:32,7309,0,1,1.913,0.0,5.837,1.617,0.332,10.275,24.399
2026-04-24 10:28:32,7310,0,1,2.02,0.0,4.854,2.009,0.578,10.182,26.689
2026-04-24 10:28:32,7311,1,1,1.772,170.407,8.03,1.792,0.207,183.554,24.518
2026-04-24 10:28:32,7312,0,1,2.021,0.0,6.97,1.825,0.425,11.784,25.516
2026-04-24 10:28:32,7313,0,1,1.997,0.0,6.346,0.985,0.232,9.9,27.052
2026-04-24 10:28:32,7314,1,1,1.962,162.498,8.308,1.886,0.243,175.935,24.87
2026-04-24 10:28:32,7315,0,1,2.711,0.0,5.962,0.985,0.263,10.232,26.649
2026-04-24 10:28:32,7316,0,1,2.668,0.0,7.846,1.789,0.495,13.283,27.572
2026-04-24 10:28:32,7317,1,1,2.382,160.013,7.024,1.256,0.219,171.952,25.335
2026-04-24 10:28:32,7318,0,1,6.138,0.0,8.245,1.548,0.19,16.704,26.586
2026-04-24 10:28:32,7319,0,1,2.148,0.0,7.757,1.8,0.466,12.734,27.278
2026-04-24 10:28:33,7320,1,1,2.377,161.387,7.789,1.915,0.437,175.09,25.065
2026-04-24 10:28:33,7321,0,1,1.616,0.0,7.511,1.331,0.255,11.204,25.907
2026-04-24 10:28:33,7322,0,1,2.299,0.0,4.014,1.234,0.261,8.322,27.083
2026-04-24 10:28:33,7323,1,1,5.392,179.174,7.808,1.923,0.471,195.537,24.869
2026-04-24 10:28:33,7324,0,1,2.118,0.0,6.737,1.731,0.462,11.615,26.104
2026-04-24 10:28:33,7325,0,1,1.669,0.0,6.615,1.592,0.323,10.63,27.731
2026-04-24 10:28:33,7326,1,1,2.564,167.829,22.28,1.845,0.474,196.159,25.462
2026-04-24 10:28:33,7327,0,1,3.634,0.0,8.155,1.142,0.27,13.654,25.569
2026-04-24 10:28:33,7328,0,1,2.389,0.0,7.797,1.798,0.548,13.119,26.682
2026-04-24 10:28:33,7329,1,1,1.705,265.212,6.223,1.336,0.375,276.092,24.352
2026-04-24 10:28:34,7330,0,1,2.721,0.0,7.848,2.185,0.468,13.76,25.364
2026-04-24 10:28:34,7331,0,1,16.927,0.0,7.89,1.805,0.409,28.369,25.117
2026-04-24 10:28:34,7332,1,1,19.905,196.334,8.243,1.827,0.404,227.809,23.035
2026-04-24 10:28:34,7333,0,1,2.594,0.0,8.347,1.655,0.305,13.467,24.207
2026-04-24 10:28:34,7334,0,1,6.389,0.0,7.535,1.186,0.22,15.789,25.454
2026-04-24 10:28:34,7335,1,1,4.024,166.841,8.088,1.994,0.38,182.558,23.417
2026-04-24 10:28:34,7336,0,1,1.798,0.0,7.749,2.074,0.418,12.605,24.649
2026-04-24 10:28:34,7337,0,1,1.715,0.0,7.882,1.977,0.424,12.58,25.603
2026-04-24 10:28:34,7338,1,1,4.69,162.489,7.829,1.838,0.416,178.278,23.567
2026-04-24 10:28:34,7339,0,1,3.516,0.0,7.606,1.889,0.469,14.035,25.575
2026-04-24 10:28:34,7340,0,1,21.881,0.0,8.043,1.946,0.555,33.619,25.262
2026-04-24 10:28:35,7341,1,1,2.06,158.554,6.487,1.358,0.335,169.895,23.25
2026-04-24 10:28:35,7342,0,1,1.924,0.0,7.873,1.794,0.569,12.742,25.196
2026-04-24 10:28:35,7343,0,1,6.393,0.0,6.569,1.671,0.429,15.543,26.362
2026-04-24 10:28:35,7344,1,1,2.368,180.424,8.364,2.265,0.261,194.762,24.203
2026-04-24 10:28:35,7345,0,1,2.548,0.0,8.099,1.992,0.804,13.955,25.215
2026-04-24 10:28:35,7346,0,1,1.764,0.0,4.534,1.613,0.432,8.885,26.073
2026-04-24 10:28:35,7347,1,1,2.293,169.383,5.59,1.413,0.338,180.238,23.968
2026-04-24 10:28:35,7348,0,1,1.768,0.0,7.475,1.836,0.407,12.021,26.157
2026-04-24 10:28:35,7349,0,1,2.634,0.0,7.08,2.004,0.436,12.655,27.39
2026-04-24 10:28:35,7350,1,1,5.716,180.721,8.211,1.607,0.433,197.659,25.133
2026-04-24 10:28:35,7351,0,1,1.789,0.0,8.221,1.964,0.414,12.943,25.925
2026-04-24 10:28:35,7352,0,1,2.54,0.0,6.886,0.945,0.204,10.985,26.226
2026-04-24 10:28:36,7353,1,1,2.009,171.262,7.312,1.846,0.399,183.966,24.11
2026-04-24 10:28:36,7354,0,1,2.253,0.0,6.875,1.832,0.428,11.948,24.964
2026-04-24 10:28:36,7355,0,1,2.376,0.0,5.825,1.949,0.27,11.244,26.146
2026-04-24 10:28:36,7356,1,1,1.557,162.177,8.442,1.052,0.271,174.73,24.05
2026-04-24 10:28:36,7357,0,1,2.165,0.0,6.79,1.065,0.515,11.003,24.888
2026-04-24 10:28:36,7358,0,1,2.201,0.0,8.421,1.724,0.289,13.06,26.241
2026-04-24 10:28:36,7359,1,1,3.209,166.797,8.095,1.447,0.5,181.339,24.116
2026-04-24 10:28:36,7360,0,1,1.895,0.0,7.685,1.854,0.416,12.366,25.232
2026-04-24 10:28:36,7361,0,1,2.413,0.0,7.266,1.159,0.202,11.516,26.127
2026-04-24 10:28:36,7362,1,1,7.934,165.946,6.466,1.43,0.339,183.238,24.021
2026-04-24 10:28:36,7363,0,1,1.955,0.0,8.242,2.05,0.516,13.283,25.884
2026-04-24 10:28:36,7364,0,1,3.765,0.0,7.2,1.896,0.412,13.799,26.408
2026-04-24 10:28:37,7365,1,1,2.066,170.659,7.909,1.499,0.422,183.799,24.275
2026-04-24 10:28:37,7366,0,1,2.117,0.0,7.116,0.83,0.207,10.732,25.582
2026-04-24 10:28:37,7367,0,1,3.215,0.0,4.67,1.363,0.341,10.109,26.952
2026-04-24 10:28:37,7368,1,1,2.246,164.572,8.364,1.876,0.43,178.774,24.775
2026-04-24 10:28:37,7369,0,1,1.98,0.0,8.174,1.494,0.267,12.415,25.745
2026-04-24 10:28:37,7370,0,1,5.91,0.0,7.569,1.335,0.437,15.688,26.788
2026-04-24 10:28:37,7371,1,1,2.257,168.109,7.014,1.82,0.44,180.807,24.611
2026-04-24 10:28:37,7372,0,1,2.683,0.0,8.181,1.383,0.297,13.075,26.967
2026-04-24 10:28:37,7373,0,1,3.391,0.0,7.304,1.994,0.463,13.656,27.539
2026-04-24 10:28:37,7374,1,1,2.239,167.767,8.094,1.817,0.391,181.473,25.288
2026-04-24 10:28:37,7375,0,1,1.824,0.0,8.58,1.381,0.419,12.762,26.602
2026-04-24 10:28:37,7376,0,1,2.145,0.0,7.139,1.662,0.494,11.97,27.23
2026-04-24 10:28:38,7377,1,1,3.664,176.102,7.785,1.938,0.438,191.015,24.993
2026-04-24 10:28:38,7378,0,1,1.959,0.0,7.882,0.94,0.231,11.305,25.959
2026-04-24 10:28:38,7379,0,1,1.802,0.0,7.284,1.842,0.418,12.004,26.957
2026-04-24 10:28:38,7380,1,1,1.974,159.926,7.573,1.918,0.407,172.91,24.805
2026-04-24 10:28:38,7381,0,1,2.285,0.0,8.017,1.428,0.282,12.584,25.206
2026-04-24 10:28:38,7382,0,1,4.383,0.0,8.09,1.789,0.398,15.202,25.955
2026-04-24 10:28:38,7383,1,1,2.304,166.072,6.354,1.813,0.415,178.106,23.865
2026-04-24 10:28:38,7384,0,1,3.031,0.0,7.212,0.921,0.212,11.928,25.468
2026-04-24 10:28:38,7385,0,1,2.167,0.0,4.677,1.658,0.433,9.469,27.217
2026-04-24 10:28:38,7386,1,1,2.668,171.305,6.671,1.932,0.482,184.26,24.996
2026-04-24 10:28:38,7387,0,1,2.032,0.0,6.522,1.059,0.22,10.449,25.695
2026-04-24 10:28:38,7388,0,1,2.143,0.0,5.464,0.871,0.233,9.176,26.938
2026-04-24 10:28:39,7389,1,1,2.284,169.221,7.735,1.94,0.478,182.856,24.754
2026-04-24 10:28:39,7390,0,1,3.1,0.0,7.427,0.856,0.225,12.151,25.931
2026-04-24 10:28:39,7391,0,1,6.061,0.0,7.568,1.988,0.424,16.569,27.824
2026-04-24 10:28:39,7392,1,1,3.04,167.776,7.013,1.425,0.334,180.7,25.558
2026-04-24 10:28:39,7393,0,1,2.252,0.0,8.087,1.082,0.237,12.139,26.612
2026-04-24 10:28:39,7394,0,1,1.956,0.0,7.885,1.471,0.465,12.443,27.241
2026-04-24 10:28:39,7395,1,1,1.9,164.021,7.189,1.899,0.442,176.602,25.032
2026-04-24 10:28:39,7396,0,1,2.644,0.0,8.019,1.541,0.277,13.084,26.707
2026-04-24 10:28:39,7397,0,1,2.778,0.0,7.422,1.824,0.431,13.03,27.873
2026-04-24 10:28:39,7398,1,1,2.265,166.062,8.141,1.827,0.427,179.885,25.588
2026-04-24 10:28:39,7399,0,1,2.256,0.0,8.366,1.288,0.269,12.696,26.663
2026-04-24 10:28:39,7400,0,1,1.8,0.0,5.6,2.028,0.457,10.385,27.977
2026-04-24 10:28:40,7401,1,1,2.805,161.719,8.488,1.809,0.264,176.132,25.716
2026-04-24 10:28:40,7402,0,1,1.682,0.0,4.8,1.398,0.341,8.742,26.191
2026-04-24 10:28:40,7403,0,1,1.935,0.0,7.237,0.932,0.342,10.931,27.588
2026-04-24 10:28:40,7404,1,1,7.261,305.154,6.553,1.705,0.427,322.05,25.13
2026-04-24 10:28:40,7405,0,1,2.127,0.0,8.1,1.792,0.58,13.149,26.269
2026-04-24 10:28:40,7406,0,1,10.24,0.0,8.198,1.815,0.47,21.285,26.902
2026-04-24 10:28:40,7407,1,1,1.648,165.562,6.551,1.442,0.397,176.728,24.73
2026-04-24 10:28:40,7408,0,1,9.83,0.0,8.286,1.804,0.395,20.808,26.149
2026-04-24 10:28:40,7409,0,1,2.27,0.0,8.548,1.808,0.428,13.565,26.836
2026-04-24 10:28:40,7410,1,1,2.177,162.817,7.52,1.824,0.399,175.827,24.669
2026-04-24 10:28:41,7411,0,1,2.028,0.0,8.263,1.943,0.379,13.151,26.031
2026-04-24 10:28:41,7412,0,1,1.718,0.0,8.144,1.875,0.415,12.719,26.658
2026-04-24 10:28:41,7413,1,1,3.026,170.512,7.786,1.834,0.405,184.762,24.49
2026-04-24 10:28:41,7414,0,1,5.424,0.0,5.966,1.378,0.213,13.216,26.506
2026-04-24 10:28:41,7415,0,1,2.179,0.0,8.045,1.253,0.3,12.299,26.919
2026-04-24 10:28:41,7416,1,1,4.13,164.604,5.73,1.354,0.328,176.989,24.739
2026-04-24 10:28:41,7417,0,1,2.217,0.0,7.202,0.905,0.207,11.048,26.133
2026-04-24 10:28:41,7418,0,1,2.482,0.0,7.611,1.245,0.332,12.138,27.676
2026-04-24 10:28:41,7419,1,1,2.545,162.479,7.95,1.201,0.49,175.764,25.432
2026-04-24 10:28:41,7420,0,1,1.76,0.0,7.988,2.0,0.61,12.808,26.482
2026-04-24 10:28:41,7421,0,1,2.439,0.0,5.455,1.837,0.429,10.717,27.294
2026-04-24 10:28:42,7422,1,1,2.501,168.03,7.347,1.98,0.422,181.634,25.064
2026-04-24 10:28:42,7423,0,1,2.149,0.0,7.321,1.406,0.275,11.528,26.488
2026-04-24 10:28:42,7424,0,1,1.734,0.0,7.559,1.995,0.472,12.594,27.428
2026-04-24 10:28:42,7425,1,1,9.635,161.794,5.258,0.934,0.204,178.941,25.189
2026-04-24 10:28:42,7426,0,1,2.19,0.0,8.954,1.898,0.47,14.01,26.828
2026-04-24 10:28:42,7427,0,1,1.768,0.0,8.496,1.649,0.526,12.968,27.313
2026-04-24 10:28:42,7428,1,1,5.27,172.298,7.448,1.312,0.348,187.896,25.072
2026-04-24 10:28:42,7429,0,1,6.185,0.0,5.133,1.349,0.315,13.476,26.363
2026-04-24 10:28:42,7430,0,1,2.657,0.0,6.212,1.877,0.428,11.747,27.431
2026-04-24 10:28:42,7431,1,1,3.051,180.925,7.009,1.127,0.264,193.435,25.163
2026-04-24 10:28:42,7432,0,1,10.043,0.0,5.954,1.982,0.428,18.967,26.414
2026-04-24 10:28:42,7433,0,1,2.068,0.0,8.59,1.891,0.431,13.489,26.813
2026-04-24 10:28:43,7434,1,1,2.231,167.116,8.787,1.833,0.425,181.585,24.638
2026-04-24 10:28:43,7435,0,1,1.603,0.0,7.662,1.079,0.227,11.058,26.029
2026-04-24 10:28:43,7436,0,1,2.237,0.0,7.786,2.007,0.413,12.973,27.025
2026-04-24 10:28:43,7437,1,1,1.945,158.626,6.602,0.878,0.215,169.446,24.84
2026-04-24 10:28:43,7438,0,1,2.204,0.0,8.091,1.887,0.265,13.023,26.132
2026-04-24 10:28:43,7439,0,1,5.966,0.0,7.992,1.795,0.471,16.734,26.736
2026-04-24 10:28:43,7440,1,1,11.179,164.708,7.759,1.915,0.512,187.086,24.566
2026-04-24 10:28:43,7441,0,1,1.92,0.0,8.802,2.009,0.428,13.708,25.283
2026-04-24 10:28:43,7442,0,1,3.078,0.0,5.3,1.266,0.299,10.5,25.942
2026-04-24 10:28:43,7443,1,1,3.39,161.76,8.147,1.851,0.192,176.519,23.876
2026-04-24 10:28:43,7444,0,1,2.373,0.0,8.148,2.057,0.456,13.563,24.769
2026-04-24 10:28:43,7445,0,1,2.293,0.0,8.097,1.889,0.423,13.249,25.475
2026-04-24 10:28:44,7446,1,1,3.165,273.301,6.573,1.819,0.41,286.734,23.256
2026-04-24 10:28:44,7447,0,1,2.478,0.0,7.308,1.998,0.444,12.793,24.215
2026-04-24 10:28:44,7448,0,1,2.176,0.0,5.355,1.495,0.337,9.946,25.799
2026-04-24 10:28:44,7449,1,1,2.175,168.44,6.988,1.804,0.41,181.007,23.729
2026-04-24 10:28:44,7450,0,1,2.455,0.0,8.404,1.812,0.424,13.661,24.616
2026-04-24 10:28:44,7451,0,1,2.635,0.0,7.912,1.824,0.43,13.368,25.755
2026-04-24 10:28:44,7452,1,1,2.218,165.248,6.544,0.933,0.219,176.027,23.684
2026-04-24 10:28:44,7453,0,1,6.57,0.0,6.82,1.213,0.422,15.668,25.203
2026-04-24 10:28:44,7454,0,1,2.06,0.0,5.398,1.507,0.475,9.984,26.015
2026-04-24 10:28:44,7455,1,1,2.238,167.898,8.064,1.825,0.402,181.729,23.919
2026-04-24 10:28:44,7456,0,1,2.196,0.0,9.118,1.992,0.444,14.27,24.793
2026-04-24 10:28:44,7457,0,1,6.204,0.0,8.253,2.025,0.428,17.331,25.813
2026-04-24 10:28:45,7458,1,1,2.155,165.179,6.51,1.818,0.527,177.388,23.743
2026-04-24 10:28:45,7459,0,1,1.734,0.0,6.515,1.867,0.402,11.006,25.107
2026-04-24 10:28:45,7460,0,1,31.035,0.0,8.34,1.029,0.276,41.183,24.262
2026-04-24 10:28:45,7461,1,1,7.117,182.03,8.289,1.819,0.377,200.794,22.31
2026-04-24 10:28:45,7462,0,1,7.809,0.0,7.09,1.819,0.407,17.696,23.214
2026-04-24 10:28:45,7463,0,1,3.317,0.0,6.86,1.155,0.212,11.926,24.651
2026-04-24 10:28:45,7464,1,1,2.3,159.252,7.645,1.835,0.412,172.902,22.715
2026-04-24 10:28:45,7465,0,1,7.208,0.0,6.556,1.83,0.329,16.202,24.095
2026-04-24 10:28:45,7466,0,1,2.989,0.0,8.0,2.13,0.469,14.125,25.502
2026-04-24 10:28:45,7467,1,1,1.681,165.855,8.218,1.821,0.395,179.083,23.454
2026-04-24 10:28:46,7468,0,1,2.773,0.0,7.602,1.958,0.432,13.335,24.64
2026-04-24 10:28:46,7469,0,1,33.369,0.0,8.016,1.17,0.359,43.783,23.906
2026-04-24 10:28:46,7470,1,1,4.662,166.898,8.266,1.593,0.445,183.052,22.009
2026-04-24 10:28:46,7471,0,1,1.538,0.0,8.317,2.063,0.454,12.928,23.316
2026-04-24 10:28:46,7472,0,1,2.679,0.0,5.355,1.286,0.471,10.352,24.585
2026-04-24 10:28:46,7473,1,1,1.69,163.375,8.531,1.907,0.312,177.079,22.645
2026-04-24 10:28:46,7474,0,1,4.212,0.0,7.511,1.881,0.41,14.515,23.854
2026-04-24 10:28:46,7475,0,1,3.226,0.0,7.322,1.911,0.435,13.474,24.757
2026-04-24 10:28:46,7476,1,1,2.006,164.639,8.406,1.741,0.421,178.501,22.794
2026-04-24 10:28:46,7477,0,1,2.144,0.0,8.724,1.368,0.32,13.069,23.927
2026-04-24 10:28:46,7478,0,1,1.887,0.0,7.868,1.984,0.429,12.665,24.863
2026-04-24 10:28:47,7479,1,1,1.44,190.498,6.229,1.1,0.342,200.532,22.828
2026-04-24 10:28:47,7480,0,1,1.72,0.0,8.737,2.031,0.515,13.443,24.175
2026-04-24 10:28:47,7481,0,1,1.987,0.0,8.164,1.684,0.258,12.603,25.045
2026-04-24 10:28:47,7482,1,1,1.671,260.744,6.973,1.101,0.45,271.893,22.885
2026-04-24 10:28:47,7483,0,1,1.734,0.0,8.026,2.013,0.468,12.794,24.286
2026-04-24 10:28:47,7484,0,1,6.824,0.0,8.596,1.901,0.421,18.378,25.105
2026-04-24 10:28:47,7485,1,1,7.302,165.75,7.512,1.832,0.402,184.039,23.096
2026-04-24 10:28:47,7486,0,1,6.394,0.0,7.86,1.461,0.264,16.4,25.381
2026-04-24 10:28:47,7487,0,1,2.45,0.0,7.169,1.878,0.465,12.514,26.095
2026-04-24 10:28:47,7488,1,1,2.068,164.399,7.956,1.892,0.492,177.807,23.994
2026-04-24 10:28:47,7489,0,1,3.222,0.0,7.953,1.817,0.624,14.617,25.569
2026-04-24 10:28:47,7490,0,1,1.672,0.0,5.372,1.884,0.418,9.914,26.591
2026-04-24 10:28:48,7491,1,1,1.662,168.245,6.243,1.832,0.405,179.477,24.437
2026-04-24 10:28:48,7492,0,1,2.679,0.0,8.404,1.866,0.425,13.912,25.845
2026-04-24 10:28:48,7493,0,1,1.86,0.0,7.249,2.115,0.465,12.164,26.462
2026-04-24 10:28:48,7494,1,1,2.511,161.207,7.025,1.956,0.476,174.344,24.334
2026-04-24 10:28:48,7495,0,1,4.423,0.0,6.866,1.821,0.403,14.391,26.04
2026-04-24 10:28:48,7496,0,1,4.66,0.0,7.38,1.877,0.41,14.865,27.114
2026-04-24 10:28:48,7497,1,1,7.6,160.34,6.083,1.447,0.292,177.136,24.928
2026-04-24 10:28:48,7498,0,1,2.195,0.0,8.539,2.176,0.636,14.025,25.835
2026-04-24 10:28:48,7499,0,1,3.743,0.0,7.407,1.887,0.509,14.142,26.441
2026-04-24 10:28:48,7500,1,1,2.748,159.165,7.442,1.383,0.249,171.848,24.32
2026-04-24 10:28:48,7501,0,1,2.252,0.0,8.018,2.057,0.725,13.575,25.531
2026-04-24 10:28:48,7502,0,1,2.231,0.0,8.064,1.819,0.402,13.074,26.179
2026-04-24 10:28:49,7503,1,1,1.916,169.604,8.202,1.697,0.495,182.683,24.049
2026-04-24 10:28:49,7504,0,1,2.001,0.0,8.011,1.805,0.4,12.778,25.163
2026-04-24 10:28:49,7505,0,1,10.329,0.0,7.324,1.827,0.413,20.433,25.656
2026-04-24 10:28:49,7506,1,1,7.281,165.086,8.377,1.826,0.42,184.223,23.602
2026-04-24 10:28:49,7507,0,1,2.28,0.0,5.327,1.104,0.289,9.476,24.772
2026-04-24 10:28:49,7508,0,1,6.826,0.0,7.998,1.519,0.335,17.209,26.214
2026-04-24 10:28:49,7509,1,1,2.097,178.283,7.254,1.443,0.363,190.389,24.077
2026-04-24 10:28:49,7510,0,1,2.986,0.0,7.041,1.185,0.28,12.062,25.241
2026-04-24 10:28:49,7511,0,1,2.055,0.0,7.424,2.284,0.53,12.778,26.647
2026-04-24 10:28:49,7512,1,1,2.631,163.003,7.884,1.474,0.458,176.53,24.501
2026-04-24 10:28:49,7513,0,1,2.411,0.0,8.09,1.963,0.442,13.321,25.331
2026-04-24 10:28:49,7514,0,1,1.872,0.0,5.517,1.847,0.425,10.223,26.009
2026-04-24 10:28:50,7515,1,1,2.698,160.282,8.143,1.439,0.256,174.006,23.923
2026-04-24 10:28:50,7516,0,1,2.725,0.0,7.665,1.817,0.268,13.006,25.098
2026-04-24 10:28:50,7517,0,1,2.628,0.0,6.857,1.834,0.427,12.268,26.065
2026-04-24 10:28:50,7518,1,1,7.647,164.66,8.076,1.905,0.44,183.921,23.964
2026-04-24 10:28:50,7519,0,1,2.736,0.0,8.07,1.383,0.504,13.139,25.082
2026-04-24 10:28:50,7520,0,1,2.236,0.0,8.12,1.2,0.277,12.458,26.002
2026-04-24 10:28:50,7521,1,1,1.505,168.57,7.63,1.939,0.231,180.885,23.9
2026-04-24 10:28:50,7522,0,1,4.962,0.0,7.007,1.795,0.287,14.401,25.114
2026-04-24 10:28:50,7523,0,1,8.918,0.0,7.796,1.892,0.435,19.612,26.606
2026-04-24 10:28:50,7524,1,1,8.007,159.786,5.803,1.371,0.345,176.495,24.47
2026-04-24 10:28:50,7525,0,1,2.297,0.0,6.155,1.242,0.273,10.314,25.366
2026-04-24 10:28:50,7526,0,1,1.973,0.0,6.851,1.812,0.415,11.618,27.571
2026-04-24 10:28:51,7527,1,1,2.124,168.759,5.648,1.559,0.293,179.307,25.32
2026-04-24 10:28:51,7528,0,1,2.351,0.0,8.232,1.492,0.38,12.938,26.753
2026-04-24 10:28:51,7529,0,1,22.163,0.0,8.331,1.631,0.398,33.023,26.038
2026-04-24 10:28:51,7530,1,1,8.821,164.512,7.893,1.616,0.439,184.548,23.942
2026-04-24 10:28:51,7531,0,1,2.399,0.0,7.846,1.339,0.492,12.915,24.83
2026-04-24 10:28:51,7532,0,1,2.658,0.0,7.995,1.684,0.356,13.066,25.443
2026-04-24 10:28:51,7533,1,1,2.321,168.157,7.893,1.813,0.414,182.002,23.4
2026-04-24 10:28:51,7534,0,1,2.309,0.0,7.539,1.846,0.471,12.76,24.263
2026-04-24 10:28:51,7535,0,1,2.093,0.0,8.117,1.127,0.219,12.046,25.432
2026-04-24 10:28:51,7536,1,1,6.403,182.484,7.91,1.787,0.41,200.239,23.36
2026-04-24 10:28:52,7537,0,1,3.112,0.0,6.821,1.189,0.374,11.969,24.512
2026-04-24 10:28:52,7538,0,1,15.716,0.0,7.746,1.214,0.297,25.485,24.701
2026-04-24 10:28:52,7539,1,1,5.193,165.3,8.196,1.826,0.366,182.04,22.729
2026-04-24 10:28:52,7540,0,1,2.193,0.0,7.235,1.827,0.405,12.17,24.061
2026-04-24 10:28:52,7541,0,1,1.905,0.0,8.292,1.848,0.427,13.049,25.014
2026-04-24 10:28:52,7542,1,1,1.726,165.249,7.966,1.684,0.457,177.985,23.025
2026-04-24 10:28:52,7543,0,1,7.2,0.0,6.186,1.345,0.321,15.561,24.52
2026-04-24 10:28:52,7544,0,1,1.723,0.0,6.938,1.034,0.234,10.42,26.212
2026-04-24 10:28:52,7545,1,1,4.008,163.936,7.29,1.802,0.385,178.547,24.112
2026-04-24 10:28:52,7546,0,1,2.328,0.0,5.243,1.229,0.419,9.751,25.124
2026-04-24 10:28:52,7547,0,1,2.194,0.0,8.157,1.688,0.26,12.797,26.838
2026-04-24 10:28:53,7548,1,1,3.583,159.605,7.712,1.827,0.43,174.218,24.675
2026-04-24 10:28:53,7549,0,1,2.006,0.0,8.274,1.986,0.41,13.167,25.778
2026-04-24 10:28:53,7550,0,1,2.134,0.0,8.449,1.814,0.417,13.382,26.932
2026-04-24 10:28:53,7551,1,1,2.334,161.479,7.861,1.978,0.431,175.231,24.746
2026-04-24 10:28:53,7552,0,1,2.224,0.0,7.716,1.108,0.238,11.751,26.186
2026-04-24 10:28:53,7553,0,1,2.692,0.0,7.803,1.326,0.323,12.599,27.03
2026-04-24 10:28:53,7554,1,1,1.648,163.069,5.977,1.332,0.392,173.631,24.838
2026-04-24 10:28:53,7555,0,1,2.407,0.0,7.648,1.136,0.237,11.916,26.057
2026-04-24 10:28:53,7556,0,1,2.699,0.0,8.163,1.795,0.607,13.916,26.905
2026-04-24 10:28:53,7557,1,1,9.503,162.041,6.2,1.906,0.429,181.294,24.735
2026-04-24 10:28:53,7558,0,1,1.977,0.0,8.08,1.795,0.295,12.482,26.344
2026-04-24 10:28:53,7559,0,1,3.091,0.0,7.898,1.959,0.412,13.877,26.991
2026-04-24 10:28:54,7560,1,1,3.459,267.409,6.422,1.909,0.43,280.618,24.628
2026-04-24 10:28:54,7561,0,1,1.96,0.0,6.933,1.031,0.226,10.628,25.669
2026-04-24 10:28:54,7562,0,1,14.874,0.0,8.377,1.832,0.427,26.008,26.781
2026-04-24 10:28:54,7563,1,1,9.885,180.025,8.436,1.591,0.42,201.516,24.578
2026-04-24 10:28:54,7564,0,1,2.029,0.0,6.444,0.938,0.345,10.247,25.665
2026-04-24 10:28:54,7565,0,1,1.617,0.0,5.488,1.879,0.417,10.028,26.572
2026-04-24 10:28:54,7566,1,1,1.743,164.124,6.158,1.342,0.415,174.923,24.437
2026-04-24 10:28:54,7567,0,1,1.936,0.0,7.948,1.745,0.437,12.55,25.483
2026-04-24 10:28:54,7568,0,1,2.272,0.0,8.676,1.073,0.419,12.918,26.487
2026-04-24 10:28:54,7569,1,1,2.812,169.726,6.902,1.964,0.437,183.155,24.345
2026-04-24 10:28:54,7570,0,1,1.654,0.0,7.864,1.962,0.215,12.206,26.235
2026-04-24 10:28:54,7571,0,1,2.633,0.0,7.842,1.845,0.386,13.325,26.664
2026-04-24 10:28:55,7572,1,1,2.106,165.906,8.178,1.826,0.467,179.526,24.508
2026-04-24 10:28:55,7573,0,1,2.441,0.0,8.087,1.862,0.422,13.316,25.513
2026-04-24 10:28:55,7574,0,1,1.884,0.0,7.145,1.969,0.509,11.897,26.558
2026-04-24 10:28:55,7575,1,1,2.14,226.884,8.321,1.898,0.519,240.987,24.285
2026-04-24 10:28:55,7576,0,1,1.999,0.0,7.003,1.057,0.42,10.98,25.083
2026-04-24 10:28:55,7577,0,1,2.46,0.0,8.349,2.02,0.433,13.87,25.99
2026-04-24 10:28:55,7578,1,1,1.922,209.269,8.354,1.916,0.521,223.252,23.801
2026-04-24 10:28:55,7579,0,1,1.875,0.0,9.014,1.553,0.341,13.542,24.835
2026-04-24 10:28:55,7580,0,1,2.095,0.0,9.475,2.055,0.478,14.758,25.631
2026-04-24 10:28:56,7581,1,1,7.725,188.362,24.686,1.227,0.351,223.379,23.512
2026-04-24 10:28:56,7582,0,1,7.523,0.0,7.964,1.696,0.488,18.134,23.392
2026-04-24 10:28:56,7583,0,1,1.695,0.0,8.122,1.823,0.429,12.571,24.289
2026-04-24 10:28:56,7584,1,1,3.483,178.246,7.393,1.635,0.364,192.205,22.345
2026-04-24 10:28:56,7585,0,1,3.09,0.0,8.279,1.431,0.335,13.591,23.385
2026-04-24 10:28:56,7586,0,1,4.823,0.0,8.507,1.869,0.424,16.127,24.53
2026-04-24 10:28:56,7587,1,1,8.731,203.881,7.421,1.552,0.284,222.967,22.503
2026-04-24 10:28:56,7588,0,1,2.188,0.0,6.832,1.692,0.337,11.581,24.063
2026-04-24 10:28:56,7589,0,1,4.172,0.0,7.026,1.559,0.374,13.482,25.465
2026-04-24 10:28:56,7590,1,1,2.207,184.142,8.251,1.844,0.411,197.735,23.385
2026-04-24 10:28:56,7591,0,1,1.911,0.0,7.873,2.096,0.55,12.939,24.171
2026-04-24 10:28:56,7592,0,1,2.539,0.0,8.475,1.917,0.432,13.906,24.807
2026-04-24 10:28:57,7593,1,1,4.606,191.165,6.234,1.562,0.438,205.204,22.774
2026-04-24 10:28:57,7594,0,1,2.188,0.0,6.289,1.486,0.592,11.059,24.301
2026-04-24 10:28:57,7595,0,1,2.244,0.0,7.84,1.981,0.466,12.982,25.848
2026-04-24 10:28:57,7596,1,1,2.456,247.481,8.042,1.06,0.38,260.493,23.626
2026-04-24 10:28:57,7597,0,1,2.169,0.0,8.34,1.833,0.425,13.426,24.745
2026-04-24 10:28:57,7598,0,1,1.586,0.0,6.362,1.911,0.471,10.899,25.724
2026-04-24 10:28:57,7599,1,1,2.71,163.629,7.609,1.258,0.409,176.484,23.66
2026-04-24 10:28:57,7600,0,1,3.47,0.0,8.077,1.957,0.402,14.412,24.747
2026-04-24 10:28:57,7601,0,1,2.097,0.0,5.503,1.85,0.483,10.445,25.831
2026-04-24 10:28:57,7602,1,1,9.588,168.146,7.779,1.293,0.313,188.259,23.76
2026-04-24 10:28:58,7603,0,1,6.27,0.0,6.954,1.576,0.228,15.525,24.87
2026-04-24 10:28:58,7604,0,1,14.115,0.0,7.159,1.444,0.409,23.61,25.019
2026-04-24 10:28:58,7605,1,1,9.652,164.698,8.395,1.293,0.362,185.565,23.022
2026-04-24 10:28:58,7606,0,1,2.198,0.0,6.483,1.801,0.42,11.524,24.155
2026-04-24 10:28:58,7607,0,1,3.036,0.0,5.587,1.617,0.454,11.233,25.36
2026-04-24 10:28:58,7608,1,1,8.819,162.35,8.492,1.825,0.384,182.99,23.35
2026-04-24 10:28:58,7609,0,1,3.482,0.0,7.939,1.821,0.405,14.205,24.193
2026-04-24 10:28:58,7610,0,1,2.186,0.0,5.593,1.841,0.428,10.577,25.209
2026-04-24 10:28:58,7611,1,1,2.538,162.116,8.535,1.121,0.241,175.667,23.225
2026-04-24 10:28:58,7612,0,1,2.087,0.0,8.113,1.814,0.411,12.919,23.909
2026-04-24 10:28:58,7613,0,1,8.194,0.0,7.041,1.862,0.428,18.0,24.581
2026-04-24 10:28:59,7614,1,1,1.708,172.165,28.705,1.078,0.894,205.353,22.612
2026-04-24 10:28:59,7615,0,1,1.679,0.0,5.582,1.338,0.333,9.458,22.491
2026-04-24 10:28:59,7616,0,1,1.716,0.0,8.282,1.962,0.455,13.001,24.28
2026-04-24 10:28:59,7617,1,1,1.633,172.207,7.132,1.905,0.424,184.407,22.335
2026-04-24 10:28:59,7618,0,1,2.036,0.0,7.06,1.058,0.307,10.986,23.547
2026-04-24 10:28:59,7619,0,1,3.303,0.0,5.248,1.327,0.324,10.709,25.575
2026-04-24 10:28:59,7620,1,1,8.479,161.087,5.309,1.348,0.323,177.699,23.529
2026-04-24 10:28:59,7621,0,1,2.314,0.0,7.36,1.089,0.24,11.491,24.718
2026-04-24 10:28:59,7622,0,1,2.123,0.0,8.292,2.096,0.496,13.59,26.418
2026-04-24 10:28:59,7623,1,1,2.278,165.67,7.676,1.833,0.424,178.939,24.284
2026-04-24 10:28:59,7624,0,1,1.89,0.0,7.166,1.423,0.424,11.37,25.464
2026-04-24 10:28:59,7625,0,1,10.11,0.0,5.622,1.356,0.318,17.906,26.306
2026-04-24 10:29:00,7626,1,1,3.199,180.667,6.62,1.54,0.272,193.517,24.151
2026-04-24 10:29:00,7627,0,1,2.217,0.0,6.948,0.946,0.232,10.776,25.563
2026-04-24 10:29:00,7628,0,1,2.158,0.0,8.07,1.957,0.487,13.381,26.559
2026-04-24 10:29:00,7629,1,1,1.849,164.926,8.11,1.859,0.404,178.139,24.41
2026-04-24 10:29:00,7630,0,1,2.243,0.0,7.107,0.852,0.328,11.038,25.542
2026-04-24 10:29:00,7631,0,1,5.111,0.0,5.254,1.22,0.473,12.517,27.295
2026-04-24 10:29:00,7632,1,1,1.968,169.541,5.673,1.364,0.342,179.95,25.071
2026-04-24 10:29:00,7633,0,1,2.369,0.0,7.024,1.607,0.429,12.008,25.763
2026-04-24 10:29:00,7634,0,1,1.738,0.0,8.092,1.197,0.265,11.855,27.759
2026-04-24 10:29:00,7635,1,1,2.422,171.875,8.144,1.79,0.339,185.969,25.476
2026-04-24 10:29:00,7636,0,1,2.835,0.0,7.117,1.855,0.425,12.801,26.285
2026-04-24 10:29:00,7637,0,1,2.117,0.0,6.732,1.89,0.417,11.687,27.4
2026-04-24 10:29:01,7638,1,1,1.718,164.853,7.545,1.86,0.385,177.345,25.181
2026-04-24 10:29:01,7639,0,1,1.846,0.0,8.295,1.819,0.41,12.868,26.006
2026-04-24 10:29:01,7640,0,1,5.365,0.0,5.115,0.922,0.239,12.113,26.618
2026-04-24 10:29:01,7641,1,1,9.423,201.557,7.212,1.806,0.422,221.598,24.383
2026-04-24 10:29:01,7642,0,1,2.337,0.0,7.661,1.898,0.426,12.971,25.19
2026-04-24 10:29:01,7643,0,1,1.862,0.0,7.931,1.563,0.456,12.461,26.317
2026-04-24 10:29:01,7644,1,1,6.303,174.381,7.622,1.393,0.473,191.383,24.172
2026-04-24 10:29:01,7645,0,1,2.142,0.0,6.567,1.343,0.212,10.733,25.312
2026-04-24 10:29:01,7646,0,1,6.819,0.0,8.267,1.817,0.41,17.778,26.403
2026-04-24 10:29:01,7647,1,1,2.008,157.655,7.787,1.611,0.414,170.433,24.294
2026-04-24 10:29:01,7648,0,1,7.64,0.0,8.454,1.887,0.392,19.152,25.559
2026-04-24 10:29:01,7649,0,1,1.867,0.0,8.353,1.892,0.407,13.077,25.979
2026-04-24 10:29:02,7650,1,1,2.24,156.554,8.294,1.308,0.44,169.995,23.911
2026-04-24 10:29:02,7651,0,1,2.236,0.0,7.918,1.796,0.411,13.045,24.688
2026-04-24 10:29:02,7652,0,1,2.673,0.0,7.341,1.82,0.425,12.833,25.967
2026-04-24 10:29:02,7653,1,1,1.893,164.063,8.469,1.245,0.235,176.783,23.882
2026-04-24 10:29:02,7654,0,1,2.581,0.0,7.667,1.81,0.584,13.251,25.409
2026-04-24 10:29:02,7655,0,1,28.207,0.0,6.893,0.912,0.24,36.757,24.657
2026-04-24 10:29:02,7656,1,1,3.637,165.47,7.637,1.497,0.417,179.769,22.693
2026-04-24 10:29:02,7657,0,1,1.874,0.0,4.483,0.886,0.297,8.075,24.683
2026-04-24 10:29:02,7658,0,1,7.755,0.0,5.925,1.495,0.402,16.151,26.93
2026-04-24 10:29:02,7659,1,1,1.612,159.239,8.047,1.994,0.418,172.467,24.76
2026-04-24 10:29:02,7660,0,1,6.337,0.0,8.171,1.822,0.51,17.399,26.137
2026-04-24 10:29:02,7661,0,1,1.769,0.0,7.627,1.817,0.425,12.132,26.832
2026-04-24 10:29:03,7662,1,1,2.093,158.145,6.85,1.42,0.49,170.2,24.68
2026-04-24 10:29:03,7663,0,1,2.678,0.0,7.88,2.099,0.447,13.604,25.446
2026-04-24 10:29:03,7664,0,1,1.999,0.0,7.214,2.025,0.417,12.198,26.069
2026-04-24 10:29:03,7665,1,1,4.292,174.459,8.217,2.211,0.261,190.734,23.951
2026-04-24 10:29:03,7666,0,1,5.39,0.0,16.899,1.989,0.467,25.226,24.805
2026-04-24 10:29:03,7667,0,1,2.32,0.0,5.476,1.226,0.333,10.015,25.042
2026-04-24 10:29:03,7668,1,1,2.064,312.984,7.369,1.842,0.557,325.938,22.832
2026-04-24 10:29:03,7669,0,1,6.751,0.0,8.183,1.711,0.484,17.677,24.342
2026-04-24 10:29:03,7670,0,1,2.168,0.0,8.874,2.081,0.236,13.805,25.087
2026-04-24 10:29:04,7671,1,1,2.356,208.494,7.649,1.376,0.345,221.136,22.996
2026-04-24 10:29:04,7672,0,1,4.544,0.0,5.617,1.405,0.363,12.212,24.547
2026-04-24 10:29:04,7673,0,1,27.27,0.0,6.431,1.484,0.403,36.003,24.767
2026-04-24 10:29:04,7674,1,1,23.875,207.356,8.487,1.971,0.444,243.295,22.681
2026-04-24 10:29:04,7675,0,1,3.132,0.0,8.815,1.914,0.45,14.814,23.918
2026-04-24 10:29:04,7676,0,1,2.905,0.0,8.576,1.242,0.249,13.482,24.701
2026-04-24 10:29:04,7677,1,1,2.879,202.983,6.579,1.918,0.449,215.928,22.658
2026-04-24 10:29:04,7678,0,1,7.494,0.0,7.855,1.697,0.328,17.65,23.585
2026-04-24 10:29:04,7679,0,1,1.658,0.0,7.914,2.554,0.516,13.621,24.364
2026-04-24 10:29:05,7680,1,1,2.506,184.262,8.517,1.952,0.267,198.492,22.385
2026-04-24 10:29:05,7681,0,1,1.671,0.0,7.046,2.04,0.404,11.656,23.871
2026-04-24 10:29:05,7682,0,1,2.021,0.0,8.687,1.881,0.431,13.581,24.964
2026-04-24 10:29:05,7683,1,1,2.677,174.787,7.819,1.939,0.471,189.085,22.954
2026-04-24 10:29:05,7684,0,1,2.653,0.0,5.468,1.3,0.273,10.06,24.076
2026-04-24 10:29:05,7685,0,1,7.464,0.0,8.092,1.51,0.329,17.682,26.115
2026-04-24 10:29:05,7686,1,1,1.989,196.041,8.311,1.821,0.506,209.52,23.938
2026-04-24 10:29:05,7687,0,1,1.658,0.0,8.689,1.829,0.431,13.198,24.989
2026-04-24 10:29:05,7688,0,1,1.906,0.0,7.466,1.147,0.242,11.25,25.687
2026-04-24 10:29:05,7689,1,1,1.598,197.187,8.193,1.917,0.404,210.388,23.561
2026-04-24 10:29:05,7690,0,1,2.189,0.0,6.33,1.679,0.305,10.952,24.47
2026-04-24 10:29:05,7691,0,1,2.569,0.0,9.241,1.199,0.257,13.642,25.623
2026-04-24 10:29:06,7692,1,1,2.654,169.334,8.944,2.058,0.49,184.605,23.56
2026-04-24 10:29:06,7693,0,1,2.413,0.0,7.676,1.843,0.324,12.713,24.983
2026-04-24 10:29:06,7694,0,1,2.149,0.0,7.345,1.804,0.416,12.298,25.906
2026-04-24 10:29:06,7695,1,1,2.459,162.075,7.668,1.795,0.416,175.561,23.827
2026-04-24 10:29:06,7696,0,1,7.784,0.0,7.555,2.001,0.412,18.12,24.827
2026-04-24 10:29:06,7697,0,1,2.596,0.0,8.654,1.864,0.426,14.229,25.999
2026-04-24 10:29:06,7698,1,1,6.253,162.084,6.483,1.913,0.419,178.344,23.914
2026-04-24 10:29:06,7699,0,1,1.896,0.0,6.858,2.051,0.422,11.782,25.936
2026-04-24 10:29:06,7700,0,1,3.631,0.0,8.02,1.968,0.411,14.535,26.411
2026-04-24 10:29:06,7701,1,1,2.312,162.784,7.692,1.516,0.325,175.622,24.291
2026-04-24 10:29:06,7702,0,1,2.269,0.0,8.428,1.928,0.495,13.645,25.338
2026-04-24 10:29:06,7703,0,1,1.985,0.0,8.444,1.81,0.424,13.231,26.357
2026-04-24 10:29:07,7704,1,1,5.633,165.732,6.071,1.261,0.271,180.134,24.236
2026-04-24 10:29:07,7705,0,1,6.659,0.0,6.236,1.048,0.403,14.812,25.817
2026-04-24 10:29:07,7706,0,1,2.251,0.0,5.628,1.363,0.436,10.231,26.725
2026-04-24 10:29:07,7707,1,1,2.324,171.832,5.824,1.348,0.326,182.847,24.553
2026-04-24 10:29:07,7708,0,1,1.904,0.0,8.043,1.899,0.335,12.617,26.748
2026-04-24 10:29:07,7709,0,1,3.929,0.0,7.864,1.769,0.281,14.351,27.173
2026-04-24 10:29:07,7710,1,1,1.551,167.25,8.636,1.909,0.43,181.004,24.967
2026-04-24 10:29:07,7711,0,1,2.205,0.0,5.841,0.862,0.293,9.68,25.647
2026-04-24 10:29:07,7712,0,1,8.905,0.0,18.387,1.006,0.28,29.213,26.367
2026-04-24 10:29:07,7713,1,1,1.578,156.444,8.085,1.9,0.294,169.103,24.232
2026-04-24 10:29:07,7714,0,1,2.185,0.0,8.317,2.396,0.502,13.901,25.152
2026-04-24 10:29:07,7715,0,1,4.422,0.0,8.414,2.084,0.435,15.792,25.846
2026-04-24 10:29:08,7716,1,1,2.672,180.024,8.565,1.931,0.454,194.876,23.732
2026-04-24 10:29:08,7717,0,1,2.193,0.0,6.982,1.446,0.317,11.277,25.019
2026-04-24 10:29:08,7718,0,1,3.2,0.0,7.296,1.082,0.436,12.526,26.464
2026-04-24 10:29:08,7719,1,1,2.235,165.847,6.42,1.369,0.327,177.38,24.327
2026-04-24 10:29:08,7720,0,1,5.429,0.0,7.566,1.231,0.211,14.926,25.737
2026-04-24 10:29:08,7721,0,1,36.294,0.0,7.679,1.405,0.424,46.331,25.121
2026-04-24 10:29:08,7722,1,1,2.513,174.453,8.066,1.855,0.444,188.617,23.086
2026-04-24 10:29:08,7723,0,1,2.03,0.0,7.577,1.865,0.432,12.442,24.34
2026-04-24 10:29:08,7724,0,1,2.862,0.0,8.702,1.765,0.406,14.238,25.335
2026-04-24 10:29:08,7725,1,1,2.627,169.823,7.44,1.911,0.445,183.402,23.305
2026-04-24 10:29:08,7726,0,1,2.185,0.0,8.348,1.23,0.339,12.503,24.269
2026-04-24 10:29:08,7727,0,1,9.418,0.0,6.296,1.82,0.432,18.474,25.143
2026-04-24 10:29:09,7728,1,1,2.676,173.532,6.989,1.849,0.415,186.52,23.12
2026-04-24 10:29:09,7729,0,1,2.145,0.0,8.216,2.148,0.483,13.62,24.421
2026-04-24 10:29:09,7730,0,1,19.022,0.0,7.45,1.678,0.4,29.088,24.234
2026-04-24 10:29:09,7731,1,1,8.915,179.527,7.275,1.094,0.243,198.14,22.28
2026-04-24 10:29:09,7732,0,1,1.931,0.0,5.8,1.931,0.427,10.617,24.035
2026-04-24 10:29:09,7733,0,1,2.622,0.0,7.352,1.891,0.439,12.809,24.769
2026-04-24 10:29:09,7734,1,1,2.591,184.289,6.594,0.926,0.425,195.787,22.754
2026-04-24 10:29:09,7735,0,1,5.864,0.0,8.754,1.465,0.447,17.31,24.625
2026-04-24 10:29:09,7736,0,1,2.128,0.0,7.881,1.964,0.475,13.021,25.425
2026-04-24 10:29:09,7737,1,1,1.581,161.061,7.501,1.926,0.471,173.789,23.395
2026-04-24 10:29:10,7738,0,1,7.484,0.0,5.552,1.42,0.408,15.52,24.674
2026-04-24 10:29:10,7739,0,1,9.952,0.0,8.296,1.812,0.485,21.086,25.017
2026-04-24 10:29:10,7740,1,1,3.024,168.581,7.852,1.904,0.429,182.973,23.007
2026-04-24 10:29:10,7741,0,1,2.308,0.0,7.742,1.125,0.249,11.939,24.085
2026-04-24 10:29:10,7742,0,1,4.327,0.0,7.451,1.805,0.393,14.544,25.355
2026-04-24 10:29:10,7743,1,1,3.286,191.799,7.471,1.156,0.286,205.134,23.27
2026-04-24 10:29:10,7744,0,1,4.188,0.0,8.178,1.328,0.334,14.571,24.835
2026-04-24 10:29:10,7745,0,1,1.768,0.0,5.488,0.855,0.357,8.971,26.042
2026-04-24 10:29:10,7746,1,1,2.445,160.565,5.496,1.412,0.328,171.245,23.972
2026-04-24 10:29:10,7747,0,1,8.639,0.0,6.737,1.2,0.418,17.474,25.293
2026-04-24 10:29:10,7748,0,1,2.345,0.0,8.565,1.958,0.47,13.815,26.083
2026-04-24 10:29:11,7749,1,1,2.477,161.018,5.969,0.893,0.221,171.627,24.001
2026-04-24 10:29:11,7750,0,1,2.449,0.0,8.204,1.884,0.399,13.745,25.99
2026-04-24 10:29:11,7751,0,1,2.374,0.0,8.674,2.102,0.458,14.123,26.456
2026-04-24 10:29:11,7752,1,1,1.798,163.87,7.824,1.905,0.43,177.023,24.337
2026-04-24 10:29:11,7753,0,1,1.579,0.0,8.013,1.876,0.529,12.503,25.129
2026-04-24 10:29:11,7754,0,1,1.491,0.0,8.158,1.818,0.728,12.676,25.947
2026-04-24 10:29:11,7755,1,1,2.416,165.246,7.221,1.866,0.404,178.354,23.865
2026-04-24 10:29:11,7756,0,1,2.277,0.0,6.463,1.181,0.216,10.638,24.942
2026-04-24 10:29:11,7757,0,1,2.45,0.0,8.314,1.799,0.395,13.492,26.073
2026-04-24 10:29:11,7758,1,1,2.622,168.156,8.145,1.775,0.193,181.887,23.961
2026-04-24 10:29:11,7759,0,1,2.277,0.0,7.802,1.971,0.42,13.036,25.518
2026-04-24 10:29:11,7760,0,1,2.25,0.0,7.085,1.166,0.217,11.239,26.48
2026-04-24 10:29:12,7761,1,1,4.127,159.081,7.696,2.053,0.493,174.585,24.361
2026-04-24 10:29:12,7762,0,1,9.73,0.0,7.674,1.972,0.416,20.349,25.952
2026-04-24 10:29:12,7763,0,1,9.37,0.0,8.508,1.42,0.406,20.145,26.678
2026-04-24 10:29:12,7764,1,1,2.339,176.305,7.969,1.898,0.424,189.84,24.493
2026-04-24 10:29:12,7765,0,1,2.527,0.0,6.448,1.272,0.384,11.221,25.569
2026-04-24 10:29:12,7766,0,1,2.818,0.0,7.813,1.892,0.412,13.436,26.36
2026-04-24 10:29:12,7767,1,1,1.952,164.565,8.27,1.97,0.439,178.353,24.236
2026-04-24 10:29:12,7768,0,1,6.575,0.0,8.945,1.929,0.448,18.416,25.216
2026-04-24 10:29:12,7769,0,1,9.597,0.0,8.55,1.663,0.397,20.694,26.266
2026-04-24 10:29:12,7770,1,1,5.466,168.605,7.643,1.792,0.434,185.056,24.133
2026-04-24 10:29:12,7771,0,1,1.885,0.0,7.71,2.177,0.49,12.839,25.523
2026-04-24 10:29:12,7772,0,1,15.916,0.0,6.899,0.958,0.221,24.459,25.43
2026-04-24 10:29:13,7773,1,1,2.128,161.099,7.733,1.927,0.424,174.481,23.415
2026-04-24 10:29:13,7774,0,1,2.176,0.0,6.635,1.616,0.339,11.292,24.736
2026-04-24 10:29:13,7775,0,1,3.203,0.0,7.53,1.802,0.456,13.582,26.037
2026-04-24 10:29:13,7776,1,1,1.78,169.194,7.312,1.938,0.387,181.666,23.933
2026-04-24 10:29:13,7777,0,1,2.003,0.0,5.871,1.145,0.335,9.864,25.238
2026-04-24 10:29:13,7778,0,1,2.012,0.0,8.077,1.781,0.632,13.006,26.508
2026-04-24 10:29:13,7779,1,1,2.765,166.775,5.478,1.398,0.426,177.828,24.373
2026-04-24 10:29:13,7780,0,1,2.343,0.0,7.602,0.97,0.208,11.603,25.742
2026-04-24 10:29:13,7781,0,1,2.752,0.0,4.709,1.284,0.236,9.32,25.67
2026-04-24 10:29:13,7782,1,1,1.945,165.435,8.343,1.944,0.365,179.355,23.632
2026-04-24 10:29:13,7783,0,1,1.773,0.0,7.594,1.826,0.408,12.148,24.51
2026-04-24 10:29:13,7784,0,1,2.733,0.0,5.42,1.832,0.437,10.928,25.475
2026-04-24 10:29:14,7785,1,1,2.311,284.037,8.151,1.82,0.438,297.908,23.244
2026-04-24 10:29:14,7786,0,1,1.683,0.0,7.571,1.163,0.229,11.112,24.124
2026-04-24 10:29:14,7787,0,1,4.601,0.0,17.608,1.164,32.111,56.248,25.606
2026-04-24 10:29:14,7788,1,1,1.75,178.432,8.02,1.837,0.442,191.607,23.423
2026-04-24 10:29:14,7789,0,1,2.427,0.0,6.405,2.228,0.432,12.017,24.515
2026-04-24 10:29:14,7790,0,1,2.108,0.0,7.679,1.857,0.448,12.61,25.673
2026-04-24 10:29:14,7791,1,1,2.637,164.443,8.557,1.769,0.485,178.981,23.627
2026-04-24 10:29:14,7792,0,1,3.264,0.0,8.494,1.832,0.427,14.543,24.606
2026-04-24 10:29:14,7793,0,1,4.878,0.0,7.153,1.787,0.646,15.063,25.945
2026-04-24 10:29:15,7794,1,1,2.361,178.207,7.121,1.311,0.383,190.36,23.841
2026-04-24 10:29:15,7795,0,1,2.939,0.0,4.691,0.806,0.196,9.101,25.241
2026-04-24 10:29:15,7796,0,1,1.607,0.0,5.033,1.979,0.291,9.447,27.412
2026-04-24 10:29:15,7797,1,1,1.965,165.45,7.008,1.37,0.323,177.2,25.191
2026-04-24 10:29:15,7798,0,1,2.113,0.0,6.462,1.395,0.278,10.837,26.759
2026-04-24 10:29:15,7799,0,1,2.194,0.0,6.402,1.546,0.222,10.87,28.033
2026-04-24 10:29:15,7800,1,1,2.22,166.303,6.249,0.871,0.402,177.005,25.743
2026-04-24 10:29:15,7801,0,1,2.357,0.0,8.811,1.122,0.362,13.131,26.871
2026-04-24 10:29:15,7802,0,1,2.011,0.0,7.957,1.971,0.531,13.058,27.656
2026-04-24 10:29:15,7803,1,1,1.566,162.77,7.984,2.018,0.442,175.924,25.395
2026-04-24 10:29:15,7804,0,1,2.061,0.0,7.294,1.195,0.213,11.104,26.554
2026-04-24 10:29:15,7805,0,1,5.32,0.0,7.301,1.371,0.336,14.857,27.763
2026-04-24 10:29:16,7806,1,1,2.595,167.895,8.384,1.837,0.43,182.263,25.498
2026-04-24 10:29:16,7807,0,1,2.041,0.0,8.81,1.64,0.425,13.495,26.243
2026-04-24 10:29:16,7808,0,1,1.909,0.0,8.286,1.887,0.385,13.016,27.18
2026-04-24 10:29:16,7809,1,1,4.659,170.287,8.328,2.218,0.333,186.938,24.963
2026-04-24 10:29:16,7810,0,1,2.944,0.0,8.184,1.968,0.487,14.152,25.866
2026-04-24 10:29:16,7811,0,1,2.288,0.0,6.164,0.885,0.358,10.2,27.127
2026-04-24 10:29:16,7812,1,1,1.69,161.425,8.216,2.035,0.425,174.934,24.947
2026-04-24 10:29:16,7813,0,1,1.576,0.0,6.212,1.036,0.299,9.665,26.214
2026-04-24 10:29:16,7814,0,1,3.76,0.0,7.842,1.973,0.413,14.48,27.661
2026-04-24 10:29:16,7815,1,1,2.615,171.587,8.409,1.62,0.31,185.298,25.394
2026-04-24 10:29:16,7816,0,1,2.284,0.0,8.489,1.836,0.426,13.586,26.659
2026-04-24 10:29:16,7817,0,1,2.304,0.0,7.992,1.818,0.428,13.119,26.94
2026-04-24 10:29:17,7818,1,1,2.747,162.292,8.309,1.557,0.219,176.276,24.752
2026-04-24 10:29:17,7819,0,1,4.162,0.0,6.588,1.867,0.411,13.586,25.955
2026-04-24 10:29:17,7820,0,1,1.852,0.0,8.558,1.928,0.422,13.332,26.525
2026-04-24 10:29:17,7821,1,1,2.082,175.534,7.228,1.882,0.449,188.301,24.35
2026-04-24 10:29:17,7822,0,1,9.401,0.0,6.085,1.861,0.302,17.927,25.799
2026-04-24 10:29:17,7823,0,1,3.129,0.0,6.747,1.15,0.301,11.866,26.971
2026-04-24 10:29:17,7824,1,1,21.08,231.153,7.509,1.778,0.36,263.373,24.653
2026-04-24 10:29:17,7825,0,1,3.118,0.0,7.896,1.806,0.273,13.621,25.938
2026-04-24 10:29:17,7826,0,1,7.589,0.0,5.81,1.607,0.438,15.937,26.335
2026-04-24 10:29:18,7827,1,1,1.787,374.142,8.182,2.772,0.431,388.701,23.95
2026-04-24 10:29:18,7828,0,1,2.152,0.0,6.844,2.645,0.467,12.627,24.91
2026-04-24 10:29:18,7829,0,1,3.57,0.0,19.582,2.02,0.426,26.014,28.305
2026-04-24 10:29:18,7830,1,1,2.1,471.576,8.546,1.758,0.292,485.246,25.669
2026-04-24 10:29:18,7831,0,1,13.781,0.0,9.658,1.386,0.343,25.668,26.604
2026-04-24 10:29:18,7832,0,1,3.287,0.0,7.745,2.996,0.452,14.986,27.271
2026-04-24 10:29:19,7833,1,1,2.965,414.829,8.503,1.775,0.399,429.502,24.775
2026-04-24 10:29:19,7834,0,1,2.351,0.0,6.333,1.255,0.396,10.978,26.296
2026-04-24 10:29:19,7835,0,1,2.005,0.0,7.11,1.661,0.459,11.767,27.627
2026-04-24 10:29:19,7836,1,1,2.317,370.897,7.474,1.717,0.387,383.829,25.113
2026-04-24 10:29:19,7837,0,1,6.59,0.0,7.355,1.914,0.4,16.723,26.427
2026-04-24 10:29:19,7838,0,1,33.611,0.0,6.901,1.322,0.442,42.777,25.45
2026-04-24 10:29:19,7839,1,1,5.467,186.777,7.784,1.902,0.431,203.5,23.364
2026-04-24 10:29:19,7840,0,1,1.946,0.0,5.718,2.241,0.384,10.785,24.513
2026-04-24 10:29:19,7841,0,1,5.066,0.0,7.996,2.124,0.391,16.189,26.142
2026-04-24 10:29:20,7842,1,1,1.639,192.724,7.25,1.415,0.368,204.428,23.952
2026-04-24 10:29:20,7843,0,1,2.392,0.0,10.154,12.689,0.352,25.965,28.077
2026-04-24 10:29:20,7844,0,1,2.021,0.0,14.862,5.457,0.402,23.638,28.112
2026-04-24 10:29:20,7845,1,1,1.601,207.941,7.708,1.66,0.394,220.399,25.7
2026-04-24 10:29:20,7846,0,1,2.288,0.0,7.641,1.44,0.333,12.334,26.723
2026-04-24 10:29:20,7847,0,1,2.137,0.0,20.756,1.86,0.476,25.731,27.707
2026-04-24 10:29:20,7848,1,1,3.216,278.672,7.891,1.613,0.415,292.75,25.26
2026-04-24 10:29:20,7849,0,1,2.018,0.0,6.246,1.32,0.281,10.536,26.587
2026-04-24 10:29:20,7850,0,1,2.379,0.0,6.555,1.873,0.429,11.714,27.669
2026-04-24 10:29:21,7851,1,1,2.199,498.424,8.116,1.834,0.413,511.968,25.091
2026-04-24 10:29:21,7852,0,1,2.214,0.0,9.775,2.095,0.461,15.068,24.771
2026-04-24 10:29:21,7853,0,1,1.688,0.0,8.532,1.241,0.467,12.428,25.19
2026-04-24 10:29:22,7854,1,1,3.017,523.942,7.747,1.879,0.479,537.962,22.851
2026-04-24 10:29:22,7855,0,1,1.89,0.0,6.073,1.221,0.261,9.94,24.311
2026-04-24 10:29:22,7856,0,1,1.797,0.0,7.874,1.843,0.426,12.563,25.757
2026-04-24 10:29:22,7857,1,1,1.748,213.087,8.755,1.415,0.284,226.777,23.59
2026-04-24 10:29:22,7858,0,1,2.015,0.0,8.439,1.534,0.379,12.879,24.255
2026-04-24 10:29:22,7859,0,1,2.017,0.0,7.936,1.439,0.406,12.301,24.466
2026-04-24 10:29:22,7860,1,1,1.831,210.329,8.188,1.865,0.411,223.657,22.437
2026-04-24 10:29:22,7861,0,1,2.001,0.0,8.13,1.446,0.303,12.378,23.649
2026-04-24 10:29:22,7862,0,1,5.77,0.0,8.599,1.847,0.404,17.091,24.648
2026-04-24 10:29:22,7863,1,1,2.093,212.378,6.068,1.171,0.264,223.215,22.589
2026-04-24 10:29:22,7864,0,1,1.72,0.0,9.831,1.885,0.576,14.511,23.909
2026-04-24 10:29:23,7865,0,1,2.264,0.0,8.819,2.004,0.494,14.108,24.699
2026-04-24 10:29:23,7866,1,1,1.825,413.055,6.738,1.419,0.319,424.202,22.449
2026-04-24 10:29:23,7867,0,1,1.794,0.0,7.524,1.533,0.431,11.801,23.736
2026-04-24 10:29:23,7868,0,1,2.01,0.0,8.937,2.118,0.392,13.89,24.727
2026-04-24 10:29:23,7869,1,1,19.428,169.724,20.497,1.995,0.438,213.172,22.716
2026-04-24 10:29:23,7870,0,1,1.749,0.0,8.482,2.02,0.45,13.207,22.85
2026-04-24 10:29:23,7871,0,1,1.8,0.0,7.636,2.159,0.498,12.636,23.18
2026-04-24 10:29:24,7872,1,1,1.923,149.64,5.305,1.338,0.307,159.518,21.381
2026-04-24 10:29:24,7873,0,1,2.762,0.0,8.246,1.805,0.415,13.803,23.287
2026-04-24 10:29:24,7874,0,1,1.807,0.0,6.518,1.373,0.336,10.694,22.618
2026-04-24 10:29:24,7875,1,1,2.248,214.211,7.504,1.837,0.388,227.311,20.79
2026-04-24 10:29:24,7876,0,1,1.609,0.0,5.608,1.161,0.493,9.205,22.197
2026-04-24 10:29:24,7877,0,1,2.422,0.0,7.803,1.014,0.351,12.087,23.731
2026-04-24 10:29:24,7878,1,1,2.528,163.867,7.537,1.408,0.32,176.908,21.877
2026-04-24 10:29:24,7879,0,1,2.135,0.0,8.003,2.037,0.475,13.171,22.899
2026-04-24 10:29:24,7880,0,1,1.66,0.0,4.346,0.998,0.24,7.677,24.202
2026-04-24 10:29:24,7881,1,1,1.751,177.258,5.621,1.489,0.44,187.851,22.271
2026-04-24 10:29:24,7882,0,1,2.37,0.0,7.223,1.369,0.261,11.635,23.555
2026-04-24 10:29:24,7883,0,1,2.184,0.0,6.532,1.83,0.402,11.502,25.258
2026-04-24 10:29:25,7884,1,1,2.243,152.711,8.422,2.072,0.465,167.151,23.279
2026-04-24 10:29:25,7885,0,1,2.451,0.0,7.88,1.085,0.507,12.418,24.391
2026-04-24 10:29:25,7886,0,1,1.518,0.0,7.274,1.504,0.435,11.305,25.199
2026-04-24 10:29:25,7887,1,1,1.958,157.884,6.521,1.242,0.29,168.813,23.212
2026-04-24 10:29:25,7888,0,1,1.615,0.0,7.707,1.441,0.43,11.68,24.783
2026-04-24 10:29:25,7889,0,1,2.584,0.0,7.978,2.163,0.512,13.731,25.681
2026-04-24 10:29:25,7890,1,1,2.16,221.942,7.504,2.039,0.378,235.619,23.511
2026-04-24 10:29:25,7891,0,1,3.166,0.0,6.571,1.093,0.232,11.427,24.399
2026-04-24 10:29:25,7892,0,1,1.74,0.0,7.358,1.427,0.422,11.462,25.897
2026-04-24 10:29:25,7893,1,1,2.634,156.086,8.504,1.873,0.386,170.624,23.841
2026-04-24 10:29:25,7894,0,1,1.803,0.0,6.844,1.56,0.282,10.967,25.183
2026-04-24 10:29:25,7895,0,1,1.783,0.0,5.801,1.324,0.3,9.678,26.818
2026-04-24 10:29:26,7896,1,1,10.685,227.687,7.635,1.814,0.395,249.292,24.515
2026-04-24 10:29:26,7897,0,1,1.792,0.0,7.555,1.749,0.361,11.858,25.647
2026-04-24 10:29:26,7898,0,1,5.378,0.0,7.549,1.783,0.406,15.573,26.506
2026-04-24 10:29:26,7899,1,1,4.991,196.728,8.089,1.905,0.406,213.283,24.294
2026-04-24 10:29:26,7900,0,1,2.629,0.0,6.403,1.414,0.331,11.18,25.361
2026-04-24 10:29:26,7901,0,1,2.267,0.0,8.668,1.95,0.374,14.083,26.557
2026-04-24 10:29:26,7902,1,1,9.514,199.374,5.735,1.802,0.398,217.822,24.35
2026-04-24 10:29:26,7903,0,1,2.164,0.0,7.958,1.953,0.413,12.978,25.966
2026-04-24 10:29:26,7904,0,1,1.727,0.0,8.058,1.891,0.235,12.367,26.071
2026-04-24 10:29:27,7905,1,1,2.097,193.059,7.15,1.567,0.38,205.218,23.917
2026-04-24 10:29:27,7906,0,1,2.11,0.0,7.485,1.162,0.439,11.7,25.211
2026-04-24 10:29:27,7907,0,1,3.478,0.0,6.767,1.629,0.303,12.63,26.45
2026-04-24 10:29:27,7908,1,1,2.604,217.46,7.716,1.483,0.351,230.482,24.213
2026-04-24 10:29:27,7909,0,1,1.85,0.0,7.954,1.314,0.382,12.005,25.664
2026-04-24 10:29:27,7910,0,1,2.109,0.0,6.719,1.561,0.455,11.35,26.39
2026-04-24 10:29:27,7911,1,1,3.1,431.289,7.292,1.488,0.378,444.62,23.968
2026-04-24 10:29:27,7912,0,1,1.829,0.0,10.061,1.97,0.401,14.693,24.972
2026-04-24 10:29:27,7913,0,1,1.986,0.0,6.488,1.609,0.374,10.97,25.474
2026-04-24 10:29:28,7914,1,1,10.207,269.698,6.658,1.888,0.421,289.953,23.269
2026-04-24 10:29:28,7915,0,1,1.991,0.0,8.135,1.588,0.541,12.824,24.533
2026-04-24 10:29:28,7916,0,1,1.767,0.0,7.363,2.162,0.364,11.99,25.185
2026-04-24 10:29:28,7917,1,1,2.055,486.07,7.021,1.506,0.391,498.038,22.856
2026-04-24 10:29:28,7918,0,1,1.805,0.0,7.271,1.244,0.311,11.117,24.315
2026-04-24 10:29:28,7919,0,1,1.89,0.0,7.877,1.714,0.525,12.567,25.648
2026-04-24 10:29:29,7920,1,1,1.657,289.455,7.504,2.175,0.498,302.506,23.4
2026-04-24 10:29:29,7921,0,1,1.942,0.0,8.979,1.827,0.428,13.718,23.18
2026-04-24 10:29:29,7922,0,1,1.743,0.0,6.34,1.875,0.414,10.888,24.696
2026-04-24 10:29:29,7923,1,1,4.783,168.126,7.941,1.516,0.437,184.072,22.724
2026-04-24 10:29:29,7924,0,1,1.814,0.0,7.611,1.3,0.34,11.518,24.158
2026-04-24 10:29:29,7925,0,1,1.511,0.0,5.558,1.511,0.343,9.395,26.003
2026-04-24 10:29:29,7926,1,1,2.072,158.456,7.904,1.92,0.408,171.781,23.939
2026-04-24 10:29:29,7927,0,1,1.624,0.0,7.87,1.187,0.405,11.365,25.666
2026-04-24 10:29:29,7928,0,1,1.889,0.0,7.984,1.862,0.503,12.791,25.619
2026-04-24 10:29:29,7929,1,1,1.602,162.053,6.865,1.201,0.479,173.462,23.584
2026-04-24 10:29:29,7930,0,1,2.141,0.0,5.34,1.301,0.239,9.383,24.765
2026-04-24 10:29:29,7931,0,1,2.34,0.0,7.426,1.861,0.437,13.32,26.333
2026-04-24 10:29:30,7932,1,1,1.905,158.656,7.971,1.961,0.432,171.945,24.202
2026-04-24 10:29:30,7933,0,1,1.907,0.0,18.793,1.132,0.393,22.854,25.34
2026-04-24 10:29:30,7934,0,1,2.015,0.0,8.281,1.623,0.428,12.975,24.842
2026-04-24 10:29:30,7935,1,1,2.162,157.935,7.378,1.81,0.393,170.931,22.888
2026-04-24 10:29:30,7936,0,1,1.944,0.0,6.508,1.999,0.422,11.401,24.111
2026-04-24 10:29:30,7937,0,1,2.231,0.0,7.015,1.543,0.255,11.628,25.413
2026-04-24 10:29:30,7938,1,1,2.109,160.514,8.242,1.777,0.214,173.995,23.405
2026-04-24 10:29:30,7939,0,1,1.809,0.0,7.197,1.941,0.419,11.903,24.295
2026-04-24 10:29:30,7940,0,1,2.68,0.0,6.899,1.969,0.245,12.465,25.365
2026-04-24 10:29:30,7941,1,1,1.74,157.483,7.965,1.527,0.295,170.238,23.369
2026-04-24 10:29:30,7942,0,1,2.065,0.0,8.118,1.858,0.415,13.02,24.585
2026-04-24 10:29:31,7943,0,1,1.999,0.0,5.654,1.528,0.51,10.12,25.745
2026-04-24 10:29:31,7944,1,1,2.483,168.015,7.584,1.651,0.403,181.183,23.689
2026-04-24 10:29:31,7945,0,1,1.85,0.0,6.123,1.568,0.278,10.215,25.101
2026-04-24 10:29:31,7946,0,1,18.515,0.0,7.083,1.238,0.222,27.583,25.083
2026-04-24 10:29:31,7947,1,1,6.637,165.414,7.038,1.532,0.201,181.84,23.077
2026-04-24 10:29:31,7948,0,1,1.897,0.0,7.341,1.98,0.468,12.132,24.358
2026-04-24 10:29:31,7949,0,1,2.298,0.0,7.835,1.994,0.454,13.157,25.364
2026-04-24 10:29:31,7950,1,1,2.209,160.697,8.058,1.977,0.382,174.656,23.354
2026-04-24 10:29:31,7951,0,1,2.376,0.0,6.496,2.07,0.491,11.753,24.2
2026-04-24 10:29:31,7952,0,1,2.63,0.0,7.699,1.55,0.463,12.901,25.459
2026-04-24 10:29:31,7953,1,1,2.667,160.804,6.843,2.051,0.465,173.763,23.438
2026-04-24 10:29:31,7954,0,1,1.699,0.0,5.815,1.479,0.287,9.775,25.024
2026-04-24 10:29:32,7955,0,1,2.231,0.0,7.122,1.561,0.471,11.935,25.174
2026-04-24 10:29:32,7956,1,1,2.58,161.853,6.531,1.671,0.372,174.109,23.179
2026-04-24 10:29:32,7957,0,1,1.782,0.0,7.101,1.782,0.449,11.596,24.482
2026-04-24 10:29:32,7958,0,1,1.794,0.0,7.338,1.399,0.358,11.325,26.165
2026-04-24 10:29:32,7959,1,1,1.626,171.557,6.335,1.111,0.401,182.545,24.051
2026-04-24 10:29:32,7960,0,1,2.172,0.0,7.346,1.194,0.594,11.747,25.379
2026-04-24 10:29:32,7961,0,1,2.05,0.0,6.328,1.836,0.432,11.459,24.914
2026-04-24 10:29:32,7962,1,1,2.048,163.572,5.372,1.615,0.411,174.191,22.947
2026-04-24 10:29:32,7963,0,1,2.547,0.0,5.849,1.176,0.3,10.278,24.718
2026-04-24 10:29:32,7964,0,1,1.768,0.0,7.743,1.704,0.764,12.511,26.284
2026-04-24 10:29:32,7965,1,1,2.076,179.681,6.603,1.421,0.403,191.058,24.139
2026-04-24 10:29:33,7966,0,1,1.705,0.0,6.474,1.243,0.629,10.971,25.398
2026-04-24 10:29:33,7967,0,1,15.344,0.0,6.792,1.879,0.424,24.894,26.626
2026-04-24 10:29:33,7968,1,1,1.803,168.289,4.95,1.711,0.465,178.087,24.471
2026-04-24 10:29:33,7969,0,1,1.59,0.0,6.905,1.415,0.441,10.796,26.379
2026-04-24 10:29:33,7970,0,1,1.764,0.0,6.094,1.432,0.418,10.311,27.814
2026-04-24 10:29:33,7971,1,1,3.942,180.23,7.368,1.877,0.405,194.903,25.513
2026-04-24 10:29:33,7972,0,1,1.623,0.0,5.876,1.501,0.34,9.851,26.525
2026-04-24 10:29:33,7973,0,1,1.914,0.0,6.996,1.207,0.253,10.891,27.559
2026-04-24 10:29:33,7974,1,1,4.551,311.612,7.763,1.423,0.312,326.596,25.098
2026-04-24 10:29:33,7975,0,1,2.29,0.0,8.746,1.895,0.412,13.868,26.383
2026-04-24 10:29:33,7976,0,1,5.26,0.0,6.365,1.493,0.316,13.859,27.425
2026-04-24 10:29:34,7977,1,1,14.277,491.117,7.376,1.885,0.312,515.983,24.876
2026-04-24 10:29:34,7978,0,1,4.166,0.0,7.132,1.565,0.318,13.485,25.573
2026-04-24 10:29:34,7979,0,1,19.521,0.0,6.979,1.408,0.423,28.829,26.174
2026-04-24 10:29:34,7980,1,1,2.571,241.732,6.825,1.297,0.329,253.659,23.926
2026-04-24 10:29:34,7981,0,1,1.569,0.0,8.142,1.479,0.356,11.946,25.227
2026-04-24 10:29:34,7982,0,1,2.852,0.0,8.884,2.115,0.469,14.849,26.042
2026-04-24 10:29:35,7983,1,1,4.808,209.15,7.567,1.277,0.331,224.129,23.85
2026-04-24 10:29:35,7984,0,1,11.191,0.0,6.424,1.607,0.409,20.156,24.906
2026-04-24 10:29:35,7985,0,1,1.738,0.0,9.337,2.109,0.491,14.075,25.516
2026-04-24 10:29:35,7986,1,1,2.402,195.903,6.968,1.238,0.305,207.684,23.396
2026-04-24 10:29:35,7987,0,1,1.828,0.0,8.918,2.033,0.304,13.576,24.367
2026-04-24 10:29:35,7988,0,1,5.377,0.0,9.151,1.697,0.397,17.078,25.265
2026-04-24 10:29:35,7989,1,1,1.789,212.973,6.546,1.413,0.337,224.152,23.144
2026-04-24 10:29:35,7990,0,1,1.524,0.0,6.051,1.108,0.3,9.392,24.443
2026-04-24 10:29:35,7991,0,1,1.901,0.0,8.76,1.268,0.356,12.686,25.728
2026-04-24 10:29:35,7992,1,1,3.271,194.381,7.19,1.682,0.245,207.634,23.6
2026-04-24 10:29:35,7993,0,1,5.27,0.0,7.598,1.435,0.298,14.948,24.622
2026-04-24 10:29:36,7994,0,1,2.069,0.0,8.247,1.93,0.487,13.222,25.35
2026-04-24 10:29:36,7995,1,1,2.539,291.69,5.876,0.943,0.256,302.176,23.124
2026-04-24 10:29:36,7996,0,1,5.988,0.0,7.386,1.811,0.403,16.063,24.727
2026-04-24 10:29:36,7997,0,1,1.92,0.0,8.123,1.497,0.417,12.52,24.933
2026-04-24 10:29:36,7998,1,1,5.408,185.756,7.27,1.253,0.239,200.797,22.906
2026-04-24 10:29:36,7999,0,1,1.722,0.0,6.774,1.931,0.445,11.353,24.006
2026-04-24 10:29:36,8000,0,1,1.974,0.0,7.387,1.741,0.32,11.928,25.112
2026-04-24 10:29:36,8001,1,1,5.314,198.209,7.653,1.695,0.424,214.286,23.043
2026-04-24 10:29:36,8002,0,1,1.952,0.0,6.042,1.089,0.255,9.849,24.555
2026-04-24 10:29:36,8003,0,1,2.144,0.0,7.694,1.913,0.289,12.372,25.685
2026-04-24 10:29:37,8004,1,1,4.394,182.228,8.324,1.892,0.358,198.0,23.59
2026-04-24 10:29:37,8005,0,1,16.171,0.0,7.163,2.22,0.417,26.402,24.566
2026-04-24 10:29:37,8006,0,1,1.719,0.0,6.294,1.37,0.391,10.104,25.688
2026-04-24 10:29:37,8007,1,1,1.592,172.63,7.229,1.828,0.402,184.535,23.618
2026-04-24 10:29:37,8008,0,1,1.953,0.0,8.049,2.082,0.457,13.049,24.607
2026-04-24 10:29:37,8009,0,1,2.012,0.0,6.279,1.429,0.294,10.464,25.417
2026-04-24 10:29:37,8010,1,1,2.393,174.878,5.492,1.289,0.436,185.602,23.374
2026-04-24 10:29:37,8011,0,1,1.891,0.0,7.369,1.101,0.446,11.312,24.711
2026-04-24 10:29:37,8012,0,1,5.022,0.0,7.808,2.114,0.456,15.914,25.361
2026-04-24 10:29:38,8013,1,1,1.958,256.716,6.499,1.594,0.373,267.948,23.169
2026-04-24 10:29:38,8014,0,1,4.11,0.0,6.605,1.917,0.426,13.58,24.879
2026-04-24 10:29:38,8015,0,1,1.855,0.0,18.033,1.414,0.425,22.222,26.268
2026-04-24 10:29:38,8016,1,1,1.963,560.207,7.871,1.536,0.263,572.561,23.811
2026-04-24 10:29:38,8017,0,1,1.793,0.0,10.158,2.011,0.478,15.001,24.496
2026-04-24 10:29:38,8018,0,1,1.799,0.0,9.185,1.9,0.245,13.5,24.889
2026-04-24 10:29:39,8019,1,1,1.703,257.781,5.103,1.116,0.222,267.028,22.747
2026-04-24 10:29:39,8020,0,1,2.944,0.0,7.954,2.184,0.281,13.959,23.869
2026-04-24 10:29:39,8021,0,1,2.236,0.0,7.522,1.255,0.424,11.949,23.886
2026-04-24 10:29:39,8022,1,1,2.075,201.574,7.923,1.687,0.302,214.303,21.904
2026-04-24 10:29:39,8023,0,1,1.937,0.0,9.405,1.47,0.368,13.697,23.159
2026-04-24 10:29:39,8024,0,1,3.563,0.0,8.13,1.875,0.409,14.431,24.323
2026-04-24 10:29:39,8025,1,1,2.014,202.501,8.076,1.651,0.351,215.481,22.321
2026-04-24 10:29:39,8026,0,1,4.797,0.0,7.588,1.284,0.311,14.342,23.764
2026-04-24 10:29:39,8027,0,1,2.283,0.0,6.943,1.631,0.403,11.687,24.929
2026-04-24 10:29:39,8028,1,1,2.279,197.235,7.834,1.585,0.415,210.692,22.875
2026-04-24 10:29:39,8029,0,1,2.7,0.0,21.079,1.976,0.415,26.809,24.679
2026-04-24 10:29:40,8030,0,1,1.73,0.0,6.941,1.445,0.317,10.953,24.489
2026-04-24 10:29:40,8031,1,1,1.977,430.963,6.397,1.691,0.423,442.512,22.258
2026-04-24 10:29:40,8032,0,1,1.997,0.0,8.844,2.099,0.433,13.724,22.674
2026-04-24 10:29:40,8033,0,1,1.826,0.0,7.218,1.759,0.491,11.799,23.572
2026-04-24 10:29:40,8034,1,1,1.776,312.415,7.545,1.842,0.409,325.053,21.509
2026-04-24 10:29:40,8035,0,1,2.05,0.0,8.494,1.837,0.415,13.312,22.513
2026-04-24 10:29:40,8036,0,1,2.234,0.0,8.203,1.713,0.414,13.083,22.95
2026-04-24 10:29:41,8037,1,1,2.622,186.65,6.866,1.861,0.46,199.605,21.107
2026-04-24 10:29:41,8038,0,1,1.911,0.0,6.502,1.772,0.484,11.172,22.655
2026-04-24 10:29:41,8039,0,1,1.666,0.0,6.481,1.415,0.305,10.229,24.256
2026-04-24 10:29:41,8040,1,1,2.848,225.428,7.494,1.929,0.478,239.317,22.229
2026-04-24 10:29:41,8041,0,1,1.78,0.0,6.322,1.728,0.406,10.571,23.078
2026-04-24 10:29:41,8042,0,1,2.33,0.0,7.956,1.213,0.275,12.255,24.612
2026-04-24 10:29:41,8043,1,1,1.977,189.518,5.885,1.891,0.461,200.843,22.609
2026-04-24 10:29:41,8044,0,1,1.456,0.0,7.719,1.72,0.48,11.924,24.195
2026-04-24 10:29:41,8045,0,1,2.154,0.0,6.055,1.043,0.413,10.152,25.059
2026-04-24 10:29:41,8046,1,1,2.029,154.355,7.036,1.805,0.399,166.798,23.102
2026-04-24 10:29:42,8047,0,1,2.415,0.0,7.697,1.088,0.312,12.013,24.705
2026-04-24 10:29:42,8048,0,1,30.466,0.0,6.908,1.819,0.415,40.246,24.093
2026-04-24 10:29:42,8049,1,1,7.363,167.918,6.707,1.868,0.406,185.484,22.178
2026-04-24 10:29:42,8050,0,1,2.025,0.0,3.727,0.796,0.221,7.251,22.659
2026-04-24 10:29:42,8051,0,1,2.743,0.0,6.532,1.798,0.39,12.0,25.971
2026-04-24 10:29:42,8052,1,1,1.866,158.307,6.959,0.948,0.325,169.329,23.905
2026-04-24 10:29:42,8053,0,1,1.65,0.0,6.945,1.885,0.442,11.417,25.432
2026-04-24 10:29:42,8054,0,1,2.374,0.0,8.04,1.204,0.237,12.274,26.124
2026-04-24 10:29:42,8055,1,1,5.211,159.754,8.154,1.856,0.384,176.41,24.043
2026-04-24 10:29:42,8056,0,1,1.96,0.0,8.411,2.123,0.478,13.541,25.565
2026-04-24 10:29:42,8057,0,1,2.042,0.0,8.528,1.093,0.317,12.56,26.315
2026-04-24 10:29:42,8058,1,1,1.572,154.99,7.576,1.987,0.469,167.749,24.226
2026-04-24 10:29:43,8059,0,1,2.197,0.0,7.208,2.109,0.412,12.499,24.988
2026-04-24 10:29:43,8060,0,1,1.727,0.0,7.809,1.56,0.563,12.266,26.148
2026-04-24 10:29:43,8061,1,1,2.137,158.707,7.061,1.854,0.383,171.209,24.059
2026-04-24 10:29:43,8062,0,1,1.643,0.0,7.827,1.84,0.42,12.274,25.471
2026-04-24 10:29:43,8063,0,1,2.656,0.0,7.237,2.008,0.475,12.879,26.303
2026-04-24 10:29:43,8064,1,1,2.607,155.021,8.189,1.315,0.47,168.926,24.205
2026-04-24 10:29:43,8065,0,1,1.667,0.0,7.315,1.679,0.352,11.54,25.332
2026-04-24 10:29:43,8066,0,1,3.229,0.0,8.574,1.724,0.544,14.643,25.966
2026-04-24 10:29:43,8067,1,1,2.295,154.51,6.979,1.326,0.321,166.533,23.904
2026-04-24 10:29:43,8068,0,1,2.621,0.0,7.648,1.9,0.41,13.123,24.834
2026-04-24 10:29:43,8069,0,1,1.847,0.0,7.578,1.73,0.338,12.067,25.556
2026-04-24 10:29:43,8070,1,1,2.183,154.477,7.377,1.655,0.331,166.883,23.544
2026-04-24 10:29:44,8071,0,1,1.659,0.0,7.781,1.733,0.431,12.128,24.556
2026-04-24 10:29:44,8072,0,1,1.924,0.0,8.385,1.911,0.449,13.192,25.342
2026-04-24 10:29:44,8073,1,1,1.73,166.848,6.954,1.78,0.398,178.549,23.305
2026-04-24 10:29:44,8074,0,1,1.671,0.0,7.165,1.888,0.395,11.573,24.314
2026-04-24 10:29:44,8075,0,1,2.489,0.0,6.915,1.934,0.414,12.237,25.149
2026-04-24 10:29:44,8076,1,1,2.401,155.209,6.987,1.714,0.256,167.168,23.175
2026-04-24 10:29:44,8077,0,1,1.525,0.0,7.767,1.885,0.398,12.041,24.514
2026-04-24 10:29:44,8078,0,1,20.837,0.0,7.883,1.427,0.42,31.044,24.186
2026-04-24 10:29:44,8079,1,1,2.772,161.687,5.74,1.207,0.27,172.405,22.279
2026-04-24 10:29:44,8080,0,1,1.982,0.0,6.099,1.327,0.681,10.755,24.373
2026-04-24 10:29:44,8081,0,1,4.701,0.0,6.548,1.51,0.377,13.51,25.584
2026-04-24 10:29:45,8082,1,1,6.065,199.498,8.012,1.701,0.274,216.444,23.466
2026-04-24 10:29:45,8083,0,1,1.936,0.0,8.106,1.476,0.338,12.341,24.575
2026-04-24 10:29:45,8084,0,1,5.441,0.0,7.925,1.177,0.312,15.324,25.598
2026-04-24 10:29:45,8085,1,1,2.353,199.639,7.514,2.026,0.47,212.917,23.475
2026-04-24 10:29:45,8086,0,1,2.07,0.0,8.987,1.568,1.023,14.08,24.609
2026-04-24 10:29:45,8087,0,1,5.312,0.0,8.161,2.098,0.368,16.453,25.436
2026-04-24 10:29:45,8088,1,1,3.152,182.509,7.609,1.659,0.209,196.227,23.365
2026-04-24 10:29:45,8089,0,1,2.048,0.0,8.855,1.467,0.502,13.28,23.863
2026-04-24 10:29:45,8090,0,1,1.563,0.0,7.529,2.118,0.451,12.14,24.768
2026-04-24 10:29:45,8091,1,1,1.973,189.292,6.656,2.03,0.549,201.716,22.745
2026-04-24 10:29:45,8092,0,1,1.671,0.0,7.441,1.371,0.351,11.335,24.178
2026-04-24 10:29:45,8093,0,1,1.915,0.0,9.259,1.52,0.334,13.419,25.077
2026-04-24 10:29:46,8094,1,1,1.793,209.999,6.679,0.862,0.222,220.709,22.986
2026-04-24 10:29:46,8095,0,1,1.73,0.0,8.095,1.313,0.341,11.805,24.616
2026-04-24 10:29:46,8096,0,1,1.991,0.0,8.618,1.842,0.513,13.333,25.458
2026-04-24 10:29:46,8097,1,1,2.433,184.473,8.133,1.815,0.44,198.261,23.371
2026-04-24 10:29:46,8098,0,1,2.78,0.0,9.936,1.545,0.297,15.062,23.373
2026-04-24 10:29:46,8099,0,1,1.916,0.0,8.088,1.976,0.336,12.702,24.101
2026-04-24 10:29:46,8100,1,1,2.46,158.998,8.164,1.859,0.398,173.014,22.217
2026-04-24 10:29:46,8101,0,1,2.56,0.0,8.349,1.243,0.249,12.924,23.773
2026-04-24 10:29:46,8102,0,1,2.005,0.0,6.303,2.011,0.475,11.291,24.568
2026-04-24 10:29:46,8103,1,1,2.507,162.799,7.854,1.354,0.386,175.966,22.623
2026-04-24 10:29:47,8104,0,1,5.583,0.0,6.491,9.98,0.33,22.688,22.713
2026-04-24 10:29:47,8105,0,1,2.271,0.0,6.645,1.446,0.336,11.107,24.994
2026-04-24 10:29:47,8106,1,1,2.536,259.772,22.119,1.996,0.414,287.731,22.856
2026-04-24 10:29:47,8107,0,1,7.528,0.0,7.045,1.27,0.327,16.697,22.937
2026-04-24 10:29:47,8108,0,1,15.415,0.0,8.552,1.843,0.416,26.71,24.251
2026-04-24 10:29:47,8109,1,1,2.48,275.813,7.805,1.282,0.316,288.749,22.169
2026-04-24 10:29:47,8110,0,1,1.822,0.0,7.088,1.545,0.321,11.293,23.644
2026-04-24 10:29:47,8111,0,1,9.879,0.0,6.613,1.207,0.347,18.533,24.897
2026-04-24 10:29:47,8112,1,1,12.592,234.969,6.473,1.933,0.493,257.199,22.786
2026-04-24 10:29:48,8113,0,1,4.126,0.0,6.296,0.962,0.227,11.989,23.825
2026-04-24 10:29:48,8114,0,1,26.683,0.0,9.594,1.959,0.667,39.409,23.457
2026-04-24 10:29:48,8115,1,1,4.673,348.271,6.468,1.926,0.415,362.784,21.375
2026-04-24 10:29:48,8116,0,1,1.671,0.0,6.29,2.179,0.486,11.217,21.843
2026-04-24 10:29:48,8117,0,1,1.99,0.0,8.022,2.268,0.459,13.273,23.025
2026-04-24 10:29:48,8118,1,1,1.891,211.039,6.745,1.503,0.437,222.728,21.131
2026-04-24 10:29:48,8119,0,1,3.097,0.0,8.233,2.151,0.468,14.484,22.482
2026-04-24 10:29:48,8120,0,1,8.31,0.0,6.834,1.142,0.253,16.862,23.705
2026-04-24 10:29:49,8121,1,1,2.355,182.503,7.824,1.495,0.369,195.45,21.807
2026-04-24 10:29:49,8122,0,1,2.457,0.0,8.651,1.877,0.454,13.969,22.957
2026-04-24 10:29:49,8123,0,1,2.417,0.0,6.483,1.419,0.42,11.246,24.206
2026-04-24 10:29:49,8124,1,1,1.637,158.303,7.835,1.922,0.409,171.301,22.324
2026-04-24 10:29:49,8125,0,1,2.541,0.0,8.085,2.173,0.417,13.734,23.776
2026-04-24 10:29:49,8126,0,1,2.046,0.0,7.789,1.13,0.319,11.661,25.198
2026-04-24 10:29:49,8127,1,1,2.149,159.508,7.65,1.593,0.404,172.409,23.175
2026-04-24 10:29:49,8128,0,1,2.388,0.0,7.274,1.921,0.438,12.58,24.291
2026-04-24 10:29:49,8129,0,1,2.069,0.0,7.368,2.132,0.417,12.611,25.085
2026-04-24 10:29:49,8130,1,1,2.364,154.996,7.85,1.347,0.315,168.358,23.125
2026-04-24 10:29:49,8131,0,1,1.803,0.0,6.159,1.694,0.238,10.362,25.385
2026-04-24 10:29:49,8132,0,1,2.1,0.0,7.73,1.364,0.335,12.134,26.4
2026-04-24 10:29:50,8133,1,1,2.464,157.463,8.68,1.832,0.41,172.01,24.284
2026-04-24 10:29:50,8134,0,1,2.285,0.0,8.993,1.805,0.41,14.049,25.461
2026-04-24 10:29:50,8135,0,1,1.542,0.0,8.688,1.913,0.432,13.127,25.788
2026-04-24 10:29:50,8136,1,1,1.537,159.134,5.074,1.81,0.418,169.072,23.732
2026-04-24 10:29:50,8137,0,1,2.755,0.0,6.939,1.389,0.437,12.076,25.221
2026-04-24 10:29:50,8138,0,1,1.917,0.0,9.176,1.888,0.412,13.96,26.218
2026-04-24 10:29:50,8139,1,1,2.001,155.76,7.498,1.862,0.432,168.733,24.123
2026-04-24 10:29:50,8140,0,1,1.998,0.0,8.287,1.928,0.219,12.923,25.51
2026-04-24 10:29:50,8141,0,1,2.0,0.0,8.334,1.95,0.215,12.997,25.887
2026-04-24 10:29:50,8142,1,1,1.719,161.818,5.607,1.817,0.44,172.471,23.816
2026-04-24 10:29:50,8143,0,1,2.003,0.0,8.299,1.848,0.42,13.139,25.478
2026-04-24 10:29:50,8144,0,1,2.045,0.0,7.544,0.972,0.437,11.538,26.051
2026-04-24 10:29:50,8145,1,1,2.287,153.577,7.274,1.836,0.403,166.628,23.985
2026-04-24 10:29:51,8146,0,1,2.318,0.0,8.027,1.455,0.435,12.788,24.847
2026-04-24 10:29:51,8147,0,1,2.181,0.0,7.8,1.82,0.477,12.859,26.286
2026-04-24 10:29:51,8148,1,1,2.011,151.234,7.971,1.801,0.439,164.633,24.17
2026-04-24 10:29:51,8149,0,1,1.995,0.0,8.015,1.865,0.406,12.825,25.391
2026-04-24 10:29:51,8150,0,1,2.396,0.0,6.83,1.804,0.414,11.997,26.613
2026-04-24 10:29:51,8151,1,1,2.236,153.952,5.83,1.434,0.328,164.693,24.489
2026-04-24 10:29:51,8152,0,1,1.948,0.0,8.296,1.876,0.433,13.124,26.168
2026-04-24 10:29:51,8153,0,1,3.902,0.0,7.437,1.847,0.431,14.273,26.727
2026-04-24 10:29:51,8154,1,1,4.447,158.339,6.502,1.403,0.264,171.781,24.573
2026-04-24 10:29:51,8155,0,1,2.142,0.0,7.32,1.485,0.408,11.917,25.907
2026-04-24 10:29:51,8156,0,1,2.394,0.0,7.821,1.884,0.515,13.242,25.678
2026-04-24 10:29:51,8157,1,1,2.027,155.186,6.874,1.746,0.198,167.102,23.645
2026-04-24 10:29:52,8158,0,1,1.451,0.0,7.975,1.468,0.271,11.548,24.802
2026-04-24 10:29:52,8159,0,1,2.276,0.0,6.135,0.881,0.276,10.045,25.974
2026-04-24 10:29:52,8160,1,1,2.351,150.795,7.01,1.888,0.411,163.638,23.943
2026-04-24 10:29:52,8161,0,1,1.742,0.0,8.222,1.324,0.294,11.989,25.047
2026-04-24 10:29:52,8162,0,1,2.167,0.0,8.367,2.076,0.28,13.196,26.163
2026-04-24 10:29:52,8163,1,1,4.348,159.687,7.315,1.992,0.389,174.454,24.076
2026-04-24 10:29:52,8164,0,1,1.584,0.0,8.602,1.984,0.427,13.124,25.075
2026-04-24 10:29:52,8165,0,1,1.785,0.0,6.383,1.84,0.417,10.917,25.833
2026-04-24 10:29:52,8166,1,1,1.727,155.456,7.542,1.926,0.382,168.199,23.805
2026-04-24 10:29:52,8167,0,1,2.463,0.0,5.108,1.988,0.483,10.525,25.226
2026-04-24 10:29:52,8168,0,1,2.517,0.0,7.326,1.929,0.43,12.746,26.371
2026-04-24 10:29:52,8169,1,1,1.732,151.949,7.774,1.83,0.398,164.855,24.279
2026-04-24 10:29:52,8170,0,1,1.594,0.0,8.138,2.038,0.442,12.788,25.778
2026-04-24 10:29:53,8171,0,1,2.186,0.0,7.432,1.784,0.423,12.347,26.51
2026-04-24 10:29:53,8172,1,1,2.428,158.033,6.016,1.319,0.335,169.299,24.378
2026-04-24 10:29:53,8173,0,1,1.673,0.0,7.951,2.135,0.424,12.749,25.714
2026-04-24 10:29:53,8174,0,1,6.416,0.0,7.557,2.138,0.483,17.093,25.993
2026-04-24 10:29:53,8175,1,1,2.877,156.911,8.731,1.823,0.419,171.787,23.915
2026-04-24 10:29:53,8176,0,1,1.921,0.0,8.097,1.474,0.44,12.478,25.122
2026-04-24 10:29:53,8177,0,1,2.163,0.0,7.371,1.828,0.412,12.335,25.878
2026-04-24 10:29:53,8178,1,1,2.612,152.657,7.747,1.814,0.389,166.363,23.831
2026-04-24 10:29:53,8179,0,1,1.886,0.0,6.746,2.14,0.527,11.879,25.446
2026-04-24 10:29:53,8180,0,1,2.008,0.0,7.546,1.06,0.25,11.128,26.749
2026-04-24 10:29:53,8181,1,1,2.602,159.744,7.422,1.841,0.451,173.064,24.605
2026-04-24 10:29:53,8182,0,1,1.917,0.0,5.139,1.052,0.267,8.757,25.732
2026-04-24 10:29:53,8183,0,1,2.342,0.0,4.869,1.533,0.441,9.525,26.933
2026-04-24 10:29:54,8184,1,1,1.873,148.995,5.75,1.381,0.316,159.537,24.805
2026-04-24 10:29:54,8185,0,1,1.49,0.0,7.91,1.754,0.422,12.155,26.003
2026-04-24 10:29:54,8186,0,1,1.779,0.0,7.333,1.03,0.428,10.934,27.049
2026-04-24 10:29:54,8187,1,1,2.272,155.953,6.109,1.316,0.311,166.838,24.852
2026-04-24 10:29:54,8188,0,1,2.661,0.0,8.706,1.57,0.336,13.794,25.38
2026-04-24 10:29:54,8189,0,1,2.773,0.0,7.882,1.958,0.411,13.685,24.918
2026-04-24 10:29:54,8190,1,1,1.772,158.837,6.912,1.813,0.381,170.841,22.944
2026-04-24 10:29:54,8191,0,1,1.902,0.0,7.914,1.881,0.423,12.688,24.049
2026-04-24 10:29:54,8192,0,1,4.702,0.0,6.558,1.406,0.333,13.507,25.514
2026-04-24 10:29:54,8193,1,1,21.485,150.415,6.818,1.673,0.369,181.812,23.464
2026-04-24 10:29:54,8194,0,1,1.894,0.0,7.506,1.535,0.461,11.95,24.411
2026-04-24 10:29:55,8195,0,1,6.793,0.0,6.278,1.608,0.366,15.572,25.809
2026-04-24 10:29:55,8196,1,1,3.306,158.639,6.872,1.8,0.439,172.218,23.756
2026-04-24 10:29:55,8197,0,1,2.588,0.0,10.713,1.9,0.413,16.156,25.084
2026-04-24 10:29:55,8198,0,1,8.665,0.0,8.266,1.773,0.217,19.45,25.007
2026-04-24 10:29:55,8199,1,1,2.145,153.2,6.925,1.354,0.343,165.183,23.047
2026-04-24 10:29:55,8200,0,1,2.102,0.0,7.037,2.191,0.42,12.317,24.176
2026-04-24 10:29:55,8201,0,1,2.067,0.0,8.107,1.86,0.407,13.01,26.19
2026-04-24 10:29:55,8202,1,1,2.446,156.104,6.867,1.077,0.199,167.828,24.077
2026-04-24 10:29:55,8203,0,1,2.059,0.0,7.31,0.968,0.242,11.13,25.069
2026-04-24 10:29:55,8204,0,1,1.707,0.0,7.787,1.877,0.417,12.326,26.028
2026-04-24 10:29:55,8205,1,1,3.016,160.035,5.318,1.322,0.374,171.233,23.9
2026-04-24 10:29:55,8206,0,1,1.84,0.0,7.073,1.276,0.465,11.196,25.42
2026-04-24 10:29:56,8207,0,1,2.169,0.0,7.383,1.825,0.371,12.246,26.157
2026-04-24 10:29:56,8208,1,1,1.845,162.803,7.124,1.62,0.424,174.853,24.066
2026-04-24 10:29:56,8209,0,1,1.798,0.0,8.132,2.121,0.553,13.021,25.305
2026-04-24 10:29:56,8210,0,1,2.111,0.0,7.344,1.803,0.718,12.471,26.127
2026-04-24 10:29:56,8211,1,1,2.599,158.151,7.151,1.921,0.367,171.147,24.043
2026-04-24 10:29:56,8212,0,1,1.783,0.0,8.088,1.102,0.461,11.949,24.965
2026-04-24 10:29:56,8213,0,1,1.769,0.0,8.438,1.454,0.451,12.703,25.616
2026-04-24 10:29:56,8214,1,1,2.164,218.032,9.362,1.06,0.231,231.716,23.45
2026-04-24 10:29:56,8215,0,1,2.132,0.0,7.409,2.012,0.438,12.499,24.343
2026-04-24 10:29:56,8216,0,1,2.641,0.0,6.437,1.408,0.431,11.469,24.901
2026-04-24 10:29:57,8217,1,1,2.252,201.885,7.082,1.831,0.288,214.148,22.839
2026-04-24 10:29:57,8218,0,1,1.844,0.0,7.78,1.207,0.328,11.747,24.512
2026-04-24 10:29:57,8219,0,1,1.648,0.0,7.287,1.282,0.226,10.992,25.592
2026-04-24 10:29:57,8220,1,1,2.184,168.97,6.061,1.819,0.434,180.355,23.536
2026-04-24 10:29:57,8221,0,1,2.502,0.0,8.7,1.332,0.248,13.259,23.429
2026-04-24 10:29:57,8222,0,1,1.809,0.0,8.162,1.401,0.23,12.096,24.728
2026-04-24 10:29:57,8223,1,1,2.814,171.206,5.004,1.842,0.429,182.337,22.751
2026-04-24 10:29:57,8224,0,1,5.202,0.0,6.425,1.841,0.424,14.423,25.054
2026-04-24 10:29:57,8225,0,1,1.877,0.0,6.761,0.832,0.213,10.229,25.242
2026-04-24 10:29:57,8226,1,1,1.861,239.197,7.615,1.852,0.404,251.883,23.086
2026-04-24 10:29:57,8227,0,1,1.717,0.0,6.206,1.657,0.652,11.917,22.661
2026-04-24 10:29:58,8228,0,1,20.038,0.0,23.178,1.365,0.433,45.506,22.507
2026-04-24 10:29:58,8229,1,1,1.76,364.855,6.745,1.62,0.459,376.628,20.508
2026-04-24 10:29:58,8230,0,1,1.728,0.0,7.21,1.625,0.408,11.44,22.344
2026-04-24 10:29:58,8231,0,1,2.39,0.0,6.809,1.419,0.293,11.304,23.943
2026-04-24 10:29:58,8232,1,1,12.768,249.341,6.627,1.481,0.27,271.631,21.901
2026-04-24 10:29:58,8233,0,1,1.542,0.0,7.508,1.445,0.417,11.255,23.168
2026-04-24 10:29:58,8234,0,1,1.856,0.0,7.079,1.476,0.343,11.29,24.256
2026-04-24 10:29:59,8235,1,1,5.248,259.405,8.031,1.923,0.406,276.044,22.179
2026-04-24 10:29:59,8236,0,1,8.905,0.0,6.849,1.853,0.578,18.794,22.498
2026-04-24 10:29:59,8237,0,1,19.182,0.0,10.32,1.772,0.328,32.027,23.337
2026-04-24 10:29:59,8238,1,1,24.388,442.609,8.197,1.833,0.488,481.23,21.208
2026-04-24 10:29:59,8239,0,1,2.732,0.0,8.378,1.603,0.646,13.941,22.788
2026-04-24 10:29:59,8240,0,1,1.791,0.0,6.928,1.205,0.28,10.742,23.671
2026-04-24 10:29:59,8241,1,1,2.373,218.383,6.496,1.924,0.438,230.622,21.701
2026-04-24 10:30:00,8242,0,1,1.855,0.0,8.437,1.78,0.466,12.924,22.913
2026-04-24 10:30:00,8243,0,1,28.806,0.0,19.051,1.765,0.437,50.577,22.43
2026-04-24 10:30:00,8244,1,1,1.503,210.566,7.27,1.765,0.426,222.395,20.578
2026-04-24 10:30:00,8245,0,1,7.721,0.0,7.332,1.272,0.296,17.114,22.182
2026-04-24 10:30:00,8246,0,1,1.855,0.0,7.122,1.287,0.63,11.276,23.497
2026-04-24 10:30:00,8247,1,1,2.994,202.456,7.189,1.844,0.443,215.736,21.583
2026-04-24 10:30:00,8248,0,1,2.146,0.0,8.905,1.389,0.412,13.362,22.806
2026-04-24 10:30:00,8249,0,1,1.794,0.0,5.572,1.23,0.299,9.421,24.169
2026-04-24 10:30:00,8250,1,1,1.911,207.895,6.817,1.509,0.464,219.579,22.176
2026-04-24 10:30:00,8251,0,1,1.641,0.0,7.353,2.071,0.499,12.179,23.205
2026-04-24 10:30:00,8252,0,1,2.53,0.0,7.808,1.617,0.301,12.824,24.128
2026-04-24 10:30:01,8253,1,1,4.015,215.964,7.918,1.855,0.424,231.055,22.118
2026-04-24 10:30:01,8254,0,1,1.828,0.0,8.987,1.542,0.521,13.356,22.503
2026-04-24 10:30:01,8255,0,1,1.545,0.0,9.38,1.902,0.505,14.009,23.358
2026-04-24 10:30:01,8256,1,1,2.356,361.315,7.661,1.755,0.278,374.333,21.271
2026-04-24 10:30:01,8257,0,1,1.783,0.0,8.747,0.844,0.223,12.087,22.613
2026-04-24 10:30:01,8258,0,1,2.661,0.0,8.378,2.036,0.46,14.063,23.816
2026-04-24 10:30:02,8259,1,1,1.951,608.435,7.938,1.368,0.321,621.032,21.591
2026-04-24 10:30:02,8260,0,1,3.548,0.0,7.192,1.445,0.322,12.897,23.119
2026-04-24 10:30:02,8261,0,1,4.326,0.0,7.358,1.656,0.386,14.217,24.654
2026-04-24 10:30:02,8262,1,1,1.769,204.216,8.519,1.892,0.229,217.638,22.615
2026-04-24 10:30:02,8263,0,1,5.11,0.0,6.128,1.935,0.419,14.108,23.652
2026-04-24 10:30:02,8264,0,1,7.492,0.0,5.887,1.041,0.362,15.328,25.007
2026-04-24 10:30:02,8265,1,1,1.681,231.582,8.506,1.134,0.272,244.166,22.891
2026-04-24 10:30:03,8266,0,1,3.905,0.0,7.479,1.499,0.325,13.691,24.18
2026-04-24 10:30:03,8267,0,1,3.935,0.0,6.592,1.616,0.272,12.943,25.144
2026-04-24 10:30:03,8268,1,1,8.638,216.382,6.142,1.348,0.227,233.876,23.032
2026-04-24 10:30:03,8269,0,1,1.588,0.0,7.919,2.399,0.38,12.703,24.699
2026-04-24 10:30:03,8270,0,1,1.836,0.0,8.966,2.128,0.532,13.978,25.477
2026-04-24 10:30:03,8271,1,1,1.839,181.965,5.58,1.4,0.277,191.981,23.394
2026-04-24 10:30:03,8272,0,1,2.068,0.0,7.021,1.625,0.298,11.404,24.701
2026-04-24 10:30:03,8273,0,1,4.09,0.0,6.549,1.067,0.253,12.425,26.056
2026-04-24 10:30:03,8274,1,1,1.661,175.879,6.218,1.664,0.316,186.665,23.92
2026-04-24 10:30:03,8275,0,1,1.612,0.0,7.085,0.994,0.235,10.409,25.527
2026-04-24 10:30:03,8276,0,1,2.015,0.0,6.316,1.563,0.397,10.805,27.008
2026-04-24 10:30:04,8277,1,1,2.164,168.877,7.671,1.251,0.241,181.081,24.808
2026-04-24 10:30:04,8278,0,1,2.007,0.0,7.386,1.39,0.281,11.541,25.909
2026-04-24 10:30:04,8279,0,1,1.991,0.0,8.071,2.528,0.34,13.567,26.784
2026-04-24 10:30:04,8280,1,1,1.986,176.157,5.805,1.905,0.4,187.346,24.587
2026-04-24 10:30:04,8281,0,1,1.979,0.0,8.181,1.303,0.259,12.262,26.001
2026-04-24 10:30:04,8282,0,1,1.872,0.0,6.602,1.757,0.422,11.195,26.644
2026-04-24 10:30:04,8283,1,1,1.957,173.319,6.667,1.655,0.288,184.99,24.47
2026-04-24 10:30:04,8284,0,1,2.548,0.0,7.622,1.573,0.378,12.575,25.636
2026-04-24 10:30:04,8285,0,1,1.471,0.0,4.804,1.064,0.266,8.014,27.003
2026-04-24 10:30:04,8286,1,1,2.044,161.176,5.729,1.347,0.328,171.709,24.837
2026-04-24 10:30:04,8287,0,1,2.066,0.0,7.699,2.035,0.351,12.67,26.58
2026-04-24 10:30:04,8288,0,1,2.223,0.0,7.196,1.713,0.245,11.855,27.674
2026-04-24 10:30:05,8289,1,1,2.604,173.512,5.556,1.061,0.248,184.179,25.396
2026-04-24 10:30:05,8290,0,1,2.537,0.0,5.133,1.294,0.311,9.707,26.689
2026-04-24 10:30:05,8291,0,1,2.934,0.0,5.965,1.289,0.354,11.071,27.939
2026-04-24 10:30:05,8292,1,1,2.081,182.854,8.028,1.946,0.427,196.112,25.614
2026-04-24 10:30:05,8293,0,1,2.327,0.0,6.426,1.858,0.433,11.61,26.79
2026-04-24 10:30:05,8294,0,1,2.465,0.0,7.048,1.656,0.517,12.249,26.387
2026-04-24 10:30:05,8295,1,1,1.75,157.786,7.484,1.459,0.235,169.974,24.27
2026-04-24 10:30:05,8296,0,1,2.008,0.0,8.292,1.382,0.293,12.517,25.935
2026-04-24 10:30:05,8297,0,1,1.78,0.0,5.731,1.867,0.421,10.309,27.068
2026-04-24 10:30:05,8298,1,1,2.587,166.583,7.757,1.815,0.417,180.233,24.873
2026-04-24 10:30:05,8299,0,1,2.048,0.0,7.032,1.218,0.37,11.208,26.212
2026-04-24 10:30:05,8300,0,1,1.991,0.0,5.677,1.358,0.342,9.899,27.441
2026-04-24 10:30:06,8301,1,1,2.055,172.135,8.128,1.756,0.337,185.381,25.198
2026-04-24 10:30:06,8302,0,1,2.262,0.0,7.696,1.561,0.318,12.227,26.349
2026-04-24 10:30:06,8303,0,1,2.155,0.0,7.462,2.084,0.51,12.857,27.211
2026-04-24 10:30:06,8304,1,1,1.98,179.612,6.881,1.326,0.458,191.348,24.968
2026-04-24 10:30:06,8305,0,1,1.743,0.0,5.571,1.359,0.318,9.497,26.636
2026-04-24 10:30:06,8306,0,1,2.687,0.0,6.466,1.281,0.444,11.25,27.669
2026-04-24 10:30:06,8307,1,1,1.721,176.689,7.414,1.805,0.385,189.204,25.397
2026-04-24 10:30:06,8308,0,1,1.504,0.0,7.623,1.188,0.362,11.157,26.802
2026-04-24 10:30:06,8309,0,1,2.045,0.0,7.216,1.92,0.337,12.099,27.4
2026-04-24 10:30:06,8310,1,1,2.026,199.423,6.385,1.549,0.349,210.656,25.094
2026-04-24 10:30:06,8311,0,1,3.276,0.0,6.63,1.399,0.318,12.121,26.289
2026-04-24 10:30:06,8312,0,1,1.809,0.0,7.45,1.221,0.394,11.406,27.495
2026-04-24 10:30:07,8313,1,1,2.243,169.649,7.265,1.856,0.416,182.544,25.253
2026-04-24 10:30:07,8314,0,1,2.078,0.0,6.364,1.35,0.266,10.365,26.794
2026-04-24 10:30:07,8315,0,1,1.831,0.0,14.409,1.891,0.477,19.187,26.837
2026-04-24 10:30:07,8316,1,1,2.588,171.11,7.762,1.292,0.237,184.321,24.637
2026-04-24 10:30:07,8317,0,1,1.734,0.0,5.706,1.34,0.281,9.605,25.874
2026-04-24 10:30:07,8318,0,1,2.048,0.0,8.149,1.775,0.54,13.1,27.436
2026-04-24 10:30:07,8319,1,1,1.549,171.271,7.624,1.269,0.4,183.2,25.167
2026-04-24 10:30:07,8320,0,1,1.74,0.0,6.446,1.367,0.215,10.091,26.067
2026-04-24 10:30:07,8321,0,1,2.051,0.0,7.06,1.797,0.263,11.456,27.163
2026-04-24 10:30:07,8322,1,1,1.715,161.517,5.226,0.912,0.232,170.781,24.971
2026-04-24 10:30:07,8323,0,1,2.318,0.0,5.732,1.826,0.463,10.768,26.29
2026-04-24 10:30:08,8324,0,1,1.943,0.0,7.515,1.572,0.486,12.239,27.196
2026-04-24 10:30:08,8325,1,1,2.307,166.837,7.601,1.871,0.411,180.093,24.985
2026-04-24 10:30:08,8326,0,1,3.132,0.0,7.787,1.518,0.529,13.466,25.849
2026-04-24 10:30:08,8327,0,1,1.731,0.0,5.253,1.632,0.412,9.466,26.952
2026-04-24 10:30:08,8328,1,1,2.762,167.433,6.84,1.841,0.487,180.548,24.77
2026-04-24 10:30:08,8329,0,1,1.926,0.0,7.166,1.709,0.461,11.63,25.875
2026-04-24 10:30:08,8330,0,1,1.617,0.0,7.549,1.647,0.436,11.797,27.045
2026-04-24 10:30:08,8331,1,1,3.131,293.367,7.199,1.495,0.394,306.513,24.647
2026-04-24 10:30:08,8332,0,1,5.791,0.0,7.29,2.149,0.572,16.889,25.694
2026-04-24 10:30:08,8333,0,1,2.072,0.0,7.665,1.751,0.222,13.527,26.241
2026-04-24 10:30:09,8334,1,1,2.02,170.599,5.826,1.198,0.275,180.747,24.116
2026-04-24 10:30:09,8335,0,1,1.969,0.0,7.609,2.338,0.368,12.704,25.509
2026-04-24 10:30:09,8336,0,1,2.255,0.0,8.146,1.73,0.407,13.045,26.826
2026-04-24 10:30:09,8337,1,1,4.901,167.116,6.198,1.879,0.399,181.554,24.658
2026-04-24 10:30:09,8338,0,1,12.912,0.0,7.723,1.417,0.347,22.83,24.645
2026-04-24 10:30:09,8339,0,1,2.703,0.0,6.734,1.359,0.365,11.749,28.068
2026-04-24 10:30:09,8340,1,1,2.264,199.267,7.525,1.035,0.241,211.499,25.727
2026-04-24 10:30:09,8341,0,1,1.823,0.0,8.15,1.319,0.255,12.064,26.967
2026-04-24 10:30:09,8342,0,1,2.091,0.0,6.42,1.502,0.322,10.67,28.309
2026-04-24 10:30:09,8343,1,1,17.055,170.476,7.603,1.885,0.45,198.568,25.942
2026-04-24 10:30:09,8344,0,1,1.744,0.0,7.926,1.905,0.463,12.61,27.089
2026-04-24 10:30:09,8345,0,1,1.816,0.0,8.017,1.934,0.425,12.766,27.827
2026-04-24 10:30:10,8346,1,1,2.629,160.079,8.362,1.506,0.308,174.086,25.565
2026-04-24 10:30:10,8347,0,1,2.14,0.0,8.24,1.926,0.426,13.521,26.453
2026-04-24 10:30:10,8348,0,1,1.873,0.0,5.85,1.871,0.428,10.571,27.388
2026-04-24 10:30:10,8349,1,1,2.636,158.963,8.058,1.828,0.456,172.985,25.187
2026-04-24 10:30:10,8350,0,1,2.213,0.0,6.934,1.305,0.356,11.303,26.273
2026-04-24 10:30:10,8351,0,1,37.525,0.0,8.964,1.215,0.336,48.568,25.236
2026-04-24 10:30:10,8352,1,1,2.508,169.632,8.498,1.932,0.342,183.867,23.208
2026-04-24 10:30:10,8353,0,1,1.862,0.0,8.115,2.063,0.421,12.959,24.806
2026-04-24 10:30:10,8354,0,1,1.958,0.0,8.064,1.598,0.265,12.225,25.654
2026-04-24 10:30:10,8355,1,1,2.168,158.396,5.637,0.984,0.212,168.185,23.58
2026-04-24 10:30:10,8356,0,1,2.585,0.0,7.448,1.63,0.237,12.383,25.085
2026-04-24 10:30:10,8357,0,1,2.048,0.0,5.135,1.36,0.406,9.536,26.795
2026-04-24 10:30:11,8358,1,1,1.933,164.116,8.123,1.916,0.442,177.654,24.634
2026-04-24 10:30:11,8359,0,1,1.957,0.0,8.16,1.589,0.345,12.582,25.909
2026-04-24 10:30:11,8360,0,1,1.654,0.0,7.484,1.878,0.453,12.045,26.642
2026-04-24 10:30:11,8361,1,1,2.758,161.562,6.611,1.903,0.405,174.329,24.497
2026-04-24 10:30:11,8362,0,1,1.671,0.0,5.296,1.141,0.478,9.072,25.924
2026-04-24 10:30:11,8363,0,1,7.837,0.0,6.201,1.879,0.417,16.791,27.229
2026-04-24 10:30:11,8364,1,1,2.171,165.451,7.63,1.89,0.441,178.885,25.021
2026-04-24 10:30:11,8365,0,1,6.223,0.0,5.634,1.973,0.458,14.803,26.084
2026-04-24 10:30:11,8366,0,1,1.981,0.0,7.604,1.427,0.507,11.865,27.742
2026-04-24 10:30:11,8367,1,1,2.523,159.131,8.589,1.93,0.414,173.852,25.5
2026-04-24 10:30:11,8368,0,1,2.675,0.0,8.277,1.859,0.212,13.321,26.523
2026-04-24 10:30:11,8369,0,1,2.68,0.0,8.286,1.889,0.324,13.63,27.172
2026-04-24 10:30:12,8370,1,1,1.799,160.99,5.598,1.342,0.425,171.36,24.971
2026-04-24 10:30:12,8371,0,1,1.829,0.0,8.349,1.865,0.432,13.131,25.205
2026-04-24 10:30:12,8372,0,1,1.856,0.0,8.264,1.458,0.244,12.363,26.594
2026-04-24 10:30:12,8373,1,1,2.342,189.106,5.903,1.413,0.325,200.275,24.391
2026-04-24 10:30:12,8374,0,1,2.481,0.0,7.09,1.844,0.448,12.345,26.206
2026-04-24 10:30:12,8375,0,1,2.377,0.0,7.388,2.103,0.475,12.86,27.321
2026-04-24 10:30:12,8376,1,1,1.94,167.442,5.323,0.964,0.36,177.185,25.088
2026-04-24 10:30:12,8377,0,1,2.333,0.0,7.978,1.571,0.249,12.653,26.613
2026-04-24 10:30:12,8378,0,1,1.755,0.0,6.832,1.217,0.228,10.516,27.583
2026-04-24 10:30:12,8379,1,1,2.525,163.827,29.292,1.621,0.483,198.92,25.332
2026-04-24 10:30:12,8380,0,1,1.946,0.0,7.682,1.922,0.42,12.482,24.722
2026-04-24 10:30:13,8381,0,1,1.971,0.0,7.964,1.199,0.224,11.77,25.55
2026-04-24 10:30:13,8382,1,1,2.523,164.531,7.264,1.108,0.408,176.988,23.51
2026-04-24 10:30:13,8383,0,1,1.566,0.0,7.289,1.258,0.469,10.991,25.345
2026-04-24 10:30:13,8384,0,1,1.843,0.0,7.986,1.302,0.385,11.834,26.234
2026-04-24 10:30:13,8385,1,1,2.422,164.861,5.226,1.616,0.417,175.789,24.138
2026-04-24 10:30:13,8386,0,1,2.487,0.0,7.532,2.046,0.33,12.772,25.752
2026-04-24 10:30:13,8387,0,1,2.044,0.0,7.693,2.078,0.431,12.83,26.433
2026-04-24 10:30:13,8388,1,1,2.03,181.478,6.048,1.308,0.313,192.155,24.259
2026-04-24 10:30:13,8389,0,1,1.997,0.0,6.835,1.699,0.344,11.285,25.8
2026-04-24 10:30:13,8390,0,1,3.181,0.0,6.58,1.386,0.378,11.98,26.99
2026-04-24 10:30:13,8391,1,1,2.642,169.015,6.026,1.95,0.387,180.941,24.798
2026-04-24 10:30:13,8392,0,1,2.662,0.0,7.116,1.982,0.319,12.549,26.419
2026-04-24 10:30:14,8393,0,1,2.368,0.0,6.994,1.246,0.423,11.602,27.23
2026-04-24 10:30:14,8394,1,1,2.771,163.318,5.4,1.821,0.28,174.434,25.028
2026-04-24 10:30:14,8395,0,1,1.619,0.0,8.554,1.245,0.427,12.394,26.095
2026-04-24 10:30:14,8396,0,1,2.358,0.0,7.172,1.937,0.454,12.479,26.912
2026-04-24 10:30:14,8397,1,1,2.338,162.163,6.65,1.352,0.441,174.192,24.739
2026-04-24 10:30:14,8398,0,1,2.55,0.0,8.516,1.931,0.429,13.851,26.197
2026-04-24 10:30:14,8399,0,1,1.77,0.0,7.063,1.975,0.426,11.787,27.047
2026-04-24 10:30:14,8400,1,1,4.177,163.539,7.421,1.067,0.425,177.568,24.835
2026-04-24 10:30:14,8401,0,1,2.353,0.0,7.224,1.482,0.296,11.706,26.273
2026-04-24 10:30:14,8402,0,1,8.891,0.0,7.618,1.853,0.428,19.297,27.668
2026-04-24 10:30:14,8403,1,1,2.263,171.908,6.895,1.842,0.43,184.312,25.39
2026-04-24 10:30:15,8404,0,1,2.229,0.0,8.271,2.035,0.441,13.569,26.372
2026-04-24 10:30:15,8405,0,1,2.109,0.0,6.107,1.985,0.434,11.271,27.174
2026-04-24 10:30:15,8406,1,1,2.188,164.606,6.151,1.669,0.226,175.916,24.972
2026-04-24 10:30:15,8407,0,1,1.71,0.0,7.933,2.272,0.427,12.916,26.34
2026-04-24 10:30:15,8408,0,1,2.288,0.0,7.493,1.85,0.449,12.622,26.933
2026-04-24 10:30:15,8409,1,1,3.329,331.019,7.974,1.872,0.444,345.742,24.512
2026-04-24 10:30:15,8410,0,1,9.007,0.0,13.84,1.479,0.301,25.091,25.54
2026-04-24 10:30:15,8411,0,1,2.079,0.0,7.007,1.805,0.452,11.734,26.174
2026-04-24 10:30:16,8412,1,1,1.735,296.935,7.736,1.574,0.417,309.331,23.864
2026-04-24 10:30:16,8413,0,1,2.433,0.0,5.853,1.383,0.28,10.377,25.117
2026-04-24 10:30:16,8414,0,1,1.848,0.0,7.428,1.273,0.421,11.505,26.863
2026-04-24 10:30:16,8415,1,1,1.633,191.376,22.448,1.065,0.321,217.934,24.631
2026-04-24 10:30:16,8416,0,1,1.892,0.0,6.32,2.178,0.287,11.234,24.488
2026-04-24 10:30:16,8417,0,1,1.66,0.0,5.526,1.944,0.397,10.015,25.563
2026-04-24 10:30:16,8418,1,1,2.022,169.356,8.586,1.848,0.404,183.392,23.505
2026-04-24 10:30:16,8419,0,1,2.18,0.0,7.707,1.359,0.466,12.274,24.381
2026-04-24 10:30:16,8420,0,1,2.183,0.0,7.591,2.151,0.532,13.02,25.845
2026-04-24 10:30:16,8421,1,1,1.902,251.158,6.35,1.222,0.425,262.213,23.613
2026-04-24 10:30:16,8422,0,1,1.805,0.0,6.7,1.606,0.24,10.752,25.132
2026-04-24 10:30:16,8423,0,1,2.484,0.0,7.577,1.051,0.454,12.105,26.054
2026-04-24 10:30:17,8424,1,1,4.336,177.542,7.657,1.395,0.29,192.356,23.926
2026-04-24 10:30:17,8425,0,1,2.629,0.0,7.286,1.945,0.453,12.884,24.996
2026-04-24 10:30:17,8426,0,1,20.753,0.0,8.434,1.507,0.403,31.649,24.585
2026-04-24 10:30:17,8427,1,1,7.8,168.149,8.198,1.911,0.424,187.7,22.626
2026-04-24 10:30:17,8428,0,1,2.114,0.0,7.665,1.984,0.439,12.681,24.073
2026-04-24 10:30:17,8429,0,1,2.205,0.0,6.858,1.817,0.505,11.964,24.808
2026-04-24 10:30:17,8430,1,1,2.189,161.865,8.903,1.172,0.264,175.72,22.822
2026-04-24 10:30:17,8431,0,1,2.668,0.0,6.571,1.28,0.486,11.559,24.225
2026-04-24 10:30:17,8432,0,1,2.113,0.0,7.759,1.83,0.449,12.779,25.383
2026-04-24 10:30:17,8433,1,1,2.306,159.666,6.275,1.919,0.464,171.82,23.376
2026-04-24 10:30:17,8434,0,1,6.792,0.0,7.324,1.506,0.445,16.656,25.215
2026-04-24 10:30:18,8435,0,1,1.958,0.0,7.597,1.437,0.465,12.052,26.054
2026-04-24 10:30:18,8436,1,1,2.179,161.74,7.726,1.285,0.217,174.069,23.98
2026-04-24 10:30:18,8437,0,1,1.987,0.0,18.464,1.462,0.448,22.843,25.151
2026-04-24 10:30:18,8438,0,1,1.581,0.0,6.976,1.662,0.352,11.06,25.193
2026-04-24 10:30:18,8439,1,1,2.479,219.75,7.456,1.936,0.392,233.384,23.074
2026-04-24 10:30:18,8440,0,1,1.916,0.0,8.077,1.771,0.363,12.732,24.054
2026-04-24 10:30:18,8441,0,1,2.153,0.0,8.577,1.961,0.421,13.655,24.835
2026-04-24 10:30:18,8442,1,1,1.932,155.495,6.158,1.645,0.46,166.904,22.889
2026-04-24 10:30:18,8443,0,1,1.908,0.0,7.73,2.181,0.5,12.905,24.228
2026-04-24 10:30:18,8444,0,1,2.089,0.0,7.765,1.671,0.247,12.143,25.23
2026-04-24 10:30:19,8445,1,1,2.136,156.683,6.607,0.938,0.239,167.483,23.225
2026-04-24 10:30:19,8446,0,1,2.092,0.0,8.09,1.211,0.217,12.163,25.228
2026-04-24 10:30:19,8447,0,1,1.672,0.0,8.029,2.065,0.314,12.527,26.235
2026-04-24 10:30:19,8448,1,1,2.542,173.98,5.827,1.034,0.211,184.726,24.096
2026-04-24 10:30:19,8449,0,1,2.409,0.0,7.934,2.181,0.546,13.593,25.373
2026-04-24 10:30:19,8450,0,1,1.658,0.0,7.929,1.494,0.507,12.138,26.331
2026-04-24 10:30:19,8451,1,1,1.614,168.897,7.624,1.669,0.41,181.43,24.202
2026-04-24 10:30:19,8452,0,1,2.731,0.0,6.771,1.902,0.41,12.419,25.877
2026-04-24 10:30:19,8453,0,1,8.387,0.0,6.058,1.889,0.407,17.386,26.964
2026-04-24 10:30:19,8454,1,1,2.533,189.765,6.51,1.798,0.364,201.954,24.725
2026-04-24 10:30:19,8455,0,1,3.979,0.0,7.247,1.666,0.452,13.826,26.201
2026-04-24 10:30:19,8456,0,1,6.89,0.0,6.65,1.614,0.352,16.02,27.161
2026-04-24 10:30:20,8457,1,1,1.777,185.014,7.534,1.872,0.447,197.692,24.907
2026-04-24 10:30:20,8458,0,1,1.936,0.0,8.17,1.873,0.447,12.933,25.908
2026-04-24 10:30:20,8459,0,1,2.118,0.0,6.902,1.243,0.312,11.086,26.883
2026-04-24 10:30:20,8460,1,1,1.824,171.054,8.645,1.262,0.427,184.315,24.681
2026-04-24 10:30:20,8461,0,1,1.682,0.0,6.052,0.976,0.243,9.244,25.561
2026-04-24 10:30:20,8462,0,1,2.049,0.0,7.995,2.161,0.472,14.127,26.999
2026-04-24 10:30:20,8463,1,1,1.956,323.274,19.693,2.472,0.611,349.11,24.577
2026-04-24 10:30:20,8464,0,1,7.762,0.0,7.032,1.972,0.422,17.707,24.738
2026-04-24 10:30:20,8465,0,1,1.607,0.0,7.009,1.457,0.377,10.953,25.791
2026-04-24 10:30:21,8466,1,1,9.757,195.341,8.108,1.829,0.458,216.594,23.657
2026-04-24 10:30:21,8467,0,1,3.497,0.0,7.803,1.447,0.255,13.481,24.743
2026-04-24 10:30:21,8468,0,1,5.791,0.0,6.362,1.03,0.244,13.904,25.755
2026-04-24 10:30:21,8469,1,1,2.072,199.687,8.172,1.886,0.423,213.356,23.613
2026-04-24 10:30:21,8470,0,1,8.188,0.0,7.427,1.3,0.281,17.579,24.541
2026-04-24 10:30:21,8471,0,1,2.04,0.0,7.353,1.855,0.446,12.199,25.666
2026-04-24 10:30:21,8472,1,1,5.436,174.846,7.163,1.979,0.438,191.057,23.579
2026-04-24 10:30:21,8473,0,1,5.172,0.0,8.681,1.022,0.261,15.62,24.805
2026-04-24 10:30:21,8474,0,1,2.996,0.0,8.253,1.966,0.441,14.216,24.438
2026-04-24 10:30:21,8475,1,1,2.781,176.398,7.109,1.427,0.428,189.232,22.477
2026-04-24 10:30:21,8476,0,1,10.037,0.0,7.0,1.189,0.321,19.061,23.951
2026-04-24 10:30:21,8477,0,1,2.39,0.0,7.4,2.061,0.416,12.854,25.017
2026-04-24 10:30:22,8478,1,1,8.533,182.15,7.09,2.076,0.48,201.162,22.981
2026-04-24 10:30:22,8479,0,1,2.036,0.0,7.747,1.263,0.285,11.881,24.542
2026-04-24 10:30:22,8480,0,1,1.941,0.0,8.164,1.972,0.491,13.22,25.273
2026-04-24 10:30:22,8481,1,1,2.072,205.65,8.291,1.904,0.461,219.29,23.162
2026-04-24 10:30:22,8482,0,1,5.067,0.0,8.188,1.968,0.463,16.32,24.856
2026-04-24 10:30:22,8483,0,1,2.009,0.0,8.496,1.842,0.442,13.321,25.482
2026-04-24 10:30:22,8484,1,1,2.043,165.102,8.073,1.839,0.41,178.625,23.441
2026-04-24 10:30:22,8485,0,1,2.543,0.0,5.775,1.201,0.258,10.289,24.775
2026-04-24 10:30:22,8486,0,1,12.721,0.0,6.544,1.154,0.442,21.437,24.95
2026-04-24 10:30:22,8487,1,1,11.41,168.487,7.445,1.85,0.432,190.918,22.95
2026-04-24 10:30:22,8488,0,1,1.596,0.0,7.761,1.401,0.236,11.287,24.298
2026-04-24 10:30:23,8489,0,1,8.544,0.0,7.892,2.009,0.45,19.288,25.585
2026-04-24 10:30:23,8490,1,1,1.764,174.001,7.079,1.943,0.367,186.01,23.524
2026-04-24 10:30:23,8491,0,1,1.882,0.0,7.391,2.164,0.486,12.428,24.771
2026-04-24 10:30:23,8492,0,1,1.957,0.0,5.695,1.128,0.414,9.715,26.638
2026-04-24 10:30:23,8493,1,1,1.8,165.824,7.825,1.852,0.394,178.904,24.484
2026-04-24 10:30:23,8494,0,1,2.386,0.0,6.111,0.941,0.3,10.331,25.881
2026-04-24 10:30:23,8495,0,1,1.986,0.0,8.739,1.298,0.285,12.785,26.755
2026-04-24 10:30:23,8496,1,1,2.498,161.287,6.323,1.075,0.364,172.679,24.607
2026-04-24 10:30:23,8497,0,1,1.7,0.0,6.637,1.813,0.435,11.148,26.815
2026-04-24 10:30:23,8498,0,1,2.627,0.0,5.967,0.935,0.278,10.1,27.458
2026-04-24 10:30:23,8499,1,1,2.291,170.784,8.439,1.925,0.424,185.03,25.216
2026-04-24 10:30:23,8500,0,1,2.231,0.0,8.475,1.825,0.318,13.403,26.355
2026-04-24 10:30:24,8501,0,1,2.085,0.0,8.087,1.957,0.43,13.12,27.061
2026-04-24 10:30:24,8502,1,1,2.308,177.246,7.563,1.933,0.441,190.589,24.838
2026-04-24 10:30:24,8503,0,1,1.945,0.0,8.069,2.089,0.496,13.28,26.304
2026-04-24 10:30:24,8504,0,1,1.689,0.0,5.113,0.984,0.243,8.506,26.801
2026-04-24 10:30:24,8505,1,1,1.923,297.421,6.497,1.853,1.591,310.264,24.431
2026-04-24 10:30:24,8506,0,1,2.23,0.0,6.271,1.572,0.338,11.139,28.138
2026-04-24 10:30:24,8507,0,1,1.66,0.0,32.572,1.926,0.432,37.096,29.752
2026-04-24 10:30:25,8508,1,1,4.532,365.3,7.594,1.824,0.322,380.515,27.019
2026-04-24 10:30:25,8509,0,1,2.303,0.0,6.004,1.448,0.279,10.458,28.044
2026-04-24 10:30:25,8510,0,1,3.709,0.0,7.575,1.99,0.38,14.169,29.456
2026-04-24 10:30:25,8511,1,1,1.825,267.965,8.388,1.899,0.422,281.348,26.845
2026-04-24 10:30:25,8512,0,1,2.461,0.0,7.718,1.638,0.34,12.588,27.482
2026-04-24 10:30:25,8513,0,1,7.301,0.0,7.404,1.873,0.425,17.505,28.116
2026-04-24 10:30:25,8514,1,1,1.635,165.545,7.064,2.078,0.45,177.731,25.814
2026-04-24 10:30:25,8515,0,1,2.202,0.0,8.351,2.275,0.398,13.626,26.864
2026-04-24 10:30:25,8516,0,1,1.851,0.0,7.619,1.943,0.434,12.435,26.673
2026-04-24 10:30:25,8517,1,1,2.25,164.105,6.153,1.715,0.235,175.541,24.518
2026-04-24 10:30:25,8518,0,1,2.447,0.0,7.245,1.449,0.46,12.167,26.243
2026-04-24 10:30:25,8519,0,1,2.368,0.0,7.534,1.247,0.347,12.009,26.901
2026-04-24 10:30:26,8520,1,1,1.755,160.573,6.845,1.809,0.441,172.454,24.733
2026-04-24 10:30:26,8521,0,1,2.165,0.0,7.75,1.214,0.254,11.764,25.586
2026-04-24 10:30:26,8522,0,1,3.622,0.0,7.406,0.954,0.284,12.69,26.806
2026-04-24 10:30:26,8523,1,1,2.396,171.663,8.09,1.29,0.313,185.123,24.622
2026-04-24 10:30:26,8524,0,1,8.576,0.0,6.283,1.475,0.344,16.979,24.907
2026-04-24 10:30:26,8525,0,1,60.17,0.0,9.553,2.03,0.645,73.035,23.765
2026-04-24 10:30:26,8526,1,1,73.338,259.676,7.346,1.846,0.472,344.15,21.675
2026-04-24 10:30:26,8527,0,1,3.157,0.0,8.387,1.654,0.517,14.073,23.193
2026-04-24 10:30:26,8528,0,1,2.264,0.0,6.433,1.958,0.425,11.646,23.021
2026-04-24 10:30:27,8529,1,1,2.209,173.881,7.364,1.878,0.394,186.774,21.213
2026-04-24 10:30:27,8530,0,1,1.69,0.0,5.735,0.901,0.216,9.086,22.389
2026-04-24 10:30:27,8531,0,1,45.098,0.0,8.716,2.056,0.389,56.683,21.77
2026-04-24 10:30:27,8532,1,1,5.282,163.893,8.493,1.544,0.419,180.91,20.094
2026-04-24 10:30:27,8533,0,1,2.52,0.0,6.705,1.036,0.233,10.853,20.912
2026-04-24 10:30:27,8534,0,1,2.28,0.0,5.984,1.087,0.385,10.026,21.605
2026-04-24 10:30:27,8535,1,1,1.834,279.01,6.618,0.855,0.205,289.537,19.775
2026-04-24 10:30:27,8536,0,1,1.367,0.0,5.802,0.987,0.319,8.956,21.514
2026-04-24 10:30:27,8537,0,1,2.214,0.0,8.453,1.688,0.251,13.18,23.018
2026-04-24 10:30:28,8538,1,1,1.992,157.684,5.94,1.481,0.303,168.476,21.229
2026-04-24 10:30:28,8539,0,1,1.744,0.0,6.673,1.792,0.287,11.189,22.982
2026-04-24 10:30:28,8540,0,1,1.956,0.0,5.645,1.175,0.308,9.636,24.339
2026-04-24 10:30:28,8541,1,1,1.761,169.046,5.882,1.362,0.337,179.608,22.415
2026-04-24 10:30:28,8542,0,1,1.865,0.0,8.591,1.22,0.234,12.227,24.036
2026-04-24 10:30:28,8543,0,1,2.047,0.0,8.549,1.185,0.271,12.368,25.4
2026-04-24 10:30:28,8544,1,1,1.786,157.845,7.265,1.867,0.403,170.305,23.4
2026-04-24 10:30:28,8545,0,1,2.32,0.0,6.147,1.267,0.351,10.594,24.523
2026-04-24 10:30:28,8546,0,1,1.65,0.0,7.666,1.407,0.222,11.318,25.933
2026-04-24 10:30:28,8547,1,1,1.73,152.965,8.084,1.251,0.245,165.266,23.883
2026-04-24 10:30:28,8548,0,1,1.987,0.0,8.188,1.59,0.465,12.747,25.26
2026-04-24 10:30:28,8549,0,1,1.766,0.0,6.192,1.389,0.445,10.126,25.889
2026-04-24 10:30:29,8550,1,1,2.943,177.165,6.353,1.547,0.42,189.548,23.789
2026-04-24 10:30:29,8551,0,1,1.85,0.0,10.244,1.282,0.317,14.213,24.835
2026-04-24 10:30:29,8552,0,1,4.193,0.0,11.434,3.833,0.697,21.168,25.101
2026-04-24 10:30:29,8553,1,1,2.013,231.821,7.285,1.867,0.533,244.843,22.986
2026-04-24 10:30:29,8554,0,1,2.634,0.0,8.515,1.86,0.423,13.995,23.934
2026-04-24 10:30:29,8555,0,1,2.278,0.0,7.348,1.528,0.269,11.72,24.74
2026-04-24 10:30:29,8556,1,1,2.074,160.887,8.441,1.108,0.595,174.245,22.791
2026-04-24 10:30:29,8557,0,1,1.92,0.0,8.704,1.984,0.22,13.336,23.944
2026-04-24 10:30:29,8558,0,1,1.594,0.0,7.614,1.597,0.435,11.774,24.166
2026-04-24 10:30:29,8559,1,1,2.374,170.518,6.299,1.517,0.425,182.226,22.248
2026-04-24 10:30:29,8560,0,1,3.387,0.0,7.855,1.945,0.465,14.248,23.954
2026-04-24 10:30:29,8561,0,1,7.485,0.0,6.365,1.345,0.404,15.986,25.147
2026-04-24 10:30:30,8562,1,1,6.836,174.448,5.767,1.11,0.318,189.581,23.134
2026-04-24 10:30:30,8563,0,1,1.838,0.0,8.382,2.017,0.462,13.161,24.852
2026-04-24 10:30:30,8564,0,1,1.563,0.0,6.068,1.349,0.356,9.946,25.969
2026-04-24 10:30:30,8565,1,1,1.891,272.977,6.827,1.42,0.413,284.66,23.705
2026-04-24 10:30:30,8566,0,1,2.144,0.0,7.883,1.958,0.446,12.936,24.961
2026-04-24 10:30:30,8567,0,1,2.442,0.0,7.124,1.119,0.447,11.628,25.588
2026-04-24 10:30:30,8568,1,1,2.261,164.23,13.966,1.764,0.295,183.423,23.536
2026-04-24 10:30:30,8569,0,1,4.105,0.0,6.266,1.544,0.403,12.807,24.381
2026-04-24 10:30:30,8570,0,1,3.433,0.0,5.025,1.06,0.266,10.301,26.127
2026-04-24 10:30:31,8571,1,1,17.777,176.932,5.782,0.933,0.378,202.802,24.002
2026-04-24 10:30:31,8572,0,1,1.524,0.0,8.578,1.403,0.324,12.328,25.398
2026-04-24 10:30:31,8573,0,1,2.513,0.0,8.002,1.83,0.427,13.341,24.934
2026-04-24 10:30:31,8574,1,1,2.175,168.459,5.74,1.138,0.435,179.049,22.937
2026-04-24 10:30:31,8575,0,1,1.578,0.0,7.416,1.298,0.786,11.526,24.519
2026-04-24 10:30:31,8576,0,1,6.52,0.0,5.695,1.188,0.327,14.017,25.422
2026-04-24 10:30:31,8577,1,1,1.995,187.668,6.85,1.97,0.484,200.11,23.346
2026-04-24 10:30:31,8578,0,1,1.889,0.0,8.519,1.834,0.436,13.23,24.187
2026-04-24 10:30:31,8579,0,1,1.683,0.0,7.487,1.199,0.515,11.406,24.979
2026-04-24 10:30:31,8580,1,1,1.959,155.761,8.057,1.666,0.403,168.825,23.023
2026-04-24 10:30:31,8581,0,1,2.188,0.0,6.342,1.065,0.322,10.493,23.933
2026-04-24 10:30:31,8582,0,1,2.307,0.0,8.064,1.887,0.543,13.331,25.026
2026-04-24 10:30:32,8583,1,1,1.779,173.151,7.448,1.888,0.395,185.82,23.009
2026-04-24 10:30:32,8584,0,1,2.646,0.0,7.45,1.873,0.407,12.926,24.138
2026-04-24 10:30:32,8585,0,1,2.302,0.0,6.275,1.001,0.218,10.052,25.089
2026-04-24 10:30:32,8586,1,1,1.725,290.206,7.049,1.762,0.387,302.116,22.898
2026-04-24 10:30:32,8587,0,1,2.181,0.0,19.396,1.37,0.346,23.669,25.388
2026-04-24 10:30:32,8588,0,1,3.024,0.0,7.528,1.408,0.452,13.001,25.833
2026-04-24 10:30:32,8589,1,1,1.878,173.236,7.158,1.926,0.446,185.753,23.739
2026-04-24 10:30:32,8590,0,1,2.068,0.0,7.167,1.182,0.249,11.227,24.962
2026-04-24 10:30:32,8591,0,1,2.024,0.0,8.681,1.095,0.437,12.798,26.001
2026-04-24 10:30:32,8592,1,1,1.964,157.473,7.422,1.888,0.223,169.752,23.943
2026-04-24 10:30:32,8593,0,1,2.245,0.0,7.461,2.141,0.478,12.887,24.866
2026-04-24 10:30:33,8594,0,1,2.737,0.0,8.211,2.062,0.455,14.012,25.535
2026-04-24 10:30:33,8595,1,1,2.39,180.064,5.405,1.337,0.419,190.633,23.448
2026-04-24 10:30:33,8596,0,1,2.505,0.0,7.26,0.985,0.233,11.335,24.475
2026-04-24 10:30:33,8597,0,1,1.598,0.0,8.187,2.201,0.483,13.052,25.834
2026-04-24 10:30:33,8598,1,1,2.338,160.129,8.176,1.26,0.34,173.279,23.774
2026-04-24 10:30:33,8599,0,1,2.393,0.0,7.45,1.687,0.398,12.559,24.149
2026-04-24 10:30:33,8600,0,1,2.123,0.0,7.978,1.817,0.434,13.147,24.338
2026-04-24 10:30:33,8601,1,1,1.836,159.074,7.647,1.805,0.442,172.072,22.442
2026-04-24 10:30:33,8602,0,1,1.87,0.0,4.987,0.923,0.352,8.63,22.938
2026-04-24 10:30:33,8603,0,1,3.286,0.0,7.495,1.565,0.25,12.916,24.727
2026-04-24 10:30:33,8604,1,1,2.465,157.345,7.637,1.845,0.386,170.929,22.782
2026-04-24 10:30:34,8605,0,1,2.401,0.0,6.899,0.963,0.224,10.983,24.215
2026-04-24 10:30:34,8606,0,1,9.186,0.0,7.667,1.859,0.435,19.811,24.557
2026-04-24 10:30:34,8607,1,1,3.568,164.236,7.097,1.869,0.274,178.108,22.612
2026-04-24 10:30:34,8608,0,1,1.987,0.0,7.978,2.047,0.46,13.008,23.878
2026-04-24 10:30:34,8609,0,1,2.2,0.0,7.875,1.349,0.522,12.462,25.035
2026-04-24 10:30:34,8610,1,1,2.128,157.144,20.945,1.211,0.235,182.71,23.055
2026-04-24 10:30:34,8611,0,1,1.715,0.0,7.27,1.424,0.443,11.3,22.521
2026-04-24 10:30:34,8612,0,1,3.161,0.0,6.662,1.042,0.226,11.547,24.236
2026-04-24 10:30:34,8613,1,1,3.08,157.454,6.285,1.847,0.411,170.408,22.348
2026-04-24 10:30:34,8614,0,1,2.343,0.0,8.023,1.559,0.519,13.024,24.239
2026-04-24 10:30:34,8615,0,1,1.961,0.0,7.959,1.275,0.231,11.886,25.339
2026-04-24 10:30:35,8616,1,1,2.671,154.974,6.52,1.376,0.304,166.954,23.352
2026-04-24 10:30:35,8617,0,1,1.749,0.0,8.671,1.249,0.435,12.594,24.844
2026-04-24 10:30:35,8618,0,1,2.487,0.0,8.058,1.884,0.427,13.367,25.953
2026-04-24 10:30:35,8619,1,1,1.912,154.477,7.92,1.866,0.386,167.793,23.875
2026-04-24 10:30:35,8620,0,1,2.286,0.0,8.054,1.647,0.481,13.021,24.71
2026-04-24 10:30:35,8621,0,1,1.616,0.0,8.702,1.897,0.504,13.258,25.818
2026-04-24 10:30:35,8622,1,1,1.534,163.755,7.437,1.916,0.315,176.125,23.741
2026-04-24 10:30:35,8623,0,1,2.201,0.0,8.389,1.864,0.439,13.47,24.719
2026-04-24 10:30:35,8624,0,1,2.166,0.0,8.466,2.031,0.419,13.639,25.926
2026-04-24 10:30:35,8625,1,1,1.797,164.905,6.376,1.922,0.435,176.505,23.844
2026-04-24 10:30:35,8626,0,1,2.622,0.0,6.652,0.9,0.228,10.962,25.126
2026-04-24 10:30:35,8627,0,1,2.165,0.0,5.991,1.859,0.426,11.067,26.5
2026-04-24 10:30:36,8628,1,1,6.994,203.262,7.622,2.184,0.348,222.16,24.288
2026-04-24 10:30:36,8629,0,1,1.862,0.0,25.41,1.493,0.366,34.343,26.138
2026-04-24 10:30:36,8630,0,1,1.999,0.0,8.773,1.647,0.355,13.289,25.729
2026-04-24 10:30:36,8631,1,1,1.97,176.361,8.035,1.831,0.391,189.629,23.635
2026-04-24 10:30:36,8632,0,1,1.844,0.0,6.659,0.944,0.235,10.172,24.612
2026-04-24 10:30:36,8633,0,1,2.074,0.0,7.165,2.192,0.222,11.945,26.262
2026-04-24 10:30:36,8634,1,1,9.801,174.718,7.423,1.821,0.388,195.273,24.112
2026-04-24 10:30:36,8635,0,1,2.003,0.0,8.355,2.098,0.404,13.316,25.575
2026-04-24 10:30:36,8636,0,1,1.641,0.0,4.57,0.743,0.191,7.605,26.4
2026-04-24 10:30:36,8637,1,1,9.902,212.434,7.382,1.447,0.315,232.307,24.182
2026-04-24 10:30:36,8638,0,1,5.717,0.0,7.279,1.795,0.231,15.324,25.649
2026-04-24 10:30:36,8639,0,1,3.415,0.0,5.563,0.974,0.265,10.485,26.494
2026-04-24 10:30:37,8640,1,1,4.994,161.598,7.995,0.999,0.412,177.095,24.385
2026-04-24 10:30:37,8641,0,1,2.077,0.0,7.783,2.099,0.519,12.869,25.491
2026-04-24 10:30:37,8642,0,1,2.061,0.0,7.581,1.666,0.437,12.319,25.471
2026-04-24 10:30:37,8643,1,1,2.126,167.652,6.607,1.888,0.408,179.822,23.422
2026-04-24 10:30:37,8644,0,1,3.195,0.0,6.424,0.974,0.224,11.352,25.202
2026-04-24 10:30:37,8645,0,1,2.051,0.0,7.854,2.209,0.491,13.202,26.299
2026-04-24 10:30:37,8646,1,1,2.045,164.257,6.85,1.887,0.41,176.521,24.176
2026-04-24 10:30:37,8647,0,1,2.481,0.0,6.921,1.729,0.53,12.208,25.779
2026-04-24 10:30:37,8648,0,1,2.851,0.0,7.969,1.084,0.326,12.746,26.572
2026-04-24 10:30:37,8649,1,1,3.654,161.635,5.331,1.83,0.414,174.059,24.435
2026-04-24 10:30:37,8650,0,1,2.218,0.0,7.422,0.974,0.242,11.36,25.92
2026-04-24 10:30:37,8651,0,1,2.399,0.0,7.918,1.82,0.425,13.149,26.82
2026-04-24 10:30:38,8652,1,1,16.579,165.013,7.472,1.828,0.405,192.444,24.644
2026-04-24 10:30:38,8653,0,1,1.614,0.0,7.319,1.188,0.21,10.916,26.005
2026-04-24 10:30:38,8654,0,1,2.014,0.0,7.371,1.827,0.425,12.171,27.37
2026-04-24 10:30:38,8655,1,1,2.678,157.604,8.369,1.818,0.401,171.978,25.171
2026-04-24 10:30:38,8656,0,1,1.881,0.0,5.284,2.101,0.445,10.25,26.066
2026-04-24 10:30:38,8657,0,1,28.884,0.0,7.953,1.645,0.305,39.074,25.302
2026-04-24 10:30:38,8658,1,1,7.169,160.739,7.903,1.555,0.232,178.605,23.28
2026-04-24 10:30:38,8659,0,1,2.742,0.0,8.265,1.981,0.567,14.068,24.786
2026-04-24 10:30:38,8660,0,1,3.647,0.0,7.186,1.837,0.356,13.81,25.886
2026-04-24 10:30:38,8661,1,1,2.312,164.527,6.429,1.842,0.422,176.668,23.812
2026-04-24 10:30:38,8662,0,1,3.204,0.0,5.565,0.913,0.352,10.624,24.716
2026-04-24 10:30:38,8663,0,1,1.582,0.0,8.052,1.256,0.289,11.692,26.133
2026-04-24 10:30:39,8664,1,1,1.702,170.564,6.129,1.642,0.298,181.202,24.009
2026-04-24 10:30:39,8665,0,1,1.521,0.0,5.776,0.827,0.23,8.875,25.438
2026-04-24 10:30:39,8666,0,1,2.026,0.0,6.981,0.93,0.313,10.7,26.891
2026-04-24 10:30:39,8667,1,1,2.678,167.459,5.591,1.675,0.43,179.048,24.705
2026-04-24 10:30:39,8668,0,1,2.017,0.0,8.271,1.951,0.439,13.132,26.315
2026-04-24 10:30:39,8669,0,1,1.988,0.0,7.961,1.84,0.363,12.597,26.8
2026-04-24 10:30:39,8670,1,1,2.234,194.255,6.13,1.338,0.384,205.153,24.563
2026-04-24 10:30:39,8671,0,1,1.84,0.0,7.555,1.986,0.597,12.384,25.539
2026-04-24 10:30:39,8672,0,1,4.859,0.0,6.575,1.767,0.772,19.837,25.859
2026-04-24 10:30:39,8673,1,1,9.298,182.903,6.807,1.341,0.248,201.702,23.725
2026-04-24 10:30:40,8674,0,1,2.143,0.0,8.624,1.404,0.499,13.189,24.813
2026-04-24 10:30:40,8675,0,1,1.96,0.0,9.261,1.42,0.53,13.486,26.352
2026-04-24 10:30:40,8676,1,1,2.15,287.597,5.858,1.861,0.433,298.739,24.03
2026-04-24 10:30:40,8677,0,1,2.008,0.0,6.626,1.84,0.471,11.434,25.362
2026-04-24 10:30:40,8678,0,1,2.247,0.0,6.878,1.286,0.333,11.394,26.374
2026-04-24 10:30:40,8679,1,1,1.965,175.629,5.767,1.411,0.411,186.186,24.226
2026-04-24 10:30:40,8680,0,1,2.638,0.0,8.622,1.973,0.257,14.029,25.149
2026-04-24 10:30:40,8681,0,1,1.903,0.0,8.115,1.407,0.37,12.305,26.436
2026-04-24 10:30:40,8682,1,1,1.74,161.61,5.655,1.48,0.209,171.914,24.314
2026-04-24 10:30:40,8683,0,1,2.506,0.0,9.068,1.531,0.235,13.902,25.063
2026-04-24 10:30:40,8684,0,1,2.925,0.0,8.729,2.194,0.579,14.868,26.015
2026-04-24 10:30:41,8685,1,1,1.99,160.76,7.544,1.29,0.25,172.857,23.925
2026-04-24 10:30:41,8686,0,1,1.673,0.0,7.102,2.192,0.281,11.79,25.653
2026-04-24 10:30:41,8687,0,1,9.788,0.0,6.045,1.365,0.416,18.162,26.523
2026-04-24 10:30:41,8688,1,1,1.532,166.336,7.989,1.996,0.46,179.468,24.384
2026-04-24 10:30:41,8689,0,1,2.741,0.0,6.413,1.322,0.756,11.913,25.6
2026-04-24 10:30:41,8690,0,1,2.036,0.0,5.798,1.289,0.32,9.892,26.264
2026-04-24 10:30:41,8691,1,1,6.242,228.628,6.628,1.372,0.436,244.225,24.033
2026-04-24 10:30:41,8692,0,1,4.533,0.0,5.495,1.843,0.449,12.849,25.506
2026-04-24 10:30:41,8693,0,1,2.038,0.0,7.584,1.375,0.44,11.952,26.755
2026-04-24 10:30:41,8694,1,1,1.929,155.736,6.853,1.845,0.393,167.694,24.627
2026-04-24 10:30:41,8695,0,1,1.942,0.0,6.232,1.761,0.26,10.672,26.056
2026-04-24 10:30:41,8696,0,1,2.739,0.0,7.997,2.18,0.541,14.014,26.738
2026-04-24 10:30:42,8697,1,1,2.762,169.03,8.198,1.544,0.439,183.039,24.554
2026-04-24 10:30:42,8698,0,1,2.149,0.0,7.457,1.96,0.492,12.567,25.603
2026-04-24 10:30:42,8699,0,1,1.863,0.0,6.194,1.269,0.557,10.429,26.628
2026-04-24 10:30:42,8700,1,1,2.263,161.802,5.827,1.347,0.322,172.492,24.491
2026-04-24 10:30:42,8701,0,1,2.151,0.0,6.69,1.285,0.421,11.095,25.856
2026-04-24 10:30:42,8702,0,1,1.795,0.0,5.705,1.26,0.354,9.65,27.088
2026-04-24 10:30:42,8703,1,1,2.237,157.05,7.385,1.514,0.255,169.596,24.922
2026-04-24 10:30:42,8704,0,1,3.299,0.0,7.642,2.111,0.461,14.065,25.547
2026-04-24 10:30:42,8705,0,1,1.913,0.0,7.547,2.253,0.491,12.706,26.183
2026-04-24 10:30:42,8706,1,1,2.463,159.365,7.939,1.8,0.379,173.11,24.085
2026-04-24 10:30:42,8707,0,1,2.534,0.0,8.233,1.348,0.331,12.905,24.996
2026-04-24 10:30:42,8708,0,1,2.112,0.0,7.472,2.111,0.435,12.607,25.917
2026-04-24 10:30:43,8709,1,1,2.534,163.088,9.136,1.465,0.353,179.417,23.83
2026-04-24 10:30:43,8710,0,1,1.548,0.0,5.993,1.238,0.305,9.858,24.824
2026-04-24 10:30:43,8711,0,1,50.717,0.0,8.124,1.63,0.41,61.387,23.573
2026-04-24 10:30:43,8712,1,1,4.517,183.14,7.154,1.918,0.423,198.139,21.682
2026-04-24 10:30:43,8713,0,1,2.111,0.0,7.887,1.835,0.387,12.891,23.111
2026-04-24 10:30:43,8714,0,1,2.663,0.0,6.685,1.063,0.237,10.925,24.141
2026-04-24 10:30:43,8715,1,1,2.598,192.131,8.166,1.854,0.422,206.148,22.175
2026-04-24 10:30:43,8716,0,1,2.436,0.0,6.996,1.208,0.223,11.168,23.75
2026-04-24 10:30:43,8717,0,1,9.234,0.0,8.588,1.868,0.514,21.307,24.873
2026-04-24 10:30:44,8718,1,1,1.78,196.338,9.714,1.478,0.426,211.548,22.819
2026-04-24 10:30:44,8719,0,1,1.581,0.0,6.459,1.359,0.282,10.237,24.047
2026-04-24 10:30:44,8720,0,1,1.937,0.0,10.871,2.62,4.004,21.372,25.189
2026-04-24 10:30:44,8721,1,1,9.936,181.113,6.284,1.248,0.192,199.803,23.124
2026-04-24 10:30:44,8722,0,1,1.695,0.0,6.836,1.499,0.34,10.79,25.086
2026-04-24 10:30:44,8723,0,1,2.404,0.0,7.518,1.455,0.259,12.164,25.136
2026-04-24 10:30:44,8724,1,1,1.917,160.835,6.532,1.887,0.389,172.714,23.116
2026-04-24 10:30:44,8725,0,1,2.429,0.0,6.113,1.835,0.433,11.369,24.743
2026-04-24 10:30:44,8726,0,1,3.605,0.0,6.144,1.811,0.415,12.482,24.807
2026-04-24 10:30:44,8727,1,1,1.804,173.068,6.11,1.664,0.368,184.146,22.792
2026-04-24 10:30:44,8728,0,1,2.055,0.0,6.066,1.423,0.393,10.456,24.192
2026-04-24 10:30:44,8729,0,1,4.534,0.0,5.587,1.108,0.234,11.769,25.351
2026-04-24 10:30:45,8730,1,1,2.863,156.236,7.314,1.92,0.29,169.497,23.371
2026-04-24 10:30:45,8731,0,1,1.792,0.0,7.057,1.808,0.42,11.652,24.983
2026-04-24 10:30:45,8732,0,1,2.336,0.0,8.158,1.277,0.427,12.806,26.095
2026-04-24 10:30:45,8733,1,1,2.623,157.898,8.024,1.939,0.252,171.65,24.013
2026-04-24 10:30:45,8734,0,1,2.01,0.0,6.977,1.41,0.488,11.358,25.009
2026-04-24 10:30:45,8735,0,1,1.687,0.0,7.101,1.688,0.335,11.153,26.01
2026-04-24 10:30:45,8736,1,1,1.711,173.309,8.179,1.837,0.422,186.491,23.908
2026-04-24 10:30:45,8737,0,1,2.253,0.0,7.674,1.388,0.465,12.175,24.966
2026-04-24 10:30:45,8738,0,1,1.799,0.0,8.392,2.015,0.548,13.143,25.504
2026-04-24 10:30:45,8739,1,1,2.101,184.496,6.143,1.38,0.285,195.199,23.416
2026-04-24 10:30:45,8740,0,1,4.559,0.0,6.941,1.642,0.275,13.898,25.433
2026-04-24 10:30:45,8741,0,1,4.001,0.0,6.075,1.143,0.28,12.01,26.43
2026-04-24 10:30:46,8742,1,1,20.107,158.373,8.146,1.855,0.388,190.078,24.307
2026-04-24 10:30:46,8743,0,1,1.603,0.0,6.016,0.981,0.43,9.522,25.501
2026-04-24 10:30:46,8744,0,1,1.838,0.0,7.599,2.046,0.461,12.531,25.846
2026-04-24 10:30:46,8745,1,1,1.891,304.611,7.27,1.887,0.503,316.959,23.555
2026-04-24 10:30:46,8746,0,1,2.077,0.0,5.731,1.405,0.412,10.162,24.538
2026-04-24 10:30:46,8747,0,1,2.419,0.0,7.844,1.853,0.48,13.097,25.76
2026-04-24 10:30:46,8748,1,1,1.692,204.601,6.881,1.883,0.227,216.221,23.588
2026-04-24 10:30:46,8749,0,1,1.848,0.0,5.607,1.873,0.438,10.305,23.628
2026-04-24 10:30:46,8750,0,1,2.728,0.0,7.678,1.131,0.314,12.338,25.011
2026-04-24 10:30:47,8751,1,1,1.568,167.926,6.915,1.683,0.412,179.562,23.007
2026-04-24 10:30:47,8752,0,1,1.687,0.0,7.459,1.046,0.497,11.146,23.3
2026-04-24 10:30:47,8753,0,1,2.488,0.0,7.282,1.89,0.468,12.935,24.773
2026-04-24 10:30:47,8754,1,1,2.352,209.102,6.377,1.932,0.405,221.236,22.708
2026-04-24 10:30:47,8755,0,1,1.717,0.0,8.1,2.152,0.49,13.007,24.174
2026-04-24 10:30:47,8756,0,1,2.313,0.0,6.876,1.255,0.254,10.989,25.009
2026-04-24 10:30:47,8757,1,1,2.463,175.194,5.825,1.224,0.206,185.927,22.994
2026-04-24 10:30:47,8758,0,1,2.638,0.0,6.615,2.082,0.285,11.963,24.54
2026-04-24 10:30:47,8759,0,1,3.3,0.0,5.342,1.823,0.45,11.493,25.818
2026-04-24 10:30:47,8760,1,1,10.738,156.73,8.05,1.882,0.407,178.917,23.76
2026-04-24 10:30:47,8761,0,1,1.799,0.0,7.817,1.128,0.249,11.567,24.742
2026-04-24 10:30:47,8762,0,1,2.203,0.0,5.218,1.297,0.337,9.509,25.68
2026-04-24 10:30:48,8763,1,1,1.695,185.601,6.518,1.868,0.41,196.908,23.578
2026-04-24 10:30:48,8764,0,1,1.898,0.0,9.057,1.648,0.291,13.431,25.08
2026-04-24 10:30:48,8765,0,1,2.148,0.0,6.833,2.159,0.428,12.117,25.97
2026-04-24 10:30:48,8766,1,1,1.986,159.898,6.102,1.317,0.216,170.558,23.9
2026-04-24 10:30:48,8767,0,1,1.955,0.0,6.184,1.324,0.417,10.224,25.753
2026-04-24 10:30:48,8768,0,1,2.455,0.0,7.293,1.815,0.422,12.554,26.006
2026-04-24 10:30:48,8769,1,1,1.828,169.573,5.641,1.066,0.413,179.638,23.912
2026-04-24 10:30:48,8770,0,1,2.226,0.0,6.127,1.916,0.438,11.249,24.293
2026-04-24 10:30:48,8771,0,1,1.784,0.0,6.721,1.794,0.3,11.309,26.23
2026-04-24 10:30:48,8772,1,1,2.099,164.463,7.478,2.012,0.53,177.639,24.119
2026-04-24 10:30:48,8773,0,1,2.467,0.0,7.355,1.459,0.446,12.258,25.155
2026-04-24 10:30:49,8774,0,1,2.105,0.0,8.417,1.577,0.357,12.982,26.429
2026-04-24 10:30:49,8775,1,1,2.705,168.361,7.576,1.221,0.75,181.566,24.286
2026-04-24 10:30:49,8776,0,1,1.884,0.0,8.291,1.86,0.419,12.978,25.55
2026-04-24 10:30:49,8777,0,1,1.702,0.0,6.493,1.816,0.454,10.949,25.259
2026-04-24 10:30:49,8778,1,1,3.197,167.457,5.181,0.842,0.214,177.792,23.245
2026-04-24 10:30:49,8779,0,1,4.866,0.0,5.816,0.973,0.259,12.377,24.934
2026-04-24 10:30:49,8780,0,1,2.228,0.0,7.92,1.322,0.304,12.173,25.536
2026-04-24 10:30:49,8781,1,1,1.874,193.914,6.402,1.825,0.438,205.198,23.433
2026-04-24 10:30:49,8782,0,1,1.91,0.0,7.904,1.975,0.445,12.803,24.68
2026-04-24 10:30:49,8783,0,1,1.717,0.0,7.492,1.681,0.383,11.633,24.465
2026-04-24 10:30:50,8784,1,1,7.805,175.621,7.311,1.808,0.396,194.017,22.514
2026-04-24 10:30:50,8785,0,1,1.636,0.0,6.056,1.133,0.417,9.847,23.981
2026-04-24 10:30:50,8786,0,1,2.242,0.0,6.962,1.138,0.442,11.312,25.208
2026-04-24 10:30:50,8787,1,1,2.665,165.693,7.84,1.451,0.451,178.997,23.207
2026-04-24 10:30:50,8788,0,1,1.778,0.0,8.072,2.177,0.483,13.083,24.601
2026-04-24 10:30:50,8789,0,1,2.141,0.0,8.073,1.461,0.448,12.417,25.62
2026-04-24 10:30:50,8790,1,1,3.125,168.269,7.315,1.587,0.441,181.705,23.573
2026-04-24 10:30:50,8791,0,1,2.084,0.0,7.708,1.608,0.313,12.047,24.612
2026-04-24 10:30:50,8792,0,1,1.668,0.0,3.938,1.555,0.386,7.94,25.926
2026-04-24 10:30:50,8793,1,1,2.395,158.823,6.99,1.848,0.242,171.239,23.867
2026-04-24 10:30:50,8794,0,1,1.895,0.0,7.918,1.864,0.386,12.401,25.329
2026-04-24 10:30:50,8795,0,1,31.446,0.0,6.268,1.332,0.329,39.759,24.499
2026-04-24 10:30:51,8796,1,1,21.696,209.415,7.857,1.466,0.452,241.897,22.46
2026-04-24 10:30:51,8797,0,1,3.969,0.0,7.39,2.174,0.406,14.575,23.442
2026-04-24 10:30:51,8798,0,1,15.933,0.0,7.122,4.664,0.367,28.495,24.446
2026-04-24 10:30:51,8799,1,1,23.616,291.282,7.875,1.858,0.412,325.706,22.298
2026-04-24 10:30:51,8800,0,1,1.944,0.0,6.081,1.256,0.317,10.065,23.598
2026-04-24 10:30:51,8801,0,1,3.888,0.0,7.5,2.002,0.411,14.322,25.701
2026-04-24 10:30:51,8802,1,1,1.574,176.423,7.454,1.73,0.322,188.578,23.61
2026-04-24 10:30:51,8803,0,1,1.968,0.0,7.147,1.608,0.446,11.677,25.143
2026-04-24 10:30:51,8804,0,1,2.046,0.0,7.395,1.087,0.333,11.496,26.179
2026-04-24 10:30:52,8805,1,1,6.236,167.261,6.416,1.808,0.394,183.232,24.081
2026-04-24 10:30:52,8806,0,1,2.933,0.0,7.53,2.139,0.416,13.403,25.628
2026-04-24 10:30:52,8807,0,1,2.703,0.0,7.7,1.877,0.447,13.147,26.529
2026-04-24 10:30:52,8808,1,1,2.427,160.755,4.514,1.377,0.44,170.496,24.374
2026-04-24 10:30:52,8809,0,1,1.916,0.0,7.369,2.021,0.308,12.123,25.739
2026-04-24 10:30:52,8810,0,1,1.546,0.0,8.176,1.832,0.406,12.434,26.618
2026-04-24 10:30:52,8811,1,1,1.98,166.668,7.326,1.596,0.207,178.669,24.464
2026-04-24 10:30:52,8812,0,1,2.266,0.0,7.356,1.11,0.247,11.342,25.627
2026-04-24 10:30:52,8813,0,1,1.963,0.0,7.065,0.989,0.333,10.839,26.831
2026-04-24 10:30:52,8814,1,1,2.702,158.305,7.014,2.211,0.379,172.557,24.682
2026-04-24 10:30:52,8815,0,1,1.903,0.0,9.822,1.831,0.427,14.504,25.112
2026-04-24 10:30:52,8816,0,1,11.317,0.0,9.187,1.361,0.375,22.737,25.626
2026-04-24 10:30:53,8817,1,1,1.722,246.375,7.014,1.626,0.304,258.16,23.425
2026-04-24 10:30:53,8818,0,1,1.886,0.0,7.24,1.557,0.411,11.587,24.685
2026-04-24 10:30:53,8819,0,1,2.321,0.0,7.116,1.839,0.536,12.373,25.898
2026-04-24 10:30:53,8820,1,1,2.76,164.942,6.801,1.383,0.404,177.365,23.815
2026-04-24 10:30:53,8821,0,1,3.064,0.0,7.311,1.267,0.272,12.392,24.846
2026-04-24 10:30:53,8822,0,1,2.25,0.0,8.218,1.898,0.515,13.369,25.856
2026-04-24 10:30:53,8823,1,1,10.177,175.413,6.239,0.944,0.346,194.147,23.751
2026-04-24 10:30:53,8824,0,1,2.267,0.0,7.677,1.836,0.424,12.756,25.488
2026-04-24 10:30:53,8825,0,1,3.99,0.0,6.548,1.144,0.311,12.485,27.022
2026-04-24 10:30:53,8826,1,1,1.944,189.019,6.229,1.298,0.216,199.785,24.78
2026-04-24 10:30:53,8827,0,1,2.006,0.0,8.119,2.372,0.49,13.55,26.149
2026-04-24 10:30:53,8828,0,1,1.905,0.0,7.295,1.851,0.473,12.063,26.917
2026-04-24 10:30:54,8829,1,1,13.694,165.786,7.915,1.855,0.471,190.787,24.706
2026-04-24 10:30:54,8830,0,1,1.758,0.0,8.201,2.116,0.424,13.099,25.785
2026-04-24 10:30:54,8831,0,1,6.358,0.0,5.544,0.973,0.279,13.64,26.736
2026-04-24 10:30:54,8832,1,1,2.036,169.589,8.053,1.599,0.384,182.735,24.58
2026-04-24 10:30:54,8833,0,1,9.027,0.0,5.591,1.306,0.314,16.735,25.717
2026-04-24 10:30:54,8834,0,1,34.866,0.0,7.737,1.795,0.615,45.613,25.086
2026-04-24 10:30:54,8835,1,1,1.914,166.303,7.115,1.868,0.352,178.493,23.086
2026-04-24 10:30:54,8836,0,1,2.154,0.0,7.164,2.148,0.525,12.508,24.199
2026-04-24 10:30:54,8837,0,1,5.722,0.0,5.12,1.757,0.229,13.378,25.25
2026-04-24 10:30:54,8838,1,1,8.076,170.977,7.287,1.294,0.218,189.172,23.214
2026-04-24 10:30:54,8839,0,1,2.318,0.0,7.51,1.236,0.313,11.903,24.169
2026-04-24 10:30:54,8840,0,1,2.094,0.0,7.93,2.211,0.452,13.274,25.488
2026-04-24 10:30:55,8841,1,1,1.962,324.029,7.751,1.86,0.408,337.03,23.226
2026-04-24 10:30:55,8842,0,1,3.164,0.0,5.554,1.327,0.382,10.824,24.534
2026-04-24 10:30:55,8843,0,1,1.777,0.0,7.658,1.721,0.338,12.028,26.235
2026-04-24 10:30:55,8844,1,1,2.115,160.906,6.766,1.742,0.419,172.833,24.129
2026-04-24 10:30:55,8845,0,1,1.904,0.0,7.793,1.995,0.509,12.723,25.638
2026-04-24 10:30:55,8846,0,1,19.147,0.0,7.871,1.777,0.203,29.494,25.134
2026-04-24 10:30:55,8847,1,1,10.299,171.913,7.639,1.539,0.318,192.842,23.108
2026-04-24 10:30:55,8848,0,1,2.535,0.0,7.493,1.998,0.426,13.028,24.703
2026-04-24 10:30:55,8849,0,1,1.726,0.0,6.583,1.226,0.234,10.126,25.679
2026-04-24 10:30:56,8850,1,1,3.225,175.077,7.108,1.942,0.456,188.958,23.611
2026-04-24 10:30:56,8851,0,1,1.833,0.0,8.151,1.196,0.264,11.915,24.748
2026-04-24 10:30:56,8852,0,1,3.955,0.0,8.364,1.205,0.325,14.39,25.827
2026-04-24 10:30:56,8853,1,1,2.415,165.459,8.177,1.797,0.394,179.458,23.769
2026-04-24 10:30:56,8854,0,1,7.357,0.0,8.42,1.637,0.243,18.115,24.923
2026-04-24 10:30:56,8855,0,1,1.763,0.0,4.477,0.873,0.23,7.841,25.973
2026-04-24 10:30:56,8856,1,1,2.526,187.478,11.907,1.858,0.358,205.339,23.839
2026-04-24 10:30:56,8857,0,1,2.179,0.0,8.528,2.027,0.43,13.624,24.599
2026-04-24 10:30:56,8858,0,1,1.935,0.0,6.673,1.114,0.286,10.465,25.51
2026-04-24 10:30:56,8859,1,1,2.347,170.16,8.169,1.582,0.216,183.622,23.464
2026-04-24 10:30:56,8860,0,1,2.401,0.0,7.506,1.308,0.276,12.018,24.729
2026-04-24 10:30:56,8861,0,1,6.115,0.0,9.556,2.021,0.498,18.704,25.481
2026-04-24 10:30:57,8862,1,1,4.405,177.434,7.559,1.317,0.291,191.8,23.411
2026-04-24 10:30:57,8863,0,1,1.797,0.0,5.741,1.908,0.518,10.49,24.731
2026-04-24 10:30:57,8864,0,1,1.704,0.0,5.421,1.119,0.309,9.111,25.94
2026-04-24 10:30:57,8865,1,1,8.632,175.526,8.029,1.883,0.382,195.637,23.844
2026-04-24 10:30:57,8866,0,1,1.956,0.0,6.815,1.571,0.448,11.311,24.966
2026-04-24 10:30:57,8867,0,1,2.047,0.0,7.62,0.921,0.218,11.279,25.736
2026-04-24 10:30:57,8868,1,1,9.421,269.749,5.996,1.199,0.335,287.919,23.498
2026-04-24 10:30:57,8869,0,1,2.434,0.0,6.37,1.679,0.336,11.339,24.54
2026-04-24 10:30:57,8870,0,1,2.17,0.0,7.485,1.952,0.43,12.593,25.522
2026-04-24 10:30:58,8871,1,1,2.569,166.072,6.233,1.562,0.336,177.896,23.481
2026-04-24 10:30:58,8872,0,1,3.822,0.0,7.779,2.069,0.428,14.677,24.871
2026-04-24 10:30:58,8873,0,1,1.78,0.0,7.552,1.922,0.444,12.227,26.04
2026-04-24 10:30:58,8874,1,1,2.019,204.646,6.676,1.786,0.424,216.788,23.861
2026-04-24 10:30:58,8875,0,1,2.065,0.0,7.222,1.349,0.277,11.487,25.579
2026-04-24 10:30:58,8876,0,1,2.439,0.0,6.696,1.941,0.4,11.984,26.797
2026-04-24 10:30:58,8877,1,1,1.969,172.678,7.236,1.936,0.414,185.281,24.583
2026-04-24 10:30:58,8878,0,1,1.714,0.0,4.368,1.13,0.492,8.031,25.929
2026-04-24 10:30:58,8879,0,1,12.208,0.0,7.108,1.146,0.263,21.068,26.04
2026-04-24 10:30:58,8880,1,1,2.309,163.711,6.093,1.376,0.378,175.021,23.936
2026-04-24 10:30:58,8881,0,1,2.263,0.0,7.301,1.3,0.315,11.653,24.298
2026-04-24 10:30:58,8882,0,1,2.007,0.0,6.711,1.902,0.45,11.643,26.285
2026-04-24 10:30:59,8883,1,1,1.95,158.225,5.967,1.559,0.332,169.164,24.161
2026-04-24 10:30:59,8884,0,1,3.132,0.0,7.759,2.537,0.252,14.257,25.901
2026-04-24 10:30:59,8885,0,1,2.238,0.0,7.247,1.843,0.501,12.342,26.523
2026-04-24 10:30:59,8886,1,1,2.021,258.91,8.083,1.845,0.408,272.405,24.216
2026-04-24 10:30:59,8887,0,1,2.163,0.0,7.915,2.182,0.458,13.273,25.125
2026-04-24 10:30:59,8888,0,1,1.823,0.0,4.274,1.201,0.235,8.051,25.622
2026-04-24 10:30:59,8889,1,1,1.961,174.108,6.819,1.378,0.328,185.724,23.562
2026-04-24 10:30:59,8890,0,1,2.187,0.0,6.373,1.132,0.493,10.693,25.143
2026-04-24 10:30:59,8891,0,1,1.887,0.0,5.368,1.39,0.321,9.303,26.433
2026-04-24 10:30:59,8892,1,1,1.698,195.483,6.309,1.886,0.411,206.751,24.237
2026-04-24 10:31:00,8893,0,1,2.267,0.0,7.817,1.743,0.33,12.559,24.511
2026-04-24 10:31:00,8894,0,1,16.371,0.0,6.459,1.361,0.296,24.992,24.123
2026-04-24 10:31:00,8895,1,1,1.714,159.414,7.594,1.874,0.394,172.026,22.244
2026-04-24 10:31:00,8896,0,1,2.339,0.0,7.747,1.84,0.417,12.858,23.314
2026-04-24 10:31:00,8897,0,1,1.855,0.0,6.722,1.843,0.421,11.358,24.138
2026-04-24 10:31:00,8898,1,1,1.597,170.912,5.041,0.979,0.208,179.624,22.228
2026-04-24 10:31:00,8899,0,1,1.769,0.0,5.859,1.116,0.275,9.468,24.499
2026-04-24 10:31:00,8900,0,1,1.999,0.0,6.345,1.014,0.26,10.109,25.754
2026-04-24 10:31:00,8901,1,1,1.997,180.796,7.395,1.913,0.416,193.534,23.659
2026-04-24 10:31:00,8902,0,1,1.862,0.0,6.386,1.147,0.456,10.333,23.993
2026-04-24 10:31:00,8903,0,1,24.776,0.0,7.964,1.915,0.41,35.8,24.002
2026-04-24 10:31:01,8904,1,1,3.055,159.24,7.503,1.797,0.408,173.241,22.121
2026-04-24 10:31:01,8905,0,1,2.663,0.0,8.126,1.814,0.407,13.526,23.438
2026-04-24 10:31:01,8906,0,1,2.123,0.0,7.328,1.692,0.408,12.145,24.414
2026-04-24 10:31:01,8907,1,1,1.856,201.511,7.153,1.886,0.444,213.976,22.407
2026-04-24 10:31:01,8908,0,1,1.747,0.0,8.792,2.316,0.276,13.538,23.938
2026-04-24 10:31:01,8909,0,1,1.862,0.0,5.939,1.882,0.424,10.734,25.281
2026-04-24 10:31:01,8910,1,1,1.792,170.176,7.359,1.752,0.22,182.479,23.256
2026-04-24 10:31:01,8911,0,1,2.713,0.0,7.081,1.909,0.417,12.636,24.18
2026-04-24 10:31:01,8912,0,1,7.442,0.0,6.573,1.839,0.433,16.819,24.608
2026-04-24 10:31:01,8913,1,1,1.745,168.285,8.173,1.857,0.397,181.659,22.63
2026-04-24 10:31:01,8914,0,1,1.952,0.0,8.464,1.561,0.334,12.802,23.93
2026-04-24 10:31:01,8915,0,1,2.166,0.0,7.686,1.681,0.458,12.626,25.132
2026-04-24 10:31:02,8916,1,1,2.612,153.491,6.527,1.822,0.395,165.801,23.156
2026-04-24 10:31:02,8917,0,1,1.842,0.0,5.953,2.015,0.418,10.718,24.893
2026-04-24 10:31:02,8918,0,1,2.642,0.0,6.934,1.618,0.355,12.058,25.785
2026-04-24 10:31:02,8919,1,1,1.974,156.963,7.363,1.802,0.388,169.401,23.758
2026-04-24 10:31:02,8920,0,1,2.551,0.0,6.999,1.879,0.415,12.356,24.938
2026-04-24 10:31:02,8921,0,1,2.665,0.0,6.044,1.983,0.477,11.662,25.395
2026-04-24 10:31:02,8922,1,1,2.087,157.365,8.078,1.927,0.421,171.009,23.37
2026-04-24 10:31:02,8923,0,1,1.678,0.0,6.264,1.35,0.325,10.104,25.101
2026-04-24 10:31:02,8924,0,1,2.481,0.0,6.253,1.672,0.349,11.11,26.426
2026-04-24 10:31:02,8925,1,1,8.461,163.703,7.601,1.324,0.361,182.514,24.291
2026-04-24 10:31:02,8926,0,1,2.571,0.0,5.882,1.471,0.372,10.699,25.473
2026-04-24 10:31:02,8927,0,1,1.987,0.0,5.539,1.219,0.316,9.64,26.483
2026-04-24 10:31:03,8928,1,1,1.771,209.31,7.034,1.596,0.298,221.008,24.259
2026-04-24 10:31:03,8929,0,1,7.421,0.0,7.844,1.428,0.43,17.608,25.754
2026-04-24 10:31:03,8930,0,1,1.761,0.0,7.175,1.837,0.367,11.597,27.058
2026-04-24 10:31:03,8931,1,1,8.269,194.199,5.669,0.937,0.242,210.441,24.802
2026-04-24 10:31:03,8932,0,1,2.629,0.0,5.992,1.429,0.327,10.888,26.568
2026-04-24 10:31:03,8933,0,1,1.551,0.0,5.584,1.343,0.353,9.389,26.862
2026-04-24 10:31:03,8934,1,1,2.278,166.076,5.643,1.938,0.241,176.937,24.68
2026-04-24 10:31:03,8935,0,1,2.018,0.0,8.04,1.85,0.408,12.799,25.757
2026-04-24 10:31:03,8936,0,1,13.681,0.0,6.629,1.567,0.36,22.626,25.48
2026-04-24 10:31:03,8937,1,1,1.899,205.33,18.832,1.153,0.453,228.698,23.377
2026-04-24 10:31:04,8938,0,1,2.602,0.0,7.876,1.467,0.237,12.595,23.773
2026-04-24 10:31:04,8939,0,1,2.015,0.0,6.915,1.316,0.281,11.073,24.496
2026-04-24 10:31:04,8940,1,1,2.056,256.465,8.149,1.883,0.467,270.161,22.395
2026-04-24 10:31:04,8941,0,1,1.488,0.0,7.313,2.274,0.414,12.016,23.526
2026-04-24 10:31:04,8942,0,1,2.012,0.0,7.165,1.344,0.34,11.331,24.593
2026-04-24 10:31:04,8943,1,1,1.689,165.787,7.976,1.212,0.346,178.199,22.647
2026-04-24 10:31:04,8944,0,1,2.135,0.0,7.215,1.827,0.435,12.04,24.165
2026-04-24 10:31:04,8945,0,1,1.716,0.0,7.339,1.112,0.298,10.925,25.355
2026-04-24 10:31:04,8946,1,1,1.879,166.785,8.268,1.843,0.405,180.461,23.335
2026-04-24 10:31:04,8947,0,1,2.055,0.0,5.62,1.891,0.261,10.374,24.493
2026-04-24 10:31:04,8948,0,1,1.505,0.0,7.908,1.554,0.327,11.804,25.92
2026-04-24 10:31:05,8949,1,1,2.858,168.409,7.496,1.596,0.22,181.616,23.841
2026-04-24 10:31:05,8950,0,1,3.959,0.0,23.655,1.945,0.466,30.567,25.043
2026-04-24 10:31:05,8951,0,1,3.408,0.0,23.957,1.69,0.44,30.01,24.764
2026-04-24 10:31:05,8952,1,1,1.82,311.882,7.63,1.905,0.334,324.578,22.569
2026-04-24 10:31:05,8953,0,1,2.325,0.0,7.468,1.025,0.241,11.532,24.017
2026-04-24 10:31:05,8954,0,1,2.625,0.0,7.372,1.696,0.305,12.422,25.735
2026-04-24 10:31:05,8955,1,1,2.263,236.687,6.457,1.261,0.284,248.02,23.541
2026-04-24 10:31:05,8956,0,1,2.023,0.0,7.558,1.816,0.32,12.307,25.094
2026-04-24 10:31:05,8957,0,1,1.878,0.0,7.747,1.561,0.444,12.126,26.01
2026-04-24 10:31:06,8958,1,1,2.178,169.96,7.003,1.887,0.408,182.547,23.913
2026-04-24 10:31:06,8959,0,1,2.252,0.0,8.161,1.817,0.426,13.223,24.852
2026-04-24 10:31:06,8960,0,1,2.382,0.0,6.397,1.416,0.318,10.812,25.382
2026-04-24 10:31:06,8961,1,1,2.021,158.258,6.849,1.915,0.481,170.695,23.38
2026-04-24 10:31:06,8962,0,1,2.197,0.0,7.405,1.829,0.413,12.372,24.409
2026-04-24 10:31:06,8963,0,1,2.663,0.0,7.624,1.352,0.488,12.662,25.32
2026-04-24 10:31:06,8964,1,1,2.074,246.351,7.263,1.194,0.328,258.017,23.139
2026-04-24 10:31:06,8965,0,1,2.604,0.0,6.322,1.364,0.314,11.081,25.196
2026-04-24 10:31:06,8966,0,1,4.5,0.0,8.33,2.013,0.478,15.795,26.788
2026-04-24 10:31:06,8967,1,1,1.895,203.264,7.755,1.82,0.414,216.2,24.54
2026-04-24 10:31:06,8968,0,1,2.0,0.0,19.797,1.407,0.453,24.118,25.698
2026-04-24 10:31:07,8969,0,1,8.737,0.0,7.811,1.585,0.558,19.329,26.569
2026-04-24 10:31:07,8970,1,1,1.697,184.997,5.719,1.931,0.401,195.868,24.38
2026-04-24 10:31:07,8971,0,1,2.147,0.0,7.455,1.717,0.411,12.726,25.622
2026-04-24 10:31:07,8972,0,1,1.668,0.0,7.563,1.733,0.417,11.979,26.372
2026-04-24 10:31:07,8973,1,1,2.052,158.456,6.86,1.116,0.322,169.938,24.271
2026-04-24 10:31:07,8974,0,1,1.784,0.0,6.687,1.569,0.45,10.982,25.74
2026-04-24 10:31:07,8975,0,1,2.594,0.0,7.411,1.584,0.22,12.3,27.08
2026-04-24 10:31:07,8976,1,1,1.656,238.165,5.856,0.975,0.254,247.848,24.741
2026-04-24 10:31:07,8977,0,1,1.723,0.0,5.819,1.333,0.495,9.939,26.383
2026-04-24 10:31:07,8978,0,1,2.029,0.0,6.879,1.827,0.411,11.641,27.619
2026-04-24 10:31:08,8979,1,1,1.805,176.049,7.863,1.82,0.393,188.811,25.344
2026-04-24 10:31:08,8980,0,1,1.861,0.0,7.999,2.014,0.503,12.918,26.635
2026-04-24 10:31:08,8981,0,1,1.897,0.0,6.898,1.225,0.22,10.573,27.38
2026-04-24 10:31:08,8982,1,1,1.558,154.931,8.116,1.812,0.415,168.012,25.187
2026-04-24 10:31:08,8983,0,1,2.22,0.0,8.103,1.374,0.288,12.354,25.981
2026-04-24 10:31:08,8984,0,1,2.113,0.0,8.517,1.458,0.375,12.89,26.761
2026-04-24 10:31:08,8985,1,1,2.351,219.818,5.372,1.502,0.416,230.584,24.485
2026-04-24 10:31:08,8986,0,1,2.408,0.0,6.489,1.5,0.262,11.256,25.685
2026-04-24 10:31:08,8987,0,1,1.853,0.0,5.764,1.687,0.24,9.84,27.025
2026-04-24 10:31:08,8988,1,1,2.231,163.6,8.408,1.201,0.223,176.736,24.849
2026-04-24 10:31:08,8989,0,1,2.103,0.0,7.647,1.229,0.481,12.037,25.784
2026-04-24 10:31:08,8990,0,1,2.713,0.0,9.149,1.824,0.433,14.657,26.321
2026-04-24 10:31:09,8991,1,1,1.806,175.232,7.2,2.015,0.319,187.555,24.18
2026-04-24 10:31:09,8992,0,1,1.933,0.0,6.697,1.852,0.429,11.468,25.568
2026-04-24 10:31:09,8993,0,1,7.725,0.0,4.786,0.997,0.226,14.001,26.313
2026-04-24 10:31:09,8994,1,1,13.172,238.29,6.549,1.872,0.429,261.425,24.049
2026-04-24 10:31:09,8995,0,1,2.205,0.0,6.839,1.046,0.264,10.782,25.292
2026-04-24 10:31:09,8996,0,1,2.066,0.0,7.855,2.227,0.499,13.484,26.853
2026-04-24 10:31:09,8997,1,1,1.675,162.909,6.992,1.385,0.449,174.25,24.684
2026-04-24 10:31:09,8998,0,1,1.595,0.0,7.298,0.856,0.426,10.603,25.885
2026-04-24 10:31:09,8999,0,1,2.065,0.0,5.529,1.484,0.206,9.825,27.171
2026-04-24 10:31:09,9000,1,1,2.416,163.616,7.776,1.872,0.268,176.947,24.983
2026-04-24 10:31:09,9001,0,1,1.693,0.0,7.375,1.596,0.395,11.612,25.822
2026-04-24 10:31:09,9002,0,1,12.974,0.0,7.234,1.422,0.297,22.459,25.272
2026-04-24 10:31:10,9003,1,1,24.624,186.432,7.101,1.949,0.421,221.639,23.192
2026-04-24 10:31:10,9004,0,1,1.951,0.0,7.794,1.351,0.241,11.729,24.423
2026-04-24 10:31:10,9005,0,1,1.718,0.0,6.708,1.39,0.293,10.396,25.975
2026-04-24 10:31:10,9006,1,1,2.221,157.387,7.706,1.835,0.401,170.594,23.914
2026-04-24 10:31:10,9007,0,1,2.351,0.0,7.544,2.057,0.436,12.909,25.444
2026-04-24 10:31:10,9008,0,1,2.138,0.0,8.057,1.893,0.41,13.001,26.175
2026-04-24 10:31:10,9009,1,1,2.293,157.028,4.704,1.615,0.317,166.976,24.09
2026-04-24 10:31:10,9010,0,1,2.118,0.0,7.425,1.32,0.249,11.57,25.399
2026-04-24 10:31:10,9011,0,1,1.689,0.0,6.73,1.946,0.45,11.274,26.318
2026-04-24 10:31:10,9012,1,1,4.543,166.427,5.683,1.836,0.411,180.091,24.192
2026-04-24 10:31:10,9013,0,1,2.427,0.0,7.821,1.622,0.218,12.56,25.496
2026-04-24 10:31:11,9014,0,1,2.372,0.0,7.882,1.712,0.607,13.157,26.315
2026-04-24 10:31:11,9015,1,1,2.636,153.311,5.87,1.256,0.402,164.507,24.224
2026-04-24 10:31:11,9016,0,1,1.929,0.0,6.792,1.622,0.393,11.168,25.44
2026-04-24 10:31:11,9017,0,1,7.614,0.0,6.757,1.384,0.272,16.358,26.207
2026-04-24 10:31:11,9018,1,1,5.837,189.115,5.97,1.289,0.326,203.617,24.042
2026-04-24 10:31:11,9019,0,1,4.787,0.0,7.341,1.247,0.351,14.084,25.828
2026-04-24 10:31:11,9020,0,1,1.747,0.0,7.544,1.113,0.317,11.141,27.02
2026-04-24 10:31:11,9021,1,1,2.054,167.663,7.18,1.852,0.413,180.201,24.809
2026-04-24 10:31:11,9022,0,1,2.405,0.0,6.574,1.151,0.264,10.872,25.956
2026-04-24 10:31:11,9023,0,1,2.065,0.0,7.443,1.948,0.45,12.394,27.495
2026-04-24 10:31:12,9024,1,1,1.987,226.632,10.858,1.581,0.413,242.609,25.127
2026-04-24 10:31:12,9025,0,1,3.38,0.0,8.247,1.672,0.452,14.23,26.49
2026-04-24 10:31:12,9026,0,1,2.464,0.0,7.288,1.752,0.408,12.412,27.463
2026-04-24 10:31:12,9027,1,1,2.158,221.407,7.88,1.485,0.481,234.449,25.116
2026-04-24 10:31:12,9028,0,1,1.559,0.0,6.181,1.656,0.353,10.288,26.392
2026-04-24 10:31:12,9029,0,1,1.984,0.0,6.372,0.947,0.245,10.021,27.904
2026-04-24 10:31:12,9030,1,1,7.963,213.209,7.311,1.856,0.406,232.383,25.531
2026-04-24 10:31:12,9031,0,1,2.476,0.0,7.706,1.595,0.477,12.768,26.041
2026-04-24 10:31:12,9032,0,1,2.506,0.0,7.356,2.015,0.282,12.691,26.82
2026-04-24 10:31:12,9033,1,1,1.572,157.244,6.434,1.451,0.312,168.083,24.674
2026-04-24 10:31:12,9034,0,1,2.036,0.0,8.549,1.862,0.487,13.513,25.949
2026-04-24 10:31:12,9035,0,1,1.93,0.0,7.271,1.098,0.276,11.055,26.607
2026-04-24 10:31:13,9036,1,1,2.12,153.149,7.608,1.97,0.365,166.335,24.491
2026-04-24 10:31:13,9037,0,1,2.404,0.0,8.52,1.909,0.452,13.679,24.686
2026-04-24 10:31:13,9038,0,1,2.285,0.0,8.247,1.62,0.453,13.173,25.027
2026-04-24 10:31:13,9039,1,1,2.684,157.379,7.514,1.856,0.403,171.037,23.054
2026-04-24 10:31:13,9040,0,1,1.887,0.0,7.909,1.218,0.332,11.725,24.509
2026-04-24 10:31:13,9041,0,1,2.26,0.0,7.688,1.916,0.495,12.949,25.725
2026-04-24 10:31:13,9042,1,1,1.692,171.045,6.091,1.534,0.413,181.891,23.655
2026-04-24 10:31:13,9043,0,1,2.02,0.0,5.002,1.787,0.324,9.579,24.859
2026-04-24 10:31:13,9044,0,1,2.109,0.0,8.05,1.887,0.513,13.07,26.143
2026-04-24 10:31:13,9045,1,1,1.831,152.55,5.752,1.331,0.28,162.899,24.028
2026-04-24 10:31:13,9046,0,1,1.844,0.0,7.75,1.861,0.416,12.436,25.336
2026-04-24 10:31:13,9047,0,1,2.939,0.0,7.879,1.81,0.414,13.609,25.846
2026-04-24 10:31:14,9048,1,1,3.733,154.395,8.247,1.834,0.453,169.831,23.795
2026-04-24 10:31:14,9049,0,1,1.615,0.0,7.772,1.554,0.419,11.862,24.725
2026-04-24 10:31:14,9050,0,1,2.526,0.0,7.372,1.884,0.396,12.659,26.05
2026-04-24 10:31:14,9051,1,1,1.809,166.133,7.645,1.82,0.408,178.862,23.956
2026-04-24 10:31:14,9052,0,1,1.493,0.0,7.886,1.577,0.406,11.855,24.888
2026-04-24 10:31:14,9053,0,1,2.517,0.0,8.782,2.08,0.428,14.331,25.752
2026-04-24 10:31:14,9054,1,1,14.902,161.394,7.456,1.885,0.428,187.28,23.66
2026-04-24 10:31:14,9055,0,1,2.642,0.0,7.757,1.839,0.426,13.296,24.754
2026-04-24 10:31:14,9056,0,1,2.13,0.0,8.966,1.995,0.503,14.105,25.814
2026-04-24 10:31:14,9057,1,1,1.72,172.964,4.976,1.18,0.296,182.021,23.718
2026-04-24 10:31:14,9058,0,1,1.713,0.0,6.568,1.343,0.455,10.515,25.071
2026-04-24 10:31:14,9059,0,1,2.409,0.0,7.665,1.344,0.443,12.302,26.326
2026-04-24 10:31:15,9060,1,1,2.296,179.893,6.646,1.881,0.442,192.393,24.172
2026-04-24 10:31:15,9061,0,1,1.82,0.0,7.832,1.866,0.256,12.383,25.473
2026-04-24 10:31:15,9062,0,1,1.698,0.0,8.552,1.133,0.429,12.332,26.762
2026-04-24 10:31:15,9063,1,1,1.893,158.811,7.98,1.823,0.388,172.092,24.585
2026-04-24 10:31:15,9064,0,1,2.128,0.0,8.517,1.885,0.436,13.512,25.296
2026-04-24 10:31:15,9065,0,1,1.841,0.0,5.223,1.318,0.263,9.042,25.901
2026-04-24 10:31:15,9066,1,1,7.723,252.463,8.111,1.875,0.417,271.681,23.662
2026-04-24 10:31:15,9067,0,1,2.247,0.0,8.177,1.372,0.212,12.576,24.999
2026-04-24 10:31:15,9068,0,1,4.654,0.0,7.951,2.03,0.513,15.592,25.869
2026-04-24 10:31:16,9069,1,1,21.664,187.186,7.248,1.387,0.278,219.164,23.708
2026-04-24 10:31:16,9070,0,1,6.567,0.0,6.84,1.954,0.455,16.299,24.774
2026-04-24 10:31:16,9071,0,1,8.74,0.0,6.708,0.959,0.227,16.938,26.082
2026-04-24 10:31:16,9072,1,1,3.109,171.067,7.266,1.423,0.259,184.406,23.983
2026-04-24 10:31:16,9073,0,1,1.792,0.0,5.173,1.566,0.23,9.263,25.369
2026-04-24 10:31:16,9074,0,1,1.63,0.0,5.199,1.145,0.367,8.87,26.637
2026-04-24 10:31:16,9075,1,1,16.127,241.322,7.928,1.836,0.406,268.531,24.318
2026-04-24 10:31:16,9076,0,1,2.055,0.0,7.313,1.881,0.488,12.302,25.315
2026-04-24 10:31:16,9077,0,1,1.663,0.0,7.151,2.378,0.347,12.134,26.319
2026-04-24 10:31:16,9078,1,1,2.444,226.266,5.777,1.125,0.213,236.927,24.075
2026-04-24 10:31:17,9079,0,1,2.398,0.0,6.445,1.812,0.476,11.706,25.987
2026-04-24 10:31:17,9080,0,1,3.893,0.0,7.712,1.599,0.316,14.153,26.66
2026-04-24 10:31:17,9081,1,1,4.357,161.309,5.395,0.936,0.43,173.595,24.511
2026-04-24 10:31:17,9082,0,1,1.837,0.0,7.428,1.808,0.406,12.043,24.876
2026-04-24 10:31:17,9083,0,1,2.114,0.0,5.834,1.173,0.379,9.861,25.697
2026-04-24 10:31:17,9084,1,1,5.162,159.809,5.962,1.482,0.402,173.913,23.674
2026-04-24 10:31:17,9085,0,1,2.124,0.0,9.943,1.618,0.231,14.46,25.161
2026-04-24 10:31:17,9086,0,1,2.207,0.0,8.911,1.799,0.364,13.779,25.945
2026-04-24 10:31:17,9087,1,1,7.137,177.468,7.03,1.137,0.432,194.369,23.832
2026-04-24 10:31:17,9088,0,1,4.004,0.0,7.625,2.088,0.442,14.654,24.855
2026-04-24 10:31:17,9089,0,1,1.795,0.0,8.374,1.872,0.461,12.995,25.032
2026-04-24 10:31:18,9090,1,1,1.808,299.255,8.776,1.481,0.368,312.558,22.824
2026-04-24 10:31:18,9091,0,1,17.464,0.0,6.395,1.46,0.349,26.075,21.712
2026-04-24 10:31:18,9092,0,1,2.598,0.0,9.151,1.971,0.443,14.667,25.846
2026-04-24 10:31:18,9093,1,1,2.524,442.061,7.177,1.608,0.398,454.809,23.48
2026-04-24 10:31:18,9094,0,1,1.914,0.0,6.641,2.037,0.313,11.517,24.938
2026-04-24 10:31:18,9095,0,1,2.155,0.0,8.014,1.457,0.348,12.471,26.001
2026-04-24 10:31:19,9096,1,1,1.657,310.92,6.099,1.569,0.431,321.751,23.691
2026-04-24 10:31:19,9097,0,1,1.682,0.0,6.613,1.454,0.328,10.596,25.151
2026-04-24 10:31:19,9098,0,1,7.84,0.0,7.955,1.273,0.28,17.858,25.912
2026-04-24 10:31:19,9099,1,1,8.241,283.958,6.624,1.221,0.427,301.572,23.635
2026-04-24 10:31:19,9100,0,1,2.238,0.0,6.149,1.519,0.267,10.689,24.718
2026-04-24 10:31:19,9101,0,1,2.304,0.0,9.279,1.557,0.329,13.956,25.846
2026-04-24 10:31:19,9102,1,1,1.904,359.844,7.575,1.835,0.402,372.585,23.517
2026-04-24 10:31:19,9103,0,1,2.245,0.0,9.087,2.171,0.374,14.375,24.962
2026-04-24 10:31:19,9104,0,1,1.795,0.0,8.658,1.682,0.483,13.157,25.563
2026-04-24 10:31:20,9105,1,1,1.855,268.024,6.752,1.843,0.445,279.87,23.34
2026-04-24 10:31:20,9106,0,1,1.815,0.0,7.709,1.913,0.431,12.367,24.679
2026-04-24 10:31:20,9107,0,1,1.753,0.0,8.946,2.265,0.271,13.585,25.347
2026-04-24 10:31:20,9108,1,1,5.079,166.902,7.559,1.854,0.413,182.884,23.314
2026-04-24 10:31:20,9109,0,1,1.967,0.0,6.486,1.893,0.41,11.192,25.068
2026-04-24 10:31:20,9110,0,1,6.92,0.0,7.752,1.953,0.442,17.574,26.631
2026-04-24 10:31:20,9111,1,1,2.033,151.955,6.196,1.819,0.388,163.583,24.522
2026-04-24 10:31:20,9112,0,1,1.826,0.0,7.58,1.383,0.279,11.545,25.476
2026-04-24 10:31:20,9113,0,1,2.16,0.0,7.703,2.096,0.426,12.887,26.452
2026-04-24 10:31:21,9114,1,1,2.001,276.719,6.694,1.529,0.411,288.316,24.123
2026-04-24 10:31:21,9115,0,1,2.032,0.0,7.039,1.452,0.252,11.115,25.675
2026-04-24 10:31:21,9116,0,1,1.865,0.0,5.609,1.354,0.335,9.565,27.145
2026-04-24 10:31:21,9117,1,1,1.558,157.97,6.864,1.813,0.401,169.667,24.976
2026-04-24 10:31:21,9118,0,1,2.348,0.0,7.557,1.043,0.277,11.702,26.395
2026-04-24 10:31:21,9119,0,1,2.271,0.0,7.42,1.971,0.392,12.531,26.916
2026-04-24 10:31:21,9120,1,1,17.531,160.173,6.598,1.025,0.308,186.515,24.717
2026-04-24 10:31:21,9121,0,1,1.793,0.0,6.558,1.922,0.548,11.241,26.215
2026-04-24 10:31:21,9122,0,1,1.828,0.0,6.347,1.195,0.318,10.225,27.445
2026-04-24 10:31:21,9123,1,1,1.982,180.475,7.826,1.589,0.455,193.254,25.186
2026-04-24 10:31:21,9124,0,1,2.072,0.0,6.54,1.253,0.301,10.627,26.583
2026-04-24 10:31:21,9125,0,1,2.806,0.0,21.32,2.075,0.429,27.282,27.956
2026-04-24 10:31:22,9126,1,1,1.949,190.347,6.9,1.455,0.394,202.042,25.589
2026-04-24 10:31:22,9127,0,1,1.689,0.0,7.441,1.566,0.267,11.378,26.46
2026-04-24 10:31:22,9128,0,1,1.771,0.0,8.107,0.939,0.279,11.565,28.053
2026-04-24 10:31:22,9129,1,1,3.201,172.935,7.051,1.046,0.364,185.653,25.737
2026-04-24 10:31:22,9130,0,1,1.835,0.0,7.795,1.91,0.48,12.544,27.087
2026-04-24 10:31:22,9131,0,1,1.59,0.0,7.826,2.016,0.408,12.395,27.712
2026-04-24 10:31:22,9132,1,1,1.687,157.142,7.577,1.809,0.227,169.405,25.47
2026-04-24 10:31:22,9133,0,1,1.915,0.0,8.03,1.272,0.35,12.077,25.73
2026-04-24 10:31:22,9134,0,1,2.462,0.0,7.718,1.657,0.477,12.886,26.515
2026-04-24 10:31:22,9135,1,1,1.703,165.989,6.588,1.888,0.265,177.529,24.37
2026-04-24 10:31:22,9136,0,1,2.196,0.0,7.556,1.673,0.232,12.155,25.881
2026-04-24 10:31:23,9137,0,1,2.709,0.0,6.699,1.675,0.243,11.781,26.579
2026-04-24 10:31:23,9138,1,1,2.113,160.701,6.948,1.972,0.424,173.208,24.447
2026-04-24 10:31:23,9139,0,1,1.669,0.0,5.736,1.868,0.369,10.159,25.645
2026-04-24 10:31:23,9140,0,1,17.078,0.0,6.176,1.38,0.287,25.388,25.998
2026-04-24 10:31:23,9141,1,1,21.102,318.763,7.47,1.322,0.306,350.054,23.672
2026-04-24 10:31:23,9142,0,1,1.582,0.0,8.748,2.253,0.461,13.52,25.3
2026-04-24 10:31:23,9143,0,1,2.123,0.0,8.404,1.448,0.224,12.631,26.273
2026-04-24 10:31:23,9144,1,1,1.942,159.752,5.834,1.799,0.404,170.862,24.17
2026-04-24 10:31:23,9145,0,1,2.332,0.0,8.702,1.862,0.542,13.958,25.782
2026-04-24 10:31:23,9146,0,1,2.696,0.0,8.58,1.842,0.676,14.304,26.083
2026-04-24 10:31:24,9147,1,1,1.805,155.369,5.97,1.326,0.364,165.983,24.019
2026-04-24 10:31:24,9148,0,1,2.376,0.0,7.28,2.026,0.51,12.665,25.665
2026-04-24 10:31:24,9149,0,1,2.629,0.0,6.707,0.998,0.228,10.9,26.626
2026-04-24 10:31:24,9150,1,1,2.537,151.634,5.615,1.353,0.309,162.552,24.515
2026-04-24 10:31:24,9151,0,1,1.686,0.0,6.968,1.885,0.41,11.496,25.558
2026-04-24 10:31:24,9152,0,1,1.935,0.0,8.335,1.8,0.421,13.125,26.247
2026-04-24 10:31:24,9153,1,1,2.949,167.256,5.229,1.148,0.238,177.801,24.121
2026-04-24 10:31:24,9154,0,1,7.091,0.0,8.474,1.475,0.329,17.74,25.881
2026-04-24 10:31:24,9155,0,1,1.725,0.0,8.323,1.244,0.267,12.085,26.895
2026-04-24 10:31:24,9156,1,1,2.567,191.716,6.735,1.843,0.372,204.129,24.657
2026-04-24 10:31:24,9157,0,1,1.966,0.0,7.392,1.354,0.404,11.406,25.67
2026-04-24 10:31:24,9158,0,1,1.691,0.0,6.232,1.725,0.514,10.721,27.161
2026-04-24 10:31:25,9159,1,1,2.538,161.898,7.298,1.707,0.317,174.806,24.975
2026-04-24 10:31:25,9160,0,1,1.856,0.0,5.422,1.527,0.323,9.721,26.229
2026-04-24 10:31:25,9161,0,1,1.793,0.0,6.944,1.427,0.282,10.811,27.376
2026-04-24 10:31:25,9162,1,1,2.06,297.14,5.63,1.461,0.284,307.336,24.947
2026-04-24 10:31:25,9163,0,1,1.925,0.0,6.376,1.258,0.345,10.56,26.523
2026-04-24 10:31:25,9164,0,1,2.382,0.0,8.293,1.236,0.492,12.981,27.521
2026-04-24 10:31:25,9165,1,1,3.237,170.748,7.824,1.928,0.315,185.158,25.261
2026-04-24 10:31:25,9166,0,1,1.567,0.0,7.932,2.055,0.472,12.41,26.864
2026-04-24 10:31:25,9167,0,1,1.695,0.0,7.631,2.136,0.457,12.343,27.616
2026-04-24 10:31:25,9168,1,1,2.181,150.149,7.885,1.475,0.35,162.988,25.401
2026-04-24 10:31:26,9169,0,1,1.779,0.0,7.217,0.929,0.223,10.621,26.358
2026-04-24 10:31:26,9170,0,1,6.54,0.0,7.879,1.414,0.461,16.792,27.26
2026-04-24 10:31:26,9171,1,1,4.298,155.115,6.54,1.905,0.202,169.205,25.066
2026-04-24 10:31:26,9172,0,1,1.699,0.0,7.725,1.779,0.285,11.813,26.414
2026-04-24 10:31:26,9173,0,1,2.072,0.0,7.076,1.699,0.421,11.82,27.108
2026-04-24 10:31:26,9174,1,1,2.298,155.441,7.48,1.798,0.386,168.694,24.936
2026-04-24 10:31:26,9175,0,1,1.629,0.0,8.829,1.837,0.427,13.101,26.636
2026-04-24 10:31:26,9176,0,1,2.189,0.0,7.767,2.023,0.428,12.895,27.193
2026-04-24 10:31:26,9177,1,1,2.739,159.998,7.088,1.893,0.467,173.19,24.999
2026-04-24 10:31:26,9178,0,1,2.144,0.0,6.706,1.142,0.233,10.674,26.259
2026-04-24 10:31:26,9179,0,1,2.19,0.0,7.054,1.924,0.421,11.953,27.252
2026-04-24 10:31:26,9180,1,1,1.786,157.412,6.899,1.297,0.413,168.972,25.034
2026-04-24 10:31:27,9181,0,1,2.259,0.0,6.567,1.368,0.218,10.705,26.026
2026-04-24 10:31:27,9182,0,1,1.764,0.0,8.081,1.354,0.316,11.828,27.028
2026-04-24 10:31:27,9183,1,1,2.004,172.297,8.361,1.847,0.381,186.092,24.831
2026-04-24 10:31:27,9184,0,1,2.037,0.0,5.471,1.33,0.331,9.705,25.875
2026-04-24 10:31:27,9185,0,1,2.894,0.0,5.364,1.296,0.312,10.439,28.076
2026-04-24 10:31:27,9186,1,1,1.866,192.478,7.106,1.728,0.41,204.502,25.715
2026-04-24 10:31:27,9187,0,1,1.817,0.0,6.42,1.598,0.317,10.616,26.403
2026-04-24 10:31:27,9188,0,1,1.689,0.0,5.927,1.804,0.397,10.438,27.837
2026-04-24 10:31:27,9189,1,1,4.027,168.865,7.944,1.802,0.327,184.129,25.56
2026-04-24 10:31:27,9190,0,1,1.77,0.0,8.476,1.438,0.356,12.388,26.559
2026-04-24 10:31:27,9191,0,1,1.666,0.0,3.808,0.877,0.243,7.057,27.791
2026-04-24 10:31:28,9192,1,1,2.599,168.589,7.137,1.005,0.28,180.694,25.519
2026-04-24 10:31:28,9193,0,1,1.862,0.0,7.217,1.428,0.451,11.669,26.842
2026-04-24 10:31:28,9194,0,1,1.721,0.0,6.963,0.917,0.407,10.424,26.943
2026-04-24 10:31:28,9195,1,1,2.336,163.924,6.633,1.442,0.279,175.517,24.766
2026-04-24 10:31:28,9196,0,1,2.254,0.0,8.499,2.017,0.442,13.783,25.453
2026-04-24 10:31:28,9197,0,1,1.745,0.0,7.987,2.115,0.221,12.472,26.418
2026-04-24 10:31:28,9198,1,1,2.225,160.678,6.685,1.84,0.386,172.873,24.305
2026-04-24 10:31:28,9199,0,1,2.216,0.0,9.016,2.137,0.402,14.39,24.744
2026-04-24 10:31:28,9200,0,1,3.519,0.0,7.917,1.61,0.42,14.02,25.441
2026-04-24 10:31:28,9201,1,1,2.412,169.146,7.704,1.757,0.276,182.294,23.392
2026-04-24 10:31:28,9202,0,1,1.919,0.0,6.325,0.994,0.415,9.99,24.549
2026-04-24 10:31:28,9203,0,1,33.759,0.0,5.292,1.419,0.459,41.518,23.866
2026-04-24 10:31:29,9204,1,1,12.301,176.172,5.702,1.147,0.255,196.738,21.954
2026-04-24 10:31:29,9205,0,1,1.811,0.0,5.477,1.459,0.333,9.629,22.694
2026-04-24 10:31:29,9206,0,1,4.636,0.0,7.012,1.837,0.502,14.457,23.812
2026-04-24 10:31:29,9207,1,1,4.896,164.532,4.654,0.999,0.215,176.296,21.942
2026-04-24 10:31:29,9208,0,1,2.096,0.0,7.726,1.813,0.417,12.656,23.441
2026-04-24 10:31:29,9209,0,1,2.503,0.0,8.117,2.092,0.427,13.705,24.711
2026-04-24 10:31:29,9210,1,1,1.674,158.569,7.014,1.858,0.45,170.782,22.766
2026-04-24 10:31:29,9211,0,1,2.071,0.0,6.011,1.04,0.321,9.743,24.148
2026-04-24 10:31:29,9212,0,1,42.772,0.0,7.321,1.857,0.398,52.706,23.244
2026-04-24 10:31:29,9213,1,1,1.929,171.3,5.236,0.918,0.241,180.698,21.427
2026-04-24 10:31:29,9214,0,1,1.625,0.0,7.222,1.354,0.431,11.156,23.464
2026-04-24 10:31:29,9215,0,1,2.091,0.0,5.69,1.898,0.228,10.344,24.751
2026-04-24 10:31:30,9216,1,1,1.985,158.697,7.89,1.844,0.387,171.976,22.814
2026-04-24 10:31:30,9217,0,1,1.7,0.0,7.719,1.905,0.435,12.265,24.144
2026-04-24 10:31:30,9218,0,1,2.332,0.0,7.239,1.972,0.419,12.5,24.349
2026-04-24 10:31:30,9219,1,1,1.77,165.107,6.077,1.043,0.603,175.66,22.385
2026-04-24 10:31:30,9220,0,1,2.225,0.0,8.056,1.843,0.441,13.046,23.676
2026-04-24 10:31:30,9221,0,1,26.199,0.0,7.797,1.793,0.57,36.863,23.202
2026-04-24 10:31:30,9222,1,1,4.075,154.125,8.032,1.505,0.244,168.989,21.419
2026-04-24 10:31:30,9223,0,1,2.347,0.0,8.587,2.114,0.43,14.042,22.808
2026-04-24 10:31:30,9224,0,1,2.583,0.0,8.431,0.954,0.465,12.997,23.432
2026-04-24 10:31:30,9225,1,1,1.972,154.719,7.12,1.45,0.308,166.654,21.634
2026-04-24 10:31:30,9226,0,1,2.306,0.0,8.484,1.793,0.409,13.552,22.507
2026-04-24 10:31:30,9227,0,1,5.161,0.0,8.174,2.035,0.418,16.351,23.554
2026-04-24 10:31:31,9228,1,1,5.088,149.59,6.163,1.101,0.502,163.497,21.747
2026-04-24 10:31:31,9229,0,1,2.269,0.0,7.527,1.848,0.587,12.586,23.431
2026-04-24 10:31:31,9230,0,1,1.882,0.0,6.019,1.539,0.444,10.393,24.411
2026-04-24 10:31:31,9231,1,1,1.781,170.967,7.806,1.817,0.397,183.894,22.47
2026-04-24 10:31:31,9232,0,1,1.98,0.0,8.355,1.831,0.417,13.135,23.74
2026-04-24 10:31:31,9233,0,1,2.701,0.0,7.525,1.114,0.22,11.865,24.368
2026-04-24 10:31:31,9234,1,1,3.098,155.743,5.376,0.868,0.228,166.206,22.473
2026-04-24 10:31:31,9235,0,1,2.427,0.0,6.314,1.242,0.319,10.778,24.454
2026-04-24 10:31:31,9236,0,1,2.559,0.0,7.266,1.88,0.372,12.394,25.329
2026-04-24 10:31:31,9237,1,1,3.242,161.04,8.299,1.83,0.377,175.881,23.323
2026-04-24 10:31:31,9238,0,1,2.376,0.0,7.721,1.176,0.333,12.162,24.614
2026-04-24 10:31:31,9239,0,1,1.744,0.0,8.145,1.524,0.428,12.52,26.029
2026-04-24 10:31:32,9240,1,1,1.634,281.377,7.7,1.631,0.329,293.809,23.745
2026-04-24 10:31:32,9241,0,1,1.884,0.0,7.874,1.864,0.402,12.496,24.467
2026-04-24 10:31:32,9242,0,1,1.945,0.0,7.431,1.876,0.43,12.188,25.504
2026-04-24 10:31:32,9243,1,1,3.854,179.774,7.089,1.817,0.426,193.886,23.436
2026-04-24 10:31:32,9244,0,1,1.656,0.0,6.76,1.836,0.494,11.271,24.814
2026-04-24 10:31:32,9245,0,1,2.039,0.0,6.946,1.085,0.266,10.816,25.941
2026-04-24 10:31:32,9246,1,1,7.877,183.257,7.571,1.693,0.345,201.813,23.822
2026-04-24 10:31:32,9247,0,1,2.483,0.0,5.925,1.483,0.292,10.599,25.139
2026-04-24 10:31:32,9248,0,1,7.977,0.0,6.569,1.991,0.246,17.247,26.368
2026-04-24 10:31:33,9249,1,1,4.527,285.53,6.436,1.815,0.425,299.91,24.055
2026-04-24 10:31:33,9250,0,1,2.12,0.0,7.425,1.032,0.225,11.281,25.854
2026-04-24 10:31:33,9251,0,1,8.77,0.0,7.879,1.229,0.315,18.721,26.758
2026-04-24 10:31:33,9252,1,1,1.744,165.343,8.234,2.015,0.448,178.662,24.604
2026-04-24 10:31:33,9253,0,1,2.205,0.0,5.613,1.081,0.314,9.705,25.102
2026-04-24 10:31:33,9254,0,1,2.59,0.0,8.058,1.431,0.558,13.064,27.005
2026-04-24 10:31:33,9255,1,1,2.657,166.212,8.672,1.821,0.434,180.912,24.811
2026-04-24 10:31:33,9256,0,1,2.606,0.0,8.707,1.572,0.269,13.516,26.174
2026-04-24 10:31:33,9257,0,1,3.197,0.0,7.239,1.888,0.444,13.262,26.77
2026-04-24 10:31:33,9258,1,1,2.327,166.797,8.128,1.84,0.412,180.591,24.604
2026-04-24 10:31:33,9259,0,1,2.217,0.0,6.694,1.18,0.215,10.841,25.783
2026-04-24 10:31:33,9260,0,1,9.559,0.0,8.476,1.337,0.271,20.219,27.828
2026-04-24 10:31:34,9261,1,1,2.552,160.32,6.938,1.698,0.25,172.727,25.556
2026-04-24 10:31:34,9262,0,1,7.447,0.0,8.009,1.721,0.608,18.376,26.688
2026-04-24 10:31:34,9263,0,1,3.4,0.0,8.076,2.048,0.435,14.422,27.397
2026-04-24 10:31:34,9264,1,1,1.801,194.789,6.35,1.416,0.454,205.726,25.109
2026-04-24 10:31:34,9265,0,1,12.343,0.0,7.661,1.46,0.281,22.217,26.596
2026-04-24 10:31:34,9266,0,1,1.932,0.0,6.161,1.915,0.397,10.78,27.612
2026-04-24 10:31:34,9267,1,1,2.107,171.328,7.619,1.502,0.5,184.099,25.353
2026-04-24 10:31:34,9268,0,1,1.871,0.0,7.508,2.086,0.454,12.466,26.762
2026-04-24 10:31:34,9269,0,1,2.718,0.0,6.577,1.161,0.214,11.174,27.783
2026-04-24 10:31:34,9270,1,1,3.06,168.348,6.066,1.725,0.426,180.584,25.519
2026-04-24 10:31:34,9271,0,1,2.587,0.0,7.979,2.05,0.344,13.47,26.53
2026-04-24 10:31:34,9272,0,1,2.645,0.0,5.606,0.955,0.249,9.958,27.162
2026-04-24 10:31:35,9273,1,1,4.094,171.854,7.93,1.871,0.426,187.363,24.945
2026-04-24 10:31:35,9274,0,1,1.852,0.0,7.435,1.978,0.368,12.226,26.573
2026-04-24 10:31:35,9275,0,1,37.725,0.0,5.212,1.907,0.416,45.772,25.677
2026-04-24 10:31:35,9276,1,1,15.633,152.845,6.298,1.334,0.306,177.487,23.64
2026-04-24 10:31:35,9277,0,1,2.637,0.0,5.77,1.89,0.415,11.258,24.716
2026-04-24 10:31:35,9278,0,1,1.829,0.0,5.171,1.653,0.434,9.644,25.336
2026-04-24 10:31:35,9279,1,1,2.067,165.156,8.406,1.839,0.349,179.061,23.318
2026-04-24 10:31:35,9280,0,1,2.256,0.0,4.785,1.331,0.432,9.28,24.78
2026-04-24 10:31:35,9281,0,1,2.789,0.0,6.988,0.896,0.416,11.382,26.141
2026-04-24 10:31:35,9282,1,1,7.113,167.336,6.531,2.019,0.465,184.755,24.02
2026-04-24 10:31:35,9283,0,1,2.042,0.0,6.616,1.968,0.442,11.568,25.839
2026-04-24 10:31:36,9284,0,1,2.713,0.0,6.438,1.467,0.498,11.661,26.712
2026-04-24 10:31:36,9285,1,1,1.874,169.356,5.659,1.414,0.362,179.852,24.555
2026-04-24 10:31:36,9286,0,1,2.465,0.0,5.48,1.84,0.435,10.767,25.705
2026-04-24 10:31:36,9287,0,1,7.091,0.0,6.458,1.918,0.558,16.688,28.1
2026-04-24 10:31:36,9288,1,1,2.396,156.447,8.157,1.873,0.4,170.108,25.817
2026-04-24 10:31:36,9289,0,1,1.62,0.0,7.038,2.256,0.241,11.693,27.115
2026-04-24 10:31:36,9290,0,1,2.635,0.0,7.598,2.148,0.269,13.111,28.019
2026-04-24 10:31:36,9291,1,1,1.966,221.643,6.949,1.943,0.466,234.016,25.623
2026-04-24 10:31:36,9292,0,1,2.525,0.0,8.334,2.107,0.427,13.847,26.602
2026-04-24 10:31:36,9293,0,1,2.225,0.0,7.642,1.074,0.49,11.85,27.248
2026-04-24 10:31:37,9294,1,1,1.773,168.612,8.43,2.031,0.422,182.395,25.026
2026-04-24 10:31:37,9295,0,1,3.275,0.0,6.722,1.17,0.206,11.858,26.738
2026-04-24 10:31:37,9296,0,1,5.287,0.0,5.85,1.095,0.271,13.019,27.61
2026-04-24 10:31:37,9297,1,1,5.806,302.196,7.692,1.838,0.462,319.21,25.146
2026-04-24 10:31:37,9298,0,1,2.055,0.0,6.894,1.036,0.365,10.815,26.747
2026-04-24 10:31:37,9299,0,1,1.806,0.0,5.095,1.08,0.342,8.833,27.765
2026-04-24 10:31:37,9300,1,1,2.321,165.386,8.362,1.867,0.486,179.647,25.514
2026-04-24 10:31:37,9301,0,1,1.748,0.0,5.582,0.97,0.221,9.004,26.57
2026-04-24 10:31:37,9302,0,1,2.493,0.0,8.015,1.957,0.566,13.58,27.876
2026-04-24 10:31:37,9303,1,1,2.112,160.956,6.009,1.858,0.421,172.603,25.602
2026-04-24 10:31:37,9304,0,1,2.637,0.0,6.034,1.872,0.413,11.586,27.699
2026-04-24 10:31:37,9305,0,1,1.766,0.0,6.745,1.029,0.231,10.228,29.238
2026-04-24 10:31:38,9306,1,1,1.562,171.469,7.514,1.744,0.228,183.713,26.814
2026-04-24 10:31:38,9307,0,1,1.661,0.0,5.386,1.81,0.426,9.806,28.623
2026-04-24 10:31:38,9308,0,1,2.257,0.0,5.782,1.61,0.406,10.743,29.602
2026-04-24 10:31:38,9309,1,1,2.149,165.965,8.212,1.889,0.411,179.774,27.155
2026-04-24 10:31:38,9310,0,1,2.136,0.0,7.936,1.814,0.478,12.95,28.368
2026-04-24 10:31:38,9311,0,1,2.328,0.0,8.168,1.855,0.413,13.315,28.769
2026-04-24 10:31:38,9312,1,1,2.3,162.971,8.234,1.899,0.367,176.777,26.399
2026-04-24 10:31:38,9313,0,1,1.973,0.0,5.852,1.785,0.462,10.584,27.211
2026-04-24 10:31:38,9314,0,1,2.272,0.0,6.611,0.854,0.236,10.573,28.392
2026-04-24 10:31:38,9315,1,1,2.177,167.796,6.427,1.374,0.425,179.246,26.059
2026-04-24 10:31:38,9316,0,1,1.867,0.0,7.062,1.911,0.226,11.529,27.13
2026-04-24 10:31:38,9317,0,1,1.727,0.0,6.712,1.086,0.254,10.205,28.227
2026-04-24 10:31:39,9318,1,1,9.022,184.889,8.704,1.629,0.339,205.707,25.875
2026-04-24 10:31:39,9319,0,1,2.477,0.0,6.844,1.827,0.305,11.975,27.099
2026-04-24 10:31:39,9320,0,1,2.098,0.0,6.565,1.429,0.254,10.896,28.211
2026-04-24 10:31:39,9321,1,1,1.777,172.336,6.432,0.928,0.462,183.109,25.89
2026-04-24 10:31:39,9322,0,1,3.524,0.0,7.891,1.862,0.415,14.115,27.09
2026-04-24 10:31:39,9323,0,1,2.127,0.0,7.686,1.921,0.42,12.713,27.71
2026-04-24 10:31:39,9324,1,1,2.219,163.678,6.769,1.181,0.292,174.755,25.461
2026-04-24 10:31:39,9325,0,1,1.848,0.0,9.101,1.677,0.466,13.643,26.823
2026-04-24 10:31:39,9326,0,1,1.826,0.0,7.241,2.029,0.472,11.914,27.889
2026-04-24 10:31:39,9327,1,1,1.865,158.738,8.638,1.84,0.457,172.501,25.634
2026-04-24 10:31:39,9328,0,1,7.276,0.0,7.404,1.686,0.465,17.321,26.609
2026-04-24 10:31:39,9329,0,1,1.737,0.0,5.798,1.139,0.267,9.417,27.614
2026-04-24 10:31:40,9330,1,1,5.597,151.003,6.307,1.845,0.404,166.306,25.396
2026-04-24 10:31:40,9331,0,1,3.671,0.0,7.255,1.93,0.421,13.803,26.048
2026-04-24 10:31:40,9332,0,1,6.079,0.0,8.687,1.936,0.476,17.706,26.87
2026-04-24 10:31:40,9333,1,1,1.583,177.312,5.971,1.826,0.442,188.045,24.675
2026-04-24 10:31:40,9334,0,1,1.598,0.0,5.69,1.326,0.284,9.373,26.178
2026-04-24 10:31:40,9335,0,1,28.01,0.0,7.309,1.189,0.453,37.527,25.389
2026-04-24 10:31:40,9336,1,1,5.904,167.742,7.27,1.817,0.434,184.135,23.346
2026-04-24 10:31:40,9337,0,1,1.829,0.0,5.803,1.508,0.324,10.11,24.999
2026-04-24 10:31:40,9338,0,1,2.424,0.0,5.428,1.842,0.486,10.674,26.376
2026-04-24 10:31:40,9339,1,1,2.329,169.514,7.144,1.916,0.423,182.554,24.235
2026-04-24 10:31:40,9340,0,1,1.799,0.0,4.929,1.353,0.204,8.783,25.566
2026-04-24 10:31:40,9341,0,1,1.63,0.0,6.19,1.396,0.429,10.175,27.199
2026-04-24 10:31:41,9342,1,1,2.227,164.282,8.09,1.838,0.419,178.205,24.99
2026-04-24 10:31:41,9343,0,1,3.75,0.0,7.395,1.675,0.459,13.765,26.15
2026-04-24 10:31:41,9344,0,1,1.893,0.0,5.253,0.987,0.268,8.894,27.548
2026-04-24 10:31:41,9345,1,1,1.667,180.746,7.71,1.955,0.405,193.648,25.245
2026-04-24 10:31:41,9346,0,1,2.756,0.0,5.741,1.466,0.386,10.814,26.254
2026-04-24 10:31:41,9347,0,1,2.749,0.0,7.844,2.062,0.256,13.277,26.147
2026-04-24 10:31:41,9348,1,1,2.669,164.154,7.776,1.854,0.389,177.932,24.043
2026-04-24 10:31:41,9349,0,1,2.014,0.0,6.549,1.385,0.235,10.652,25.619
2026-04-24 10:31:41,9350,0,1,16.937,0.0,5.613,1.29,0.282,24.625,25.995
2026-04-24 10:31:41,9351,1,1,10.378,166.556,6.866,1.358,0.224,186.578,23.898
2026-04-24 10:31:41,9352,0,1,1.572,0.0,4.062,0.903,0.221,7.218,25.488
2026-04-24 10:31:42,9353,0,1,1.621,0.0,5.03,0.989,0.262,8.424,26.753
2026-04-24 10:31:42,9354,1,1,1.661,175.721,8.24,1.96,0.466,189.213,24.571
2026-04-24 10:31:42,9355,0,1,2.122,0.0,6.068,1.568,0.399,10.656,25.684
2026-04-24 10:31:42,9356,0,1,3.46,0.0,7.437,1.469,0.448,13.301,27.263
2026-04-24 10:31:42,9357,1,1,6.39,160.05,8.077,1.249,0.227,177.008,25.067
2026-04-24 10:31:42,9358,0,1,2.26,0.0,6.354,1.266,0.47,10.87,26.661
2026-04-24 10:31:42,9359,0,1,1.749,0.0,5.619,1.358,0.361,9.553,27.863
2026-04-24 10:31:42,9360,1,1,1.567,160.946,7.829,1.863,0.393,173.728,25.611
2026-04-24 10:31:42,9361,0,1,1.917,0.0,6.491,1.249,0.279,10.434,26.532
2026-04-24 10:31:42,9362,0,1,35.008,0.0,8.021,1.478,0.469,45.622,25.454
2026-04-24 10:31:43,9363,1,1,4.892,215.234,6.168,1.594,0.279,229.185,23.336
2026-04-24 10:31:43,9364,0,1,1.965,0.0,6.382,1.205,0.286,10.345,24.368
2026-04-24 10:31:43,9365,0,1,1.841,0.0,4.65,0.879,0.219,8.035,25.896
2026-04-24 10:31:43,9366,1,1,2.162,174.545,7.568,1.439,0.409,187.108,23.806
2026-04-24 10:31:43,9367,0,1,3.05,0.0,8.638,1.201,0.62,14.057,25.507
2026-04-24 10:31:43,9368,0,1,3.449,0.0,8.291,1.722,0.365,14.09,26.081
2026-04-24 10:31:43,9369,1,1,1.973,181.018,7.721,1.706,0.25,193.903,23.953
2026-04-24 10:31:43,9370,0,1,2.123,0.0,6.737,1.281,0.429,11.045,25.439
2026-04-24 10:31:43,9371,0,1,1.615,0.0,7.726,1.293,0.374,11.557,26.601
2026-04-24 10:31:43,9372,1,1,3.744,175.268,8.318,2.011,0.466,190.828,24.436
2026-04-24 10:31:43,9373,0,1,2.154,0.0,5.983,1.003,0.231,9.746,26.085
2026-04-24 10:31:43,9374,0,1,11.179,0.0,8.185,1.235,0.281,21.242,26.21
2026-04-24 10:31:44,9375,1,1,7.552,172.886,6.074,1.228,0.213,189.099,24.069
2026-04-24 10:31:44,9376,0,1,1.947,0.0,7.768,1.865,0.476,12.648,25.709
2026-04-24 10:31:44,9377,0,1,1.918,0.0,8.266,1.986,0.599,13.324,26.535
2026-04-24 10:31:44,9378,1,1,3.369,172.394,7.624,1.983,0.44,186.914,24.376
2026-04-24 10:31:44,9379,0,1,3.924,0.0,8.109,1.877,0.44,14.835,25.722
2026-04-24 10:31:44,9380,0,1,5.121,0.0,7.848,1.44,0.359,15.206,27.027
2026-04-24 10:31:44,9381,1,1,2.347,171.122,7.494,1.509,0.455,183.921,24.823
2026-04-24 10:31:44,9382,0,1,2.48,0.0,6.337,1.053,0.26,10.611,25.766
2026-04-24 10:31:44,9383,0,1,1.719,0.0,5.734,2.163,0.421,10.544,27.211
2026-04-24 10:31:44,9384,1,1,2.428,176.876,7.689,1.878,0.429,190.475,24.981
2026-04-24 10:31:44,9385,0,1,1.635,0.0,17.612,2.017,0.476,22.234,26.125
2026-04-24 10:31:44,9386,0,1,2.224,0.0,8.542,2.157,0.437,13.953,25.846
2026-04-24 10:31:45,9387,1,1,2.403,169.549,8.243,1.822,0.429,183.64,23.762
2026-04-24 10:31:45,9388,0,1,2.88,0.0,5.643,1.552,0.533,11.026,24.559
2026-04-24 10:31:45,9389,0,1,2.207,0.0,7.155,1.591,0.267,11.834,26.073
2026-04-24 10:31:45,9390,1,1,2.068,167.085,7.627,1.839,0.425,180.038,23.977
2026-04-24 10:31:45,9391,0,1,1.905,0.0,7.146,1.107,0.517,11.172,24.91
2026-04-24 10:31:45,9392,0,1,6.605,0.0,8.667,1.857,0.434,18.062,25.665
2026-04-24 10:31:45,9393,1,1,1.744,180.128,7.889,2.024,0.293,193.174,23.576
2026-04-24 10:31:45,9394,0,1,2.025,0.0,7.713,1.482,0.418,12.393,24.859
2026-04-24 10:31:45,9395,0,1,2.768,0.0,6.088,1.13,0.235,10.6,26.191
2026-04-24 10:31:45,9396,1,1,9.664,188.695,7.528,1.293,0.45,208.74,24.015
2026-04-24 10:31:45,9397,0,1,1.612,0.0,7.465,1.678,0.371,11.617,25.381
2026-04-24 10:31:45,9398,0,1,2.512,0.0,6.764,1.207,0.357,11.319,26.249
2026-04-24 10:31:46,9399,1,1,1.924,162.654,6.72,1.43,0.338,174.32,24.148
2026-04-24 10:31:46,9400,0,1,15.137,0.0,6.837,3.252,0.315,25.81,25.593
2026-04-24 10:31:46,9401,0,1,18.55,0.0,6.308,1.407,0.495,27.073,26.306
2026-04-24 10:31:46,9402,1,1,25.253,244.049,8.473,1.827,0.228,280.848,24.029
2026-04-24 10:31:46,9403,0,1,2.12,0.0,5.848,1.577,0.412,10.544,25.554
2026-04-24 10:31:46,9404,0,1,1.854,0.0,6.935,1.428,0.666,11.369,27.018
2026-04-24 10:31:46,9405,1,1,2.132,168.074,8.147,1.798,0.387,181.604,24.825
2026-04-24 10:31:46,9406,0,1,1.662,0.0,5.727,1.576,0.401,9.929,26.626
2026-04-24 10:31:46,9407,0,1,1.798,0.0,7.262,1.085,0.461,11.183,27.788
2026-04-24 10:31:46,9408,1,1,1.819,159.495,7.05,1.306,0.306,171.098,25.542
2026-04-24 10:31:46,9409,0,1,6.996,0.0,6.682,1.158,0.226,15.532,26.972
2026-04-24 10:31:47,9410,0,1,1.736,0.0,6.093,1.871,0.425,10.646,28.85
2026-04-24 10:31:47,9411,1,1,2.708,175.589,8.332,1.434,0.443,189.663,26.456
2026-04-24 10:31:47,9412,0,1,1.737,0.0,8.758,2.189,0.413,13.717,26.788
2026-04-24 10:31:47,9413,0,1,1.715,0.0,8.02,1.317,0.354,11.72,27.291
2026-04-24 10:31:47,9414,1,1,1.56,165.769,7.609,1.8,0.399,178.093,25.07
2026-04-24 10:31:47,9415,0,1,2.058,0.0,8.604,2.012,0.516,13.68,26.524
2026-04-24 10:31:47,9416,0,1,3.997,0.0,5.472,1.333,0.317,11.618,27.537
2026-04-24 10:31:47,9417,1,1,3.371,169.95,8.319,1.86,0.471,184.903,25.292
2026-04-24 10:31:47,9418,0,1,2.11,0.0,7.048,1.403,0.327,11.425,26.203
2026-04-24 10:31:47,9419,0,1,5.244,0.0,7.765,1.538,0.324,15.389,27.07
2026-04-24 10:31:48,9420,1,1,2.614,186.961,8.339,1.926,0.413,201.381,24.818
2026-04-24 10:31:48,9421,0,1,1.708,0.0,8.526,1.704,0.433,12.857,26.224
2026-04-24 10:31:48,9422,0,1,2.055,0.0,7.557,1.835,0.419,12.383,27.0
2026-04-24 10:31:48,9423,1,1,2.806,227.459,7.632,1.797,0.411,241.223,24.684
2026-04-24 10:31:48,9424,0,1,1.959,0.0,5.936,1.674,0.335,10.394,25.409
2026-04-24 10:31:48,9425,0,1,1.742,0.0,7.034,1.445,0.391,11.008,26.642
2026-04-24 10:31:48,9426,1,1,1.762,205.969,6.551,1.125,0.268,216.852,24.408
2026-04-24 10:31:48,9427,0,1,3.438,0.0,6.883,0.961,0.224,12.119,25.947
2026-04-24 10:31:48,9428,0,1,1.641,0.0,5.805,1.906,0.402,10.28,27.161
2026-04-24 10:31:48,9429,1,1,1.72,181.73,6.475,1.856,0.425,193.11,24.925
2026-04-24 10:31:48,9430,0,1,1.743,0.0,8.576,2.052,0.491,13.35,26.372
2026-04-24 10:31:48,9431,0,1,2.57,0.0,5.809,1.972,0.474,11.378,27.013
2026-04-24 10:31:49,9432,1,1,2.378,163.118,7.551,1.873,0.426,176.515,24.832
2026-04-24 10:31:49,9433,0,1,1.654,0.0,8.183,2.048,0.412,12.864,26.035
2026-04-24 10:31:49,9434,0,1,1.67,0.0,6.073,1.815,0.451,10.64,26.651
2026-04-24 10:31:49,9435,1,1,7.031,163.762,8.173,1.635,0.502,182.292,24.516
2026-04-24 10:31:49,9436,0,1,4.367,0.0,7.444,1.425,0.419,14.149,26.007
2026-04-24 10:31:49,9437,0,1,1.886,0.0,7.237,1.959,0.43,12.036,26.814
2026-04-24 10:31:49,9438,1,1,2.806,169.367,7.709,1.857,0.429,183.358,24.622
2026-04-24 10:31:49,9439,0,1,1.644,0.0,5.182,0.812,0.276,8.434,25.218
2026-04-24 10:31:49,9440,0,1,2.189,0.0,7.274,1.014,0.263,11.214,26.303
2026-04-24 10:31:49,9441,1,1,4.919,160.758,5.84,1.895,0.423,174.986,24.198
2026-04-24 10:31:49,9442,0,1,2.102,0.0,7.846,1.506,0.306,12.368,25.862
2026-04-24 10:31:49,9443,0,1,1.803,0.0,8.796,1.835,0.414,13.33,26.522
2026-04-24 10:31:50,9444,1,1,2.269,159.295,7.534,1.947,0.426,172.616,24.401
2026-04-24 10:31:50,9445,0,1,1.912,0.0,8.049,2.1,0.468,12.812,25.58
2026-04-24 10:31:50,9446,0,1,1.918,0.0,6.251,2.075,0.417,11.211,26.437
2026-04-24 10:31:50,9447,1,1,1.915,161.441,6.95,1.883,0.402,173.697,24.329
2026-04-24 10:31:50,9448,0,1,1.852,0.0,7.562,1.069,0.342,11.339,25.454
2026-04-24 10:31:50,9449,0,1,1.962,0.0,6.401,1.01,0.632,10.447,26.399
2026-04-24 10:31:50,9450,1,1,3.345,171.285,7.86,1.868,0.426,185.887,24.261
2026-04-24 10:31:50,9451,0,1,1.738,0.0,7.891,2.076,0.597,12.795,25.591
2026-04-24 10:31:50,9452,0,1,1.71,0.0,8.152,1.283,0.411,12.059,27.179
2026-04-24 10:31:50,9453,1,1,3.294,164.061,7.209,1.969,0.224,177.788,24.983
2026-04-24 10:31:50,9454,0,1,2.283,0.0,7.154,1.238,0.208,11.389,26.444
2026-04-24 10:31:50,9455,0,1,1.682,0.0,7.957,1.9,0.494,12.351,27.31
2026-04-24 10:31:51,9456,1,1,5.143,159.681,6.293,0.918,0.224,173.281,25.111
2026-04-24 10:31:51,9457,0,1,2.064,0.0,7.918,1.473,0.242,12.214,26.369
2026-04-24 10:31:51,9458,0,1,2.716,0.0,7.665,1.201,0.416,12.422,28.213
2026-04-24 10:31:51,9459,1,1,2.125,157.866,6.724,1.796,0.4,170.051,25.913
2026-04-24 10:31:51,9460,0,1,2.474,0.0,7.611,1.837,0.414,12.843,26.708
2026-04-24 10:31:51,9461,0,1,5.186,0.0,5.349,1.574,0.437,13.038,27.67
2026-04-24 10:31:51,9462,1,1,2.295,166.997,7.291,1.839,0.191,179.75,25.405
2026-04-24 10:31:51,9463,0,1,7.156,0.0,6.117,1.845,0.459,16.146,26.572
2026-04-24 10:31:51,9464,0,1,10.8,0.0,8.661,1.893,0.42,22.268,26.961
2026-04-24 10:31:51,9465,1,1,7.224,160.256,8.502,1.28,0.339,178.836,24.781
2026-04-24 10:31:51,9466,0,1,2.192,0.0,8.255,1.82,0.287,13.01,26.164
2026-04-24 10:31:51,9467,0,1,2.129,0.0,5.675,1.917,0.488,10.705,27.064
2026-04-24 10:31:52,9468,1,1,2.641,159.036,8.207,1.821,0.392,173.244,24.891
2026-04-24 10:31:52,9469,0,1,1.814,0.0,8.851,1.953,0.508,13.542,25.917
2026-04-24 10:31:52,9470,0,1,1.736,0.0,8.374,1.083,0.276,11.967,27.035
2026-04-24 10:31:52,9471,1,1,3.138,171.476,7.243,1.93,0.408,185.266,24.822
2026-04-24 10:31:52,9472,0,1,2.003,0.0,8.566,2.178,0.478,13.658,25.933
2026-04-24 10:31:52,9473,0,1,1.938,0.0,9.795,2.089,0.425,14.749,25.855
2026-04-24 10:31:52,9474,1,1,1.811,177.07,7.95,1.749,0.419,190.377,23.745
2026-04-24 10:31:52,9475,0,1,2.005,0.0,7.421,1.498,0.275,11.66,24.553
2026-04-24 10:31:52,9476,0,1,2.313,0.0,6.868,1.444,0.408,11.549,26.241
2026-04-24 10:31:53,9477,1,1,2.033,350.533,6.675,1.507,0.32,362.11,23.881
2026-04-24 10:31:53,9478,0,1,10.795,0.0,9.315,1.445,0.327,22.206,24.207
2026-04-24 10:31:53,9479,0,1,3.273,0.0,7.944,2.067,0.45,14.101,27.389
2026-04-24 10:31:53,9480,1,1,2.569,269.824,7.296,1.246,0.376,282.232,24.997
2026-04-24 10:31:53,9481,0,1,2.114,0.0,7.294,1.317,0.38,11.588,26.783
2026-04-24 10:31:53,9482,0,1,5.218,0.0,7.576,1.92,0.423,15.631,27.357
2026-04-24 10:31:53,9483,1,1,8.449,172.801,8.327,1.486,0.283,192.121,25.118
2026-04-24 10:31:53,9484,0,1,1.962,0.0,6.318,1.458,0.237,10.444,26.206
2026-04-24 10:31:53,9485,0,1,2.109,0.0,6.267,1.336,0.375,10.693,27.333
2026-04-24 10:31:53,9486,1,1,2.268,196.497,7.12,1.5,0.399,208.645,25.054
2026-04-24 10:31:53,9487,0,1,1.905,0.0,8.12,2.02,0.434,12.947,25.971
2026-04-24 10:31:53,9488,0,1,2.976,0.0,6.939,1.789,0.419,12.588,27.21
2026-04-24 10:31:54,9489,1,1,3.407,170.445,8.528,1.637,0.371,185.602,24.995
2026-04-24 10:31:54,9490,0,1,1.985,0.0,6.376,1.234,0.245,10.367,25.963
2026-04-24 10:31:54,9491,0,1,7.135,0.0,4.259,1.026,0.261,13.202,27.077
2026-04-24 10:31:54,9492,1,1,9.585,181.442,7.5,1.997,0.206,201.743,24.832
2026-04-24 10:31:54,9493,0,1,1.6,0.0,5.738,0.911,0.231,8.955,26.304
2026-04-24 10:31:54,9494,0,1,2.041,0.0,4.146,0.843,0.205,7.676,27.876
2026-04-24 10:31:54,9495,1,1,2.117,168.344,7.294,1.418,0.233,180.422,25.598
2026-04-24 10:31:54,9496,0,1,2.531,0.0,6.523,1.298,0.436,11.214,26.496
2026-04-24 10:31:54,9497,0,1,1.922,0.0,4.24,0.85,0.235,7.718,27.848
2026-04-24 10:31:54,9498,1,1,5.584,182.37,7.036,1.434,0.407,197.859,25.552
2026-04-24 10:31:54,9499,0,1,2.059,0.0,7.011,1.867,0.397,11.792,27.064
2026-04-24 10:31:55,9500,0,1,2.529,0.0,5.81,1.434,0.445,10.699,27.664
2026-04-24 10:31:55,9501,1,1,1.756,168.296,7.538,2.008,0.416,180.913,25.411
2026-04-24 10:31:55,9502,0,1,1.841,0.0,5.493,1.063,0.242,9.105,26.382
2026-04-24 10:31:55,9503,0,1,7.161,0.0,8.799,2.049,0.451,18.986,27.824
2026-04-24 10:31:55,9504,1,1,1.747,507.072,6.86,1.38,0.408,518.633,25.228
2026-04-24 10:31:55,9505,0,1,1.673,0.0,5.335,1.792,0.323,9.59,26.569
2026-04-24 10:31:55,9506,0,1,2.251,0.0,7.797,1.753,0.306,12.608,27.568
2026-04-24 10:31:56,9507,1,1,2.252,206.949,8.903,1.436,0.338,220.923,25.241
2026-04-24 10:31:56,9508,0,1,15.421,0.0,16.736,1.778,0.348,34.813,26.193
2026-04-24 10:31:56,9509,0,1,1.642,0.0,5.597,1.564,0.37,9.895,26.33
2026-04-24 10:31:56,9510,1,1,19.046,228.629,7.185,1.946,0.418,258.363,24.081
2026-04-24 10:31:56,9511,0,1,1.647,0.0,8.188,2.078,0.432,12.694,25.019
2026-04-24 10:31:56,9512,0,1,2.032,0.0,8.045,1.788,0.531,13.38,25.777
2026-04-24 10:31:56,9513,1,1,5.224,231.373,6.943,1.294,0.41,246.281,23.58
2026-04-24 10:31:56,9514,0,1,2.196,0.0,6.152,1.136,0.42,10.296,24.758
2026-04-24 10:31:56,9515,0,1,1.786,0.0,5.899,2.116,0.519,11.044,26.12
2026-04-24 10:31:57,9516,1,1,9.809,187.936,7.273,1.906,0.472,208.612,23.969
2026-04-24 10:31:57,9517,0,1,2.094,0.0,8.244,1.856,0.426,13.126,25.318
2026-04-24 10:31:57,9518,0,1,2.189,0.0,8.013,1.974,0.42,13.215,26.452
2026-04-24 10:31:57,9519,1,1,4.867,174.299,7.223,1.727,0.298,189.55,24.3
2026-04-24 10:31:57,9520,0,1,1.76,0.0,7.034,1.517,0.34,11.425,25.723
2026-04-24 10:31:57,9521,0,1,2.699,0.0,8.33,1.863,0.442,13.843,26.413
2026-04-24 10:31:57,9522,1,1,2.131,164.656,6.316,1.338,0.253,175.585,24.28
2026-04-24 10:31:57,9523,0,1,2.206,0.0,6.265,1.087,0.379,10.414,25.502
2026-04-24 10:31:57,9524,0,1,1.471,0.0,4.313,0.886,0.218,7.347,27.251
2026-04-24 10:31:57,9525,1,1,1.587,197.207,8.368,1.866,0.414,210.632,24.965
2026-04-24 10:31:57,9526,0,1,2.005,0.0,8.23,1.976,0.583,13.602,26.287
2026-04-24 10:31:57,9527,0,1,1.617,0.0,9.154,2.118,0.243,13.807,26.904
2026-04-24 10:31:58,9528,1,1,3.2,252.893,26.432,1.807,0.411,285.822,24.56
2026-04-24 10:31:58,9529,0,1,2.853,0.0,8.032,1.396,0.228,12.974,24.283
2026-04-24 10:31:58,9530,0,1,2.018,0.0,8.167,1.847,0.427,12.972,25.3
2026-04-24 10:31:58,9531,1,1,1.685,181.214,6.24,0.863,0.217,191.328,23.243
2026-04-24 10:31:58,9532,0,1,1.659,0.0,21.142,1.717,0.466,25.622,24.862
2026-04-24 10:31:58,9533,0,1,2.164,0.0,20.891,1.29,0.249,25.136,24.77
2026-04-24 10:31:58,9534,1,1,1.527,202.597,7.084,1.87,0.432,214.342,22.701
2026-04-24 10:31:58,9535,0,1,2.011,0.0,22.499,1.88,0.412,27.343,23.869
2026-04-24 10:31:58,9536,0,1,2.305,0.0,7.592,1.513,0.339,12.29,23.731
2026-04-24 10:31:59,9537,1,1,5.922,166.174,6.868,1.402,0.234,181.507,21.879
2026-04-24 10:31:59,9538,0,1,2.608,0.0,6.045,1.764,0.462,11.453,23.296
2026-04-24 10:31:59,9539,0,1,1.911,0.0,6.994,1.986,0.531,11.961,24.214
2026-04-24 10:31:59,9540,1,1,1.831,201.939,8.312,1.675,0.29,215.065,22.228
2026-04-24 10:31:59,9541,0,1,1.637,0.0,6.017,1.655,0.337,10.005,23.317
2026-04-24 10:31:59,9542,0,1,1.89,0.0,7.724,2.032,0.474,12.633,24.572
2026-04-24 10:31:59,9543,1,1,4.263,338.976,21.239,1.344,0.328,367.347,22.383
2026-04-24 10:31:59,9544,0,1,14.63,0.0,8.2,1.848,0.263,25.483,22.578
2026-04-24 10:31:59,9545,0,1,1.667,0.0,5.33,1.203,0.386,9.691,24.24
2026-04-24 10:32:00,9546,1,1,13.819,187.848,8.01,1.687,0.348,212.813,22.282
2026-04-24 10:32:00,9547,0,1,1.664,0.0,9.919,1.425,0.403,13.889,26.558
2026-04-24 10:32:00,9548,0,1,13.605,0.0,7.106,1.607,0.421,23.133,26.321
2026-04-24 10:32:00,9549,1,1,2.888,210.674,7.174,2.017,0.417,224.531,24.104
2026-04-24 10:32:00,9550,0,1,1.821,0.0,8.848,2.023,0.448,13.607,25.041
2026-04-24 10:32:00,9551,0,1,2.085,0.0,8.74,2.234,0.513,14.08,25.864
2026-04-24 10:32:00,9552,1,1,2.864,160.668,10.727,1.919,0.446,177.719,23.796
2026-04-24 10:32:00,9553,0,1,1.461,0.0,7.415,2.122,0.439,11.802,24.854
2026-04-24 10:32:00,9554,0,1,7.118,0.0,7.297,1.244,0.425,16.56,25.56
2026-04-24 10:32:00,9555,1,1,2.227,167.753,5.755,1.354,0.324,178.483,23.51
2026-04-24 10:32:00,9556,0,1,1.986,0.0,7.879,1.633,0.414,12.409,24.695
2026-04-24 10:32:00,9557,0,1,2.224,0.0,8.56,1.219,0.517,12.875,25.849
2026-04-24 10:32:01,9558,1,1,1.801,188.298,6.462,1.378,0.296,199.174,23.707
2026-04-24 10:32:01,9559,0,1,2.05,0.0,6.952,1.805,0.287,11.614,25.066
2026-04-24 10:32:01,9560,0,1,1.599,0.0,8.863,1.642,0.468,12.852,26.214
2026-04-24 10:32:01,9561,1,1,1.746,236.202,12.221,1.315,0.368,252.775,23.963
2026-04-24 10:32:01,9562,0,1,1.832,0.0,12.116,1.849,0.42,16.734,24.683
2026-04-24 10:32:01,9563,0,1,2.681,0.0,6.893,1.808,0.477,12.384,25.075
2026-04-24 10:32:01,9564,1,1,1.75,192.42,26.134,1.326,0.357,223.079,23.01
2026-04-24 10:32:01,9565,0,1,2.121,0.0,22.34,1.04,0.267,26.266,22.986
2026-04-24 10:32:01,9566,0,1,1.663,0.0,22.204,2.066,0.359,26.733,22.979
2026-04-24 10:32:02,9567,1,1,2.447,177.78,23.348,1.444,0.411,206.416,21.128
2026-04-24 10:32:02,9568,0,1,1.989,0.0,6.699,1.509,0.309,10.948,21.318
2026-04-24 10:32:02,9569,0,1,2.042,0.0,6.812,1.638,0.411,11.353,23.168
2026-04-24 10:32:02,9570,1,1,2.216,250.423,7.203,1.509,0.262,262.45,21.211
2026-04-24 10:32:02,9571,0,1,2.646,0.0,6.349,1.165,0.314,11.039,22.667
2026-04-24 10:32:02,9572,0,1,42.817,0.0,7.138,1.377,0.302,52.152,22.239
2026-04-24 10:32:02,9573,1,1,20.049,179.82,7.409,1.574,0.626,210.477,20.457
2026-04-24 10:32:02,9574,0,1,2.045,0.0,7.158,2.083,0.301,12.091,22.036
2026-04-24 10:32:02,9575,0,1,2.225,0.0,17.783,1.84,0.431,22.781,22.811
2026-04-24 10:32:02,9576,1,1,2.18,178.111,7.016,1.813,0.4,190.576,20.958
2026-04-24 10:32:03,9577,0,1,1.567,0.0,7.866,1.484,0.241,11.652,22.583
2026-04-24 10:32:03,9578,0,1,2.411,0.0,7.286,1.411,0.647,12.303,23.513
2026-04-24 10:32:03,9579,1,1,1.759,193.935,28.024,1.927,0.242,226.789,21.598
2026-04-24 10:32:03,9580,0,1,2.135,0.0,23.086,1.858,0.425,28.059,21.755
2026-04-24 10:32:03,9581,0,1,2.401,0.0,6.92,1.974,0.416,12.224,21.727
2026-04-24 10:32:03,9582,1,1,2.723,152.481,6.977,1.836,0.388,165.579,20.102
2026-04-24 10:32:03,9583,0,1,2.209,0.0,7.646,1.854,0.417,12.682,21.646
2026-04-24 10:32:03,9584,0,1,2.03,0.0,7.7,1.363,0.338,12.015,22.747
2026-04-24 10:32:03,9585,1,1,2.499,173.633,13.174,1.872,0.443,192.701,20.954
2026-04-24 10:32:03,9586,0,1,1.919,0.0,6.262,1.154,0.246,9.908,21.809
2026-04-24 10:32:03,9587,0,1,2.153,0.0,8.057,1.131,0.219,12.009,23.886
2026-04-24 10:32:04,9588,1,1,3.481,160.25,23.653,1.085,0.236,189.836,22.01
2026-04-24 10:32:04,9589,0,1,1.928,0.0,23.14,1.826,0.495,27.835,22.338
2026-04-24 10:32:04,9590,0,1,2.521,0.0,7.966,1.304,0.316,12.594,22.485
2026-04-24 10:32:04,9591,1,1,1.752,159.914,5.172,1.186,0.386,169.512,20.748
2026-04-24 10:32:04,9592,0,1,2.537,0.0,6.132,1.786,0.55,11.498,22.602
2026-04-24 10:32:04,9593,0,1,1.708,0.0,7.808,1.883,0.418,12.419,23.747
2026-04-24 10:32:04,9594,1,1,2.371,167.388,22.128,1.672,0.419,194.996,21.884
2026-04-24 10:32:04,9595,0,1,2.049,0.0,18.677,2.113,0.479,23.84,22.047
2026-04-24 10:32:04,9596,0,1,1.859,0.0,22.286,1.137,0.263,25.877,22.468
2026-04-24 10:32:04,9597,1,1,5.069,162.362,18.62,1.804,0.509,189.497,20.721
2026-04-24 10:32:04,9598,0,1,1.87,0.0,7.98,1.253,0.361,11.884,21.035
2026-04-24 10:32:04,9599,0,1,2.028,0.0,6.467,1.146,0.232,10.148,22.444
2026-04-24 10:32:05,9600,1,1,2.413,176.975,7.227,1.748,0.209,189.708,20.688
2026-04-24 10:32:05,9601,0,1,2.023,0.0,7.457,1.466,0.437,11.902,22.078
2026-04-24 10:32:05,9602,0,1,2.432,0.0,7.096,1.738,0.421,12.234,23.289
2026-04-24 10:32:05,9603,1,1,2.403,189.817,29.302,1.441,0.502,224.364,21.403
2026-04-24 10:32:05,9604,0,1,2.262,0.0,42.243,2.457,0.493,48.839,21.623
2026-04-24 10:32:05,9605,0,1,2.47,0.0,30.332,1.47,0.425,35.081,21.193
2026-04-24 10:32:05,9606,1,1,3.757,205.004,5.926,1.856,0.587,218.374,19.491
2026-04-24 10:32:05,9607,0,1,2.192,0.0,6.681,1.963,0.317,11.637,21.425
2026-04-24 10:32:05,9608,0,1,2.469,0.0,6.261,1.956,0.416,11.634,22.943
2026-04-24 10:32:06,9609,1,1,3.279,174.733,8.046,1.886,0.504,189.711,21.137
2026-04-24 10:32:06,9610,0,1,6.658,0.0,6.502,1.64,0.242,15.686,22.767
2026-04-24 10:32:06,9611,0,1,3.392,0.0,6.687,1.646,0.416,12.702,24.931
2026-04-24 10:32:06,9612,1,1,2.128,171.731,7.467,1.361,0.22,184.116,22.945
2026-04-24 10:32:06,9613,0,1,7.499,0.0,7.521,0.907,0.236,16.828,24.515
2026-04-24 10:32:06,9614,0,1,2.949,0.0,8.088,2.031,0.412,14.043,25.361
2026-04-24 10:32:06,9615,1,1,2.215,170.454,6.374,0.977,0.463,181.489,23.311
2026-04-24 10:32:06,9616,0,1,2.418,0.0,8.458,2.215,0.485,14.092,24.548
2026-04-24 10:32:06,9617,0,1,1.611,0.0,8.165,1.069,0.387,11.716,25.362
2026-04-24 10:32:06,9618,1,1,1.559,171.186,7.974,1.879,0.244,183.947,23.328
2026-04-24 10:32:06,9619,0,1,1.92,0.0,7.518,1.912,0.482,12.332,24.506
2026-04-24 10:32:06,9620,0,1,6.108,0.0,7.92,1.098,0.56,16.056,25.449
2026-04-24 10:32:07,9621,1,1,1.878,183.427,6.192,1.166,0.22,193.858,23.378
2026-04-24 10:32:07,9622,0,1,1.635,0.0,6.803,1.342,0.351,10.747,24.559
2026-04-24 10:32:07,9623,0,1,3.712,0.0,6.893,2.0,0.421,13.58,26.403
2026-04-24 10:32:07,9624,1,1,1.643,174.362,8.26,1.849,0.358,187.705,24.255
2026-04-24 10:32:07,9625,0,1,1.751,0.0,6.313,1.35,0.45,10.415,24.063
2026-04-24 10:32:07,9626,0,1,3.484,0.0,7.487,1.498,0.221,13.189,25.823
2026-04-24 10:32:07,9627,1,1,3.087,166.016,7.411,1.748,0.209,179.585,23.755
2026-04-24 10:32:07,9628,0,1,1.687,0.0,5.449,0.974,0.456,9.046,25.14
2026-04-24 10:32:07,9629,0,1,1.644,0.0,7.513,1.857,0.47,11.811,26.592
2026-04-24 10:32:07,9630,1,1,1.784,159.81,19.547,1.446,0.34,184.076,24.458
2026-04-24 10:32:07,9631,0,1,2.407,0.0,8.354,2.073,0.454,13.873,24.459
2026-04-24 10:32:07,9632,0,1,2.826,0.0,5.061,1.59,0.222,10.049,25.356
2026-04-24 10:32:08,9633,1,1,5.545,166.039,19.145,1.118,0.214,193.246,23.347
2026-04-24 10:32:08,9634,0,1,2.267,0.0,6.799,1.254,0.213,11.082,23.642
2026-04-24 10:32:08,9635,0,1,1.957,0.0,7.777,1.753,0.274,12.295,25.11
2026-04-24 10:32:08,9636,1,1,1.55,306.963,8.138,1.492,0.314,319.954,22.897
2026-04-24 10:32:08,9637,0,1,2.914,0.0,7.065,1.65,0.449,12.465,24.02
2026-04-24 10:32:08,9638,0,1,3.096,0.0,23.215,1.276,0.207,28.31,24.853
2026-04-24 10:32:08,9639,1,1,2.756,161.355,8.152,1.814,0.268,175.302,22.893
2026-04-24 10:32:08,9640,0,1,7.705,0.0,6.898,2.068,0.555,17.784,24.362
2026-04-24 10:32:08,9641,0,1,3.154,0.0,8.228,1.029,0.261,13.149,25.638
2026-04-24 10:32:08,9642,1,1,2.091,161.273,6.971,1.362,0.291,172.78,23.604
2026-04-24 10:32:09,9643,0,1,1.822,0.0,7.123,2.173,0.243,11.829,25.39
2026-04-24 10:32:09,9644,0,1,1.65,0.0,7.383,1.443,0.434,11.494,26.338
2026-04-24 10:32:09,9645,1,1,3.353,342.946,7.134,1.472,0.407,356.319,23.973
2026-04-24 10:32:09,9646,0,1,2.258,0.0,7.026,1.467,0.439,11.577,25.062
2026-04-24 10:32:09,9647,0,1,2.206,0.0,6.981,1.004,0.221,10.907,26.663
2026-04-24 10:32:09,9648,1,1,20.992,163.971,7.695,1.82,0.391,195.825,24.467
2026-04-24 10:32:09,9649,0,1,1.788,0.0,8.013,1.937,0.501,12.784,25.443
2026-04-24 10:32:09,9650,0,1,4.535,0.0,7.62,1.6,0.428,14.77,26.29
2026-04-24 10:32:09,9651,1,1,7.129,240.107,8.759,1.859,0.417,259.66,24.031
2026-04-24 10:32:10,9652,0,1,1.737,0.0,7.365,1.963,0.432,12.044,25.147
2026-04-24 10:32:10,9653,0,1,12.207,0.0,6.995,1.984,0.471,22.119,25.289
2026-04-24 10:32:10,9654,1,1,4.349,178.683,7.639,1.195,0.218,193.14,23.234
2026-04-24 10:32:10,9655,0,1,2.07,0.0,7.322,1.996,0.446,12.493,24.899
2026-04-24 10:32:10,9656,0,1,1.973,0.0,6.247,1.02,0.256,9.965,25.523
2026-04-24 10:32:10,9657,1,1,2.228,180.44,6.713,0.94,0.28,191.602,23.456
2026-04-24 10:32:10,9658,0,1,2.135,0.0,7.984,1.021,0.289,11.891,23.897
2026-04-24 10:32:10,9659,0,1,2.492,0.0,8.721,1.89,0.254,13.921,24.977
2026-04-24 10:32:10,9660,1,1,2.66,166.855,6.356,1.385,0.428,178.692,22.987
2026-04-24 10:32:10,9661,0,1,2.008,0.0,6.543,1.684,0.415,11.156,24.131
2026-04-24 10:32:10,9662,0,1,1.958,0.0,7.16,1.679,0.283,11.595,25.35
2026-04-24 10:32:11,9663,1,1,13.608,175.682,6.521,1.85,0.408,199.124,23.276
2026-04-24 10:32:11,9664,0,1,1.952,0.0,6.371,1.825,0.561,11.14,24.353
2026-04-24 10:32:11,9665,0,1,1.69,0.0,7.678,1.81,0.406,12.132,25.226
2026-04-24 10:32:11,9666,1,1,2.316,156.157,6.858,1.82,0.407,168.716,23.241
2026-04-24 10:32:11,9667,0,1,5.851,0.0,8.05,2.052,0.453,16.979,24.727
2026-04-24 10:32:11,9668,0,1,2.23,0.0,5.398,1.453,0.414,10.108,25.738
2026-04-24 10:32:11,9669,1,1,2.301,156.101,5.359,0.896,0.205,165.732,23.705
2026-04-24 10:32:11,9670,0,1,2.33,0.0,6.981,1.834,0.418,12.045,26.573
2026-04-24 10:32:11,9671,0,1,2.555,0.0,7.189,1.482,0.266,11.85,27.819
2026-04-24 10:32:11,9672,1,1,1.677,173.219,5.548,1.349,0.342,183.24,25.539
2026-04-24 10:32:11,9673,0,1,2.238,0.0,7.239,1.914,0.472,12.454,27.039
2026-04-24 10:32:11,9674,0,1,2.172,0.0,5.046,1.408,0.567,9.505,27.731
2026-04-24 10:32:12,9675,1,1,2.449,155.212,7.875,2.019,0.249,168.854,25.493
2026-04-24 10:32:12,9676,0,1,1.793,0.0,8.126,1.504,0.367,12.277,26.667
2026-04-24 10:32:12,9677,0,1,1.67,0.0,6.43,1.918,0.253,10.864,27.46
2026-04-24 10:32:12,9678,1,1,1.71,174.793,5.705,0.982,0.363,184.65,25.205
2026-04-24 10:32:12,9679,0,1,1.792,0.0,7.684,1.036,0.396,11.352,26.615
2026-04-24 10:32:12,9680,0,1,1.532,0.0,8.026,2.157,0.25,12.367,27.6
2026-04-24 10:32:12,9681,1,1,8.64,176.492,17.226,1.836,0.413,205.8,25.315
2026-04-24 10:32:12,9682,0,1,2.444,0.0,8.084,1.546,0.277,12.798,25.81
2026-04-24 10:32:12,9683,0,1,1.949,0.0,7.994,1.965,0.5,12.96,25.257
2026-04-24 10:32:12,9684,1,1,2.623,156.083,6.692,1.107,0.328,167.71,23.266
2026-04-24 10:32:12,9685,0,1,1.976,0.0,23.912,1.015,0.238,27.597,24.847
2026-04-24 10:32:12,9686,0,1,3.109,0.0,23.75,1.966,0.453,29.85,24.841
2026-04-24 10:32:13,9687,1,1,2.076,162.418,5.796,1.402,0.351,173.181,22.832
2026-04-24 10:32:13,9688,0,1,2.085,0.0,7.742,1.569,0.488,12.413,24.623
2026-04-24 10:32:13,9689,0,1,1.842,0.0,7.281,1.936,0.411,12.003,24.336
2026-04-24 10:32:13,9690,1,1,1.704,161.714,21.58,1.416,0.256,187.931,22.421
2026-04-24 10:32:13,9691,0,1,1.805,0.0,8.005,1.077,0.212,11.379,22.532
2026-04-24 10:32:13,9692,0,1,2.241,0.0,7.251,1.785,0.227,12.018,23.883
2026-04-24 10:32:13,9693,1,1,1.82,162.044,5.473,1.622,0.411,172.487,22.026
2026-04-24 10:32:13,9694,0,1,2.136,0.0,5.121,0.796,0.202,8.754,23.523
2026-04-24 10:32:13,9695,0,1,2.48,0.0,8.143,2.008,0.426,13.614,25.519
2026-04-24 10:32:13,9696,1,1,1.949,156.706,7.316,1.164,0.272,168.475,23.492
2026-04-24 10:32:13,9697,0,1,8.5,0.0,7.215,1.637,0.48,18.212,24.915
2026-04-24 10:32:13,9698,0,1,2.008,0.0,7.332,1.313,0.375,11.505,25.995
2026-04-24 10:32:14,9699,1,1,2.381,185.278,6.355,1.131,0.205,196.349,23.862
2026-04-24 10:32:14,9700,0,1,1.923,0.0,8.574,1.379,0.336,12.842,25.011
2026-04-24 10:32:14,9701,0,1,1.723,0.0,21.541,1.409,0.389,25.546,26.118
2026-04-24 10:32:14,9702,1,1,2.546,186.929,23.061,2.04,0.424,216.207,23.936
2026-04-24 10:32:14,9703,0,1,2.151,0.0,8.75,1.826,0.404,13.605,23.755
2026-04-24 10:32:14,9704,0,1,6.713,0.0,7.819,1.64,0.229,16.897,25.261
2026-04-24 10:32:14,9705,1,1,1.783,153.947,8.346,2.015,0.398,167.664,23.263
2026-04-24 10:32:14,9706,0,1,2.591,0.0,8.17,2.153,0.474,13.949,24.256
2026-04-24 10:32:14,9707,0,1,2.696,0.0,8.386,2.164,0.269,13.88,24.741
2026-04-24 10:32:14,9708,1,1,1.867,151.409,23.002,1.812,0.44,179.664,22.818
2026-04-24 10:32:14,9709,0,1,2.052,0.0,10.23,1.846,0.421,15.146,22.721
2026-04-24 10:32:15,9710,0,1,1.849,0.0,5.779,1.715,0.474,10.215,23.513
2026-04-24 10:32:15,9711,1,1,2.637,159.115,7.762,1.921,0.479,173.075,21.689
2026-04-24 10:32:15,9712,0,1,2.217,0.0,7.463,1.077,0.288,11.621,22.769
2026-04-24 10:32:15,9713,0,1,7.102,0.0,8.019,1.533,0.493,17.655,24.5
2026-04-24 10:32:15,9714,1,1,2.623,240.431,6.886,1.382,0.309,252.766,22.415
2026-04-24 10:32:15,9715,0,1,1.928,0.0,7.802,1.362,0.459,12.026,23.584
2026-04-24 10:32:15,9716,0,1,1.843,0.0,9.512,1.847,0.434,14.121,24.563
2026-04-24 10:32:15,9717,1,1,1.531,166.368,7.788,1.808,0.393,179.065,22.61
2026-04-24 10:32:15,9718,0,1,2.288,0.0,7.711,1.845,0.414,12.794,24.155
2026-04-24 10:32:15,9719,0,1,2.323,0.0,8.074,1.705,0.434,13.069,24.914
2026-04-24 10:32:16,9720,1,1,2.184,156.778,8.069,1.842,0.421,170.481,22.959
2026-04-24 10:32:16,9721,0,1,2.811,0.0,7.76,1.822,0.416,13.323,23.749
2026-04-24 10:32:16,9722,0,1,2.276,0.0,7.658,1.544,0.402,12.422,24.595
2026-04-24 10:32:16,9723,1,1,1.555,170.546,25.236,2.049,0.46,200.974,22.63
2026-04-24 10:32:16,9724,0,1,2.018,0.0,7.084,1.854,0.414,11.919,22.603
2026-04-24 10:32:16,9725,0,1,2.412,0.0,7.246,0.852,0.207,11.177,23.588
2026-04-24 10:32:16,9726,1,1,1.919,159.16,6.41,1.826,0.41,170.841,21.763
2026-04-24 10:32:16,9727,0,1,1.798,0.0,6.427,1.27,0.262,10.232,23.515
2026-04-24 10:32:16,9728,0,1,2.213,0.0,7.024,1.927,0.542,12.264,24.903
2026-04-24 10:32:16,9729,1,1,2.621,176.64,6.415,1.357,0.398,188.336,22.859
2026-04-24 10:32:16,9730,0,1,2.016,0.0,8.002,1.825,0.395,12.71,24.282
2026-04-24 10:32:16,9731,0,1,1.691,0.0,7.259,1.527,0.228,11.107,25.441
2026-04-24 10:32:17,9732,1,1,2.224,161.897,6.22,1.879,0.408,173.788,23.412
2026-04-24 10:32:17,9733,0,1,2.094,0.0,8.495,1.914,0.413,13.472,24.974
2026-04-24 10:32:17,9734,0,1,2.62,0.0,7.281,1.926,0.409,12.798,25.513
2026-04-24 10:32:17,9735,1,1,3.349,154.095,6.02,1.842,0.398,166.868,23.497
2026-04-24 10:32:17,9736,0,1,2.524,0.0,8.41,1.321,0.368,13.151,24.407
2026-04-24 10:32:17,9737,0,1,2.298,0.0,5.347,1.891,0.211,10.29,25.303
2026-04-24 10:32:17,9738,1,1,1.776,161.399,20.419,1.18,0.236,185.998,23.307
2026-04-24 10:32:17,9739,0,1,1.688,0.0,21.286,2.118,0.231,25.743,23.48
2026-04-24 10:32:17,9740,0,1,1.791,0.0,8.475,1.867,0.387,13.038,23.469
2026-04-24 10:32:17,9741,1,1,3.14,158.245,21.608,1.477,0.61,186.14,21.641
2026-04-24 10:32:17,9742,0,1,2.192,0.0,16.657,1.869,0.483,21.699,21.957
2026-04-24 10:32:17,9743,0,1,2.66,0.0,6.076,1.198,0.697,11.038,22.248
2026-04-24 10:32:18,9744,1,1,2.059,162.023,7.172,1.419,0.23,173.56,20.553
2026-04-24 10:32:18,9745,0,1,2.141,0.0,7.11,1.237,0.4,11.245,22.21
2026-04-24 10:32:18,9746,0,1,2.731,0.0,6.246,1.614,0.221,11.331,24.015
2026-04-24 10:32:18,9747,1,1,2.169,158.716,7.747,2.047,0.406,172.245,22.145
2026-04-24 10:32:18,9748,0,1,2.2,0.0,7.928,1.289,0.308,12.13,22.547
2026-04-24 10:32:18,9749,0,1,2.05,0.0,7.093,2.031,0.491,12.155,24.549
2026-04-24 10:32:18,9750,1,1,2.458,158.447,7.765,1.179,0.265,171.275,22.624
2026-04-24 10:32:18,9751,0,1,1.764,0.0,6.235,1.42,0.331,10.276,24.359
2026-04-24 10:32:18,9752,0,1,1.928,0.0,7.907,1.237,0.335,12.119,25.481
2026-04-24 10:32:18,9753,1,1,2.029,164.582,6.449,1.383,0.315,175.891,23.452
2026-04-24 10:32:18,9754,0,1,1.733,0.0,7.265,1.893,0.451,11.835,25.218
2026-04-24 10:32:18,9755,0,1,4.473,0.0,7.672,1.414,0.308,14.411,26.344
2026-04-24 10:32:19,9756,1,1,2.47,173.26,5.141,1.326,0.313,183.68,24.215
2026-04-24 10:32:19,9757,0,1,1.724,0.0,6.239,1.429,0.39,10.319,25.446
2026-04-24 10:32:19,9758,0,1,2.322,0.0,7.886,2.018,0.429,13.17,25.583
2026-04-24 10:32:19,9759,1,1,2.516,175.87,7.746,1.863,0.406,189.305,23.5
2026-04-24 10:32:19,9760,0,1,1.979,0.0,6.543,1.123,0.306,10.472,24.987
2026-04-24 10:32:19,9761,0,1,2.07,0.0,7.169,1.508,0.354,11.568,26.213
2026-04-24 10:32:19,9762,1,1,15.397,231.009,7.343,1.821,0.409,256.966,23.977
2026-04-24 10:32:19,9763,0,1,1.519,0.0,6.58,0.971,0.232,9.798,25.585
2026-04-24 10:32:19,9764,0,1,6.784,0.0,5.993,1.902,0.412,15.547,27.046
2026-04-24 10:32:19,9765,1,1,1.856,199.992,24.857,1.408,0.525,229.572,24.77
2026-04-24 10:32:20,9766,0,1,14.213,0.0,7.612,1.63,0.492,24.676,24.836
2026-04-24 10:32:20,9767,0,1,11.444,0.0,5.89,1.086,0.393,19.321,25.124
2026-04-24 10:32:20,9768,1,1,12.955,180.369,20.546,1.013,0.213,216.097,23.074
2026-04-24 10:32:20,9769,0,1,1.758,0.0,19.172,1.297,0.443,23.221,23.165
2026-04-24 10:32:20,9770,0,1,2.288,0.0,22.536,1.345,0.346,26.988,23.578
2026-04-24 10:32:20,9771,1,1,2.141,163.261,5.348,1.874,0.401,174.12,21.696
2026-04-24 10:32:20,9772,0,1,1.597,0.0,8.626,1.391,0.353,12.57,23.388
2026-04-24 10:32:20,9773,0,1,2.087,0.0,7.73,1.923,0.426,12.661,24.282
2026-04-24 10:32:20,9774,1,1,6.471,205.449,7.649,1.851,0.403,222.891,22.248
2026-04-24 10:32:20,9775,0,1,1.717,0.0,7.28,1.357,0.372,11.242,22.848
2026-04-24 10:32:20,9776,0,1,2.181,0.0,6.608,1.507,0.31,11.121,24.487
2026-04-24 10:32:21,9777,1,1,2.461,181.743,7.263,1.486,0.244,194.153,22.515
2026-04-24 10:32:21,9778,0,1,2.244,0.0,7.167,1.456,0.25,11.635,23.676
2026-04-24 10:32:21,9779,0,1,1.969,0.0,8.656,1.613,0.443,13.19,24.752
2026-04-24 10:32:21,9780,1,1,2.096,196.64,6.382,1.054,0.243,207.475,22.711
2026-04-24 10:32:21,9781,0,1,1.903,0.0,7.277,1.394,0.284,11.228,23.841
2026-04-24 10:32:21,9782,0,1,3.085,0.0,6.68,0.894,0.304,11.45,25.137
2026-04-24 10:32:21,9783,1,1,1.824,260.236,7.848,2.04,0.423,273.488,22.969
2026-04-24 10:32:21,9784,0,1,2.045,0.0,24.047,1.979,0.484,29.083,24.319
2026-04-24 10:32:21,9785,0,1,1.794,0.0,22.782,2.058,0.472,27.668,23.952
2026-04-24 10:32:22,9786,1,1,2.151,179.35,6.848,1.757,0.475,191.464,22.005
2026-04-24 10:32:22,9787,0,1,2.138,0.0,8.044,1.614,0.269,12.366,23.253
2026-04-24 10:32:22,9788,0,1,1.805,0.0,8.058,1.905,0.438,12.707,24.262
2026-04-24 10:32:22,9789,1,1,2.553,184.401,7.05,1.701,0.392,197.219,22.298
2026-04-24 10:32:22,9790,0,1,2.58,0.0,7.037,1.859,0.424,12.427,23.44
2026-04-24 10:32:22,9791,0,1,2.093,0.0,23.181,2.072,0.229,28.121,23.762
2026-04-24 10:32:22,9792,1,1,2.185,169.839,7.433,1.111,0.292,181.88,21.841
2026-04-24 10:32:22,9793,0,1,2.002,0.0,7.699,1.493,0.291,11.852,23.358
2026-04-24 10:32:22,9794,0,1,2.134,0.0,7.838,1.519,0.368,12.315,23.805
2026-04-24 10:32:23,9795,1,1,2.806,467.209,7.526,1.252,0.274,480.285,21.625
2026-04-24 10:32:23,9796,0,1,2.949,0.0,6.091,1.674,0.411,11.478,23.275
2026-04-24 10:32:23,9797,0,1,2.17,0.0,5.519,1.478,0.328,10.016,24.946
2026-04-24 10:32:23,9798,1,1,2.205,178.051,23.375,2.107,0.46,207.256,22.937
2026-04-24 10:32:23,9799,0,1,5.375,0.0,7.584,1.465,0.284,15.081,22.985
2026-04-24 10:32:23,9800,0,1,1.821,0.0,6.493,1.908,0.431,11.248,24.184
2026-04-24 10:32:23,9801,1,1,1.99,182.501,25.412,1.441,0.435,212.616,22.227
2026-04-24 10:32:23,9802,0,1,3.418,0.0,7.979,1.971,0.278,13.909,22.54
2026-04-24 10:32:23,9803,0,1,1.904,0.0,8.54,2.03,0.396,13.442,24.198
2026-04-24 10:32:24,9804,1,1,2.229,164.302,5.522,1.166,0.23,174.527,22.294
2026-04-24 10:32:24,9805,0,1,2.151,0.0,5.92,1.799,0.353,10.681,23.927
2026-04-24 10:32:24,9806,0,1,10.223,0.0,7.111,1.228,0.223,19.281,24.888
2026-04-24 10:32:24,9807,1,1,2.267,176.212,8.257,1.277,0.319,189.466,22.885
2026-04-24 10:32:24,9808,0,1,2.252,0.0,7.67,2.086,0.37,12.862,23.99
2026-04-24 10:32:24,9809,0,1,1.818,0.0,7.699,2.031,0.446,12.545,24.744
2026-04-24 10:32:24,9810,1,1,2.543,158.348,7.041,1.856,0.447,171.573,22.792
2026-04-24 10:32:24,9811,0,1,2.152,0.0,7.729,1.946,0.424,12.856,24.062
2026-04-24 10:32:24,9812,0,1,2.085,0.0,6.599,1.156,0.225,10.609,25.02
2026-04-24 10:32:24,9813,1,1,1.845,159.296,22.086,1.132,0.448,185.713,23.068
2026-04-24 10:32:24,9814,0,1,1.522,0.0,8.07,1.779,0.469,12.365,23.261
2026-04-24 10:32:24,9815,0,1,47.582,0.0,6.506,1.805,0.448,56.898,22.245
2026-04-24 10:32:25,9816,1,1,5.227,156.96,6.233,1.77,0.382,171.587,20.548
2026-04-24 10:32:25,9817,0,1,2.082,0.0,5.483,0.889,0.228,9.155,22.063
2026-04-24 10:32:25,9818,0,1,2.192,0.0,7.553,1.153,0.315,11.73,24.109
2026-04-24 10:32:25,9819,1,1,2.253,164.806,7.861,1.847,0.387,178.307,22.204
2026-04-24 10:32:25,9820,0,1,2.196,0.0,4.891,0.923,0.231,8.83,23.317
2026-04-24 10:32:25,9821,0,1,17.291,0.0,5.913,1.109,0.245,25.023,24.78
2026-04-24 10:32:25,9822,1,1,2.39,158.249,7.576,1.883,0.435,171.833,22.842
2026-04-24 10:32:25,9823,0,1,2.016,0.0,7.8,1.709,0.474,12.523,24.135
2026-04-24 10:32:25,9824,0,1,1.601,0.0,8.15,2.083,0.497,12.872,25.502
2026-04-24 10:32:25,9825,1,1,2.126,156.308,26.996,1.352,0.318,187.822,23.473
2026-04-24 10:32:25,9826,0,1,4.506,0.0,5.697,1.155,0.314,12.19,23.387
2026-04-24 10:32:25,9827,0,1,4.824,0.0,5.894,0.949,0.221,12.202,25.373
2026-04-24 10:32:26,9828,1,1,2.671,170.332,8.027,1.431,0.261,183.847,23.345
2026-04-24 10:32:26,9829,0,1,2.132,0.0,21.32,0.913,0.225,25.078,24.561
2026-04-24 10:32:26,9830,0,1,2.267,0.0,22.124,1.139,0.303,26.357,24.639
2026-04-24 10:32:26,9831,1,1,2.966,170.774,8.14,2.344,0.42,185.821,22.641
2026-04-24 10:32:26,9832,0,1,1.903,0.0,5.077,1.316,0.326,9.127,23.973
2026-04-24 10:32:26,9833,0,1,2.732,0.0,6.52,1.894,0.422,12.121,24.855
2026-04-24 10:32:26,9834,1,1,1.757,174.247,7.561,1.468,0.259,186.477,22.859
2026-04-24 10:32:26,9835,0,1,2.271,0.0,6.304,1.281,0.283,10.52,24.779
2026-04-24 10:32:26,9836,0,1,2.351,0.0,8.63,1.498,0.356,13.431,26.014
2026-04-24 10:32:26,9837,1,1,2.021,167.593,6.316,1.898,0.487,179.552,23.928
2026-04-24 10:32:26,9838,0,1,2.622,0.0,8.521,1.926,0.283,13.683,25.523
2026-04-24 10:32:26,9839,0,1,1.799,0.0,6.661,1.529,0.507,10.96,26.354
2026-04-24 10:32:27,9840,1,1,2.719,161.867,15.435,1.869,0.435,183.623,24.245
2026-04-24 10:32:27,9841,0,1,1.757,0.0,7.879,1.355,0.268,11.556,25.053
2026-04-24 10:32:27,9842,0,1,2.197,0.0,6.899,1.347,0.237,11.193,25.172
2026-04-24 10:32:27,9843,1,1,1.754,240.56,15.576,1.335,0.281,260.184,23.018
2026-04-24 10:32:27,9844,0,1,2.22,0.0,7.025,1.499,0.447,11.778,24.158
2026-04-24 10:32:27,9845,0,1,1.93,0.0,8.455,1.266,0.334,12.488,25.319
2026-04-24 10:32:27,9846,1,1,1.828,172.101,6.807,1.165,0.275,183.209,23.281
2026-04-24 10:32:27,9847,0,1,2.362,0.0,7.819,1.884,0.427,13.111,24.301
2026-04-24 10:32:27,9848,0,1,1.621,0.0,5.876,1.151,0.281,9.456,25.955
2026-04-24 10:32:27,9849,1,1,5.542,183.352,16.899,1.186,0.289,208.125,23.826
2026-04-24 10:32:28,9850,0,1,2.009,0.0,20.848,1.995,0.426,25.832,24.107
2026-04-24 10:32:28,9851,0,1,2.368,0.0,7.317,1.148,0.249,11.645,24.176
2026-04-24 10:32:28,9852,1,1,2.415,217.321,6.624,1.453,0.34,229.129,22.162
2026-04-24 10:32:28,9853,0,1,1.987,0.0,8.054,1.967,0.561,13.039,23.769
2026-04-24 10:32:28,9854,0,1,2.419,0.0,7.859,1.883,0.429,13.164,24.564
2026-04-24 10:32:28,9855,1,1,1.507,172.321,7.536,1.386,0.301,183.721,22.602
2026-04-24 10:32:28,9856,0,1,8.789,0.0,4.866,1.186,0.252,15.342,24.066
2026-04-24 10:32:28,9857,0,1,11.561,0.0,6.536,1.594,0.385,20.492,23.937
2026-04-24 10:32:28,9858,1,1,1.829,216.499,7.733,1.3,0.349,228.618,21.976
2026-04-24 10:32:28,9859,0,1,1.708,0.0,6.407,1.31,0.311,10.064,23.502
2026-04-24 10:32:28,9860,0,1,2.218,0.0,6.162,0.982,0.321,10.07,24.86
2026-04-24 10:32:29,9861,1,1,1.632,327.022,30.864,1.903,0.431,362.889,22.649
2026-04-24 10:32:29,9862,0,1,2.373,0.0,21.884,1.209,0.308,26.133,22.628
2026-04-24 10:32:29,9863,0,1,13.852,0.0,23.368,1.523,0.361,39.525,22.818
2026-04-24 10:32:29,9864,1,1,1.849,278.167,8.314,1.568,0.362,291.522,20.848
2026-04-24 10:32:29,9865,0,1,2.078,0.0,6.042,1.555,0.497,10.767,22.236
2026-04-24 10:32:29,9866,0,1,9.726,0.0,20.577,1.686,0.375,32.776,23.662
2026-04-24 10:32:30,9867,1,1,2.019,351.982,20.387,1.414,0.33,377.136,21.55
2026-04-24 10:32:30,9868,0,1,1.926,0.0,5.77,1.282,0.32,9.834,21.858
2026-04-24 10:32:30,9869,0,1,1.762,0.0,7.945,1.44,0.381,11.866,23.648
2026-04-24 10:32:30,9870,1,1,1.716,255.389,7.353,1.517,0.279,267.191,21.635
2026-04-24 10:32:30,9871,0,1,1.686,0.0,6.045,1.33,0.311,9.832,23.157
2026-04-24 10:32:30,9872,0,1,20.267,0.0,6.293,1.589,0.391,28.931,23.889
2026-04-24 10:32:30,9873,1,1,6.635,235.628,7.271,1.839,0.393,252.804,21.877
2026-04-24 10:32:30,9874,0,1,3.104,0.0,7.515,1.118,0.247,12.468,23.181
2026-04-24 10:32:30,9875,0,1,2.254,0.0,7.64,1.175,0.233,11.805,24.61
2026-04-24 10:32:31,9876,1,1,2.836,201.049,6.612,1.639,0.389,213.589,22.584
2026-04-24 10:32:31,9877,0,1,1.605,0.0,6.522,1.329,0.292,10.73,24.075
2026-04-24 10:32:31,9878,0,1,1.51,0.0,6.189,1.413,0.387,10.4,25.344
2026-04-24 10:32:31,9879,1,1,3.858,215.109,8.272,1.865,0.296,230.518,23.22
2026-04-24 10:32:31,9880,0,1,3.099,0.0,6.32,1.375,0.276,11.551,24.235
2026-04-24 10:32:31,9881,0,1,1.88,0.0,6.956,0.927,0.309,10.471,25.94
2026-04-24 10:32:31,9882,1,1,1.761,234.697,22.133,1.3,0.348,261.157,23.723
2026-04-24 10:32:31,9883,0,1,1.941,0.0,10.346,1.488,0.295,14.572,23.747
2026-04-24 10:32:31,9884,0,1,1.513,0.0,6.567,1.974,0.465,11.092,24.752
2026-04-24 10:32:32,9885,1,1,16.983,496.253,8.175,1.942,0.459,524.887,22.467
2026-04-24 10:32:32,9886,0,1,1.85,0.0,20.79,1.82,0.312,25.268,23.57
2026-04-24 10:32:32,9887,0,1,13.323,0.0,7.206,1.604,0.37,22.825,23.694
2026-04-24 10:32:32,9888,1,1,6.417,188.935,19.822,1.356,0.272,217.862,21.782
2026-04-24 10:32:32,9889,0,1,1.612,0.0,17.333,1.453,0.449,21.335,22.267
2026-04-24 10:32:32,9890,0,1,1.62,0.0,7.821,1.568,0.33,11.863,22.956
2026-04-24 10:32:32,9891,1,1,1.619,178.038,7.483,1.803,0.223,190.171,21.145
2026-04-24 10:32:32,9892,0,1,2.242,0.0,6.918,1.117,0.318,10.887,22.761
2026-04-24 10:32:32,9893,0,1,2.004,0.0,6.969,1.569,0.461,11.523,24.31
2026-04-24 10:32:33,9894,1,1,2.09,169.951,6.875,1.163,0.382,181.438,22.384
2026-04-24 10:32:33,9895,0,1,1.611,0.0,5.623,1.32,0.345,9.392,24.214
2026-04-24 10:32:33,9896,0,1,1.996,0.0,6.773,1.474,0.344,11.026,25.62
2026-04-24 10:32:33,9897,1,1,2.881,196.98,6.367,1.891,0.423,209.346,23.505
2026-04-24 10:32:33,9898,0,1,2.168,0.0,5.635,1.049,0.329,9.649,24.925
2026-04-24 10:32:33,9899,0,1,1.612,0.0,10.134,1.797,0.465,14.456,26.492
2026-04-24 10:32:33,9900,1,1,3.346,192.593,30.031,1.898,0.501,229.425,24.271
2026-04-24 10:32:33,9901,0,1,2.186,0.0,7.657,1.669,0.325,12.317,24.117
2026-04-24 10:32:33,9902,0,1,5.314,0.0,24.2,1.524,0.398,31.83,25.181
2026-04-24 10:32:34,9903,1,1,6.114,195.218,15.88,1.428,0.402,220.107,23.08
2026-04-24 10:32:34,9904,0,1,1.836,0.0,7.954,1.759,0.418,12.462,23.442
2026-04-24 10:32:34,9905,0,1,2.03,0.0,7.759,1.939,0.321,12.55,24.829
2026-04-24 10:32:34,9906,1,1,5.911,206.725,6.821,1.758,0.312,222.525,22.765
2026-04-24 10:32:34,9907,0,1,1.934,0.0,7.899,1.509,0.384,12.335,23.917
2026-04-24 10:32:34,9908,0,1,1.749,0.0,7.904,1.602,0.406,12.14,24.561
2026-04-24 10:32:34,9909,1,1,1.864,220.872,27.466,1.671,0.413,253.37,22.501
2026-04-24 10:32:34,9910,0,1,8.164,0.0,25.452,2.374,0.64,38.07,22.502
2026-04-24 10:32:34,9911,0,1,2.545,0.0,9.194,2.115,0.414,14.768,22.159
2026-04-24 10:32:35,9912,1,1,1.811,340.224,8.794,1.818,0.438,354.216,20.211
2026-04-24 10:32:35,9913,0,1,5.753,0.0,9.279,1.859,0.433,17.807,21.297
2026-04-24 10:32:35,9914,0,1,7.037,0.0,9.732,1.859,0.424,19.528,22.076
2026-04-24 10:32:35,9915,1,1,9.322,249.04,23.862,1.805,0.391,285.537,20.223
2026-04-24 10:32:35,9916,0,1,2.102,0.0,8.741,1.756,0.404,13.494,20.442
2026-04-24 10:32:35,9917,0,1,2.204,0.0,10.151,2.074,0.458,15.388,21.323
2026-04-24 10:32:35,9918,1,1,9.642,410.436,8.633,1.932,0.449,432.24,19.416
2026-04-24 10:32:35,9919,0,1,4.777,0.0,8.282,2.371,0.417,16.324,20.435
2026-04-24 10:32:36,9920,0,1,12.655,0.0,8.236,2.12,0.411,24.026,21.238
2026-04-24 10:32:36,9921,1,1,3.346,376.71,25.724,2.154,0.403,409.512,19.358
2026-04-24 10:32:36,9922,0,1,6.817,0.0,26.707,1.813,0.405,36.252,19.526
2026-04-24 10:32:36,9923,0,1,4.929,0.0,26.048,1.898,0.409,33.781,19.636
2026-04-24 10:32:36,9924,1,1,4.296,307.509,8.521,1.918,0.403,323.86,17.951
2026-04-24 10:32:36,9925,0,1,21.452,0.0,11.704,2.308,0.456,36.433,17.951
2026-04-24 10:32:36,9926,0,1,1.916,0.0,9.91,2.043,0.487,14.859,20.659
2026-04-24 10:32:37,9927,1,1,2.264,531.836,9.704,1.952,0.442,547.263,18.774
2026-04-24 10:32:37,9928,0,1,3.041,0.0,9.539,1.779,0.412,15.329,19.819
2026-04-24 10:32:37,9929,0,1,11.978,0.0,9.495,2.261,0.41,24.603,20.899
2026-04-24 10:32:37,9930,1,1,12.204,348.609,9.575,1.799,0.396,373.95,19.068
2026-04-24 10:32:38,9931,0,1,2.294,0.0,9.574,1.961,0.49,14.892,19.718
2026-04-24 10:32:38,9932,0,1,25.843,0.0,10.26,1.979,0.456,39.05,19.845
2026-04-24 10:32:38,9933,1,1,8.983,753.93,7.932,1.816,0.415,774.055,17.987
2026-04-24 10:32:38,9934,0,1,15.732,0.0,10.146,2.025,0.429,28.83,19.605
2026-04-24 10:32:38,9935,0,1,17.372,0.0,9.66,1.791,0.426,29.775,20.573
2026-04-24 10:32:39,9936,1,1,1.698,375.749,8.471,1.9,0.538,389.641,18.759
2026-04-24 10:32:39,9937,0,1,2.224,0.0,9.608,2.153,0.486,15.005,19.769
2026-04-24 10:32:39,9938,0,1,10.56,0.0,28.812,1.95,0.436,42.233,20.554
2026-04-24 10:32:39,9939,1,1,10.687,333.512,9.504,1.765,0.403,356.826,18.757
2026-04-24 10:32:39,9940,0,1,2.107,0.0,8.207,2.093,0.416,13.287,20.269
2026-04-24 10:32:39,9941,0,1,2.666,0.0,9.791,1.87,0.392,15.472,20.904
2026-04-24 10:32:40,9942,1,1,1.945,740.544,21.74,2.046,0.386,767.719,18.945
2026-04-24 10:32:40,9943,0,1,1.963,0.0,38.564,2.021,0.429,43.691,20.4
2026-04-24 10:32:40,9944,0,1,9.897,0.0,36.425,1.852,0.366,49.045,19.903
2026-04-24 10:32:41,9945,1,1,1.629,450.162,24.724,1.835,0.384,479.818,18.113
2026-04-24 10:32:41,9946,0,1,2.231,0.0,9.689,1.946,0.443,14.815,18.453
2026-04-24 10:32:41,9947,0,1,8.812,0.0,8.643,1.789,0.432,20.234,19.74
2026-04-24 10:32:41,9948,1,1,1.886,445.94,27.929,1.759,0.415,479.014,17.973
2026-04-24 10:32:41,9949,0,1,2.191,0.0,23.323,1.8,0.423,28.244,18.266
2026-04-24 10:32:41,9950,0,1,1.907,0.0,17.636,1.708,0.397,22.148,18.452
2026-04-24 10:32:42,9951,1,1,2.153,312.312,8.255,1.906,0.411,326.185,16.891
2026-04-24 10:32:42,9952,0,1,9.119,0.0,8.39,1.869,0.422,20.602,18.472
2026-04-24 10:32:42,9953,0,1,6.973,0.0,8.337,1.702,0.396,17.929,19.85
2026-04-24 10:32:42,9954,1,1,1.915,320.882,7.717,1.768,0.405,333.911,18.148
2026-04-24 10:32:42,9955,0,1,3.788,0.0,8.707,1.73,0.362,15.085,19.721
2026-04-24 10:32:42,9956,0,1,2.013,0.0,8.286,2.119,0.449,13.361,20.952
2026-04-24 10:32:43,9957,1,1,8.57,290.668,8.782,1.941,0.414,311.784,19.163
2026-04-24 10:32:43,9958,0,1,8.556,0.0,9.371,2.483,0.416,21.289,20.578
2026-04-24 10:32:43,9959,0,1,1.897,0.0,8.334,1.836,0.548,13.081,21.53
2026-04-24 10:32:43,9960,1,1,1.767,335.838,9.547,2.085,0.433,350.769,19.649
2026-04-24 10:32:43,9961,0,1,1.806,0.0,21.757,3.468,0.473,28.114,20.373
2026-04-24 10:32:43,9962,0,1,1.733,0.0,8.561,1.74,0.417,12.958,20.198
2026-04-24 10:32:43,9963,1,1,2.628,387.768,15.605,1.866,0.382,410.083,18.413
2026-04-24 10:32:43,9964,0,1,17.985,0.0,8.262,1.747,0.385,28.819,19.341
2026-04-24 10:32:44,9965,0,1,16.779,0.0,7.982,1.747,0.472,27.467,20.774
2026-04-24 10:32:44,9966,1,1,2.499,806.257,7.544,1.515,0.364,819.255,18.818
2026-04-24 10:32:44,9967,0,1,1.969,0.0,7.69,1.506,0.364,12.01,20.513
2026-04-24 10:32:44,9968,0,1,5.341,0.0,7.351,1.801,0.356,15.343,22.166
2026-04-24 10:32:45,9969,1,1,3.634,258.345,24.846,1.93,0.485,290.465,20.296
2026-04-24 10:32:45,9970,0,1,2.963,0.0,21.169,1.921,0.429,26.993,20.435
2026-04-24 10:32:45,9971,0,1,5.111,0.0,25.007,2.588,0.408,33.655,20.782
2026-04-24 10:32:45,9972,1,1,2.006,279.809,28.456,1.944,0.396,313.68,19.004
2026-04-24 10:32:45,9973,0,1,8.6,0.0,23.852,1.773,0.413,35.088,19.251
2026-04-24 10:32:45,9974,0,1,15.785,0.0,23.685,2.667,0.387,42.96,19.551
2026-04-24 10:32:46,9975,1,1,1.944,422.987,23.653,1.789,0.389,452.015,17.807
2026-04-24 10:32:46,9976,0,1,2.417,0.0,24.103,1.783,0.413,29.211,18.132
2026-04-24 10:32:46,9977,0,1,1.887,0.0,24.215,2.259,0.412,29.295,18.52
2026-04-24 10:32:46,9978,1,1,3.679,278.23,8.574,1.739,0.406,293.557,16.974
2026-04-24 10:32:46,9979,0,1,17.404,0.0,8.327,1.818,0.417,28.314,18.479
2026-04-24 10:32:46,9980,0,1,2.612,0.0,7.927,1.807,0.404,13.231,19.384
2026-04-24 10:32:47,9981,1,1,3.971,353.695,8.852,2.106,0.458,370.471,17.713
2026-04-24 10:32:47,9982,0,1,13.82,0.0,10.031,6.839,0.535,32.004,18.651
2026-04-24 10:32:47,9983,0,1,2.013,0.0,9.083,2.02,0.471,14.153,19.088
2026-04-24 10:32:47,9984,1,1,7.918,280.848,8.566,2.123,0.406,300.948,17.495
2026-04-24 10:32:47,9985,0,1,7.744,0.0,7.86,1.719,0.447,18.217,19.059
2026-04-24 10:32:47,9986,0,1,2.277,0.0,7.955,1.658,0.355,12.704,20.566
2026-04-24 10:32:47,9987,1,1,1.925,241.742,8.446,1.684,0.478,255.288,18.875
2026-04-24 10:32:47,9988,0,1,2.091,0.0,9.137,1.559,0.379,13.693,19.994
2026-04-24 10:32:47,9989,0,1,4.701,0.0,7.862,1.72,0.412,15.33,21.645
2026-04-24 10:32:48,9990,1,1,8.181,271.179,8.111,1.81,0.563,291.225,19.814
2026-04-24 10:32:48,9991,0,1,2.159,0.0,9.341,2.262,0.441,14.685,20.878
2026-04-24 10:32:48,9992,0,1,1.903,0.0,10.618,1.711,0.465,15.238,21.507
2026-04-24 10:32:48,9993,1,1,1.896,258.02,23.585,1.697,0.351,287.12,19.698
2026-04-24 10:32:48,9994,0,1,6.438,0.0,24.436,1.809,0.43,33.602,19.954
2026-04-24 10:32:48,9995,0,1,4.475,0.0,24.313,1.742,0.383,31.339,20.08
2026-04-24 10:32:48,9996,1,1,6.197,223.595,23.387,1.661,0.425,256.531,18.444
2026-04-24 10:32:48,9997,0,1,2.082,0.0,23.924,2.734,0.367,29.611,18.743
2026-04-24 10:32:48,9998,0,1,1.93,0.0,8.381,1.807,0.433,12.966,18.971
2026-04-24 10:32:49,9999,1,1,6.823,219.225,7.649,1.706,0.399,236.846,17.477
2026-04-24 10:32:49,10000,0,1,1.829,0.0,7.562,1.728,0.383,11.924,18.944
2026-04-24 10:32:49,10001,0,1,10.883,0.0,8.216,1.604,0.376,21.568,19.964
2026-04-24 10:32:49,10002,1,1,2.114,222.019,7.764,1.858,0.412,235.353,18.359
2026-04-24 10:32:49,10003,0,1,2.0,0.0,7.693,1.804,0.469,12.44,19.741
2026-04-24 10:32:49,10004,0,1,1.68,0.0,7.557,1.644,0.389,11.709,21.19
2026-04-24 10:32:49,10005,1,1,8.98,215.556,7.719,1.637,0.347,235.258,19.481
2026-04-24 10:32:49,10006,0,1,2.027,0.0,9.18,1.76,0.47,13.962,20.878
2026-04-24 10:32:49,10007,0,1,2.129,0.0,8.033,1.651,0.386,12.704,21.882
2026-04-24 10:32:50,10008,1,1,2.27,207.959,8.435,1.643,0.392,221.892,20.112
2026-04-24 10:32:50,10009,0,1,1.968,0.0,9.006,1.943,0.408,13.761,21.254
2026-04-24 10:32:50,10010,0,1,2.127,0.0,8.883,1.759,0.422,13.7,22.244
2026-04-24 10:32:50,10011,1,1,2.006,238.615,8.095,1.922,0.417,252.256,20.386
2026-04-24 10:32:50,10012,0,1,8.906,0.0,17.225,1.676,0.373,28.789,21.436
2026-04-24 10:32:50,10013,0,1,2.088,0.0,8.34,1.677,0.368,13.025,22.6
2026-04-24 10:32:50,10014,1,1,8.664,249.006,23.27,1.873,0.435,284.334,20.697
2026-04-24 10:32:50,10015,0,1,1.728,0.0,23.078,1.895,0.495,27.687,20.749
2026-04-24 10:32:50,10016,0,1,4.569,0.0,23.362,1.91,0.421,30.762,20.99
2026-04-24 10:32:51,10017,1,1,7.118,433.919,7.827,1.97,0.413,452.487,19.099
2026-04-24 10:32:51,10018,0,1,2.156,0.0,8.841,1.989,0.456,13.996,20.357
2026-04-24 10:32:51,10019,0,1,1.869,0.0,8.234,1.62,0.4,12.607,21.745
2026-04-24 10:32:51,10020,1,1,7.249,263.543,8.398,1.743,0.413,282.522,19.908
2026-04-24 10:32:51,10021,0,1,1.869,0.0,8.618,1.861,0.424,13.291,20.931
2026-04-24 10:32:51,10022,0,1,4.895,0.0,8.696,1.6,0.541,16.213,22.168
2026-04-24 10:32:52,10023,1,1,10.151,181.365,7.199,1.818,0.429,201.931,20.419
2026-04-24 10:32:52,10024,0,1,2.428,0.0,7.611,1.696,0.411,12.587,21.95
2026-04-24 10:32:52,10025,0,1,4.834,0.0,7.966,1.642,0.338,15.237,23.479
2026-04-24 10:32:52,10026,1,1,8.376,234.924,7.944,1.732,0.435,254.471,21.511
2026-04-24 10:32:52,10027,0,1,6.308,0.0,8.215,1.765,0.397,17.366,22.868
2026-04-24 10:32:52,10028,0,1,8.058,0.0,8.013,1.605,0.492,18.621,24.18
2026-04-24 10:32:52,10029,1,1,2.081,246.347,8.694,1.982,0.425,260.625,22.121
2026-04-24 10:32:52,10030,0,1,4.233,0.0,7.973,1.917,0.424,15.044,23.286
2026-04-24 10:32:52,10031,0,1,3.816,0.0,8.08,1.993,0.394,14.772,24.123
2026-04-24 10:32:52,10032,1,1,2.09,199.056,7.37,1.85,0.353,211.693,22.144
2026-04-24 10:32:52,10033,0,1,2.298,0.0,7.705,1.771,0.418,12.673,23.175
2026-04-24 10:32:53,10034,0,1,1.93,0.0,7.838,1.835,0.418,12.517,24.484
2026-04-24 10:32:53,10035,1,1,9.543,167.742,6.892,1.487,0.351,187.001,22.532
2026-04-24 10:32:53,10036,0,1,1.605,0.0,7.932,1.881,0.418,12.346,23.792
2026-04-24 10:32:53,10037,0,1,2.401,0.0,8.061,1.991,0.456,13.306,24.567
2026-04-24 10:32:53,10038,1,1,10.69,204.505,8.977,1.808,0.327,227.321,22.521
2026-04-24 10:32:53,10039,0,1,3.115,0.0,7.419,1.648,0.443,13.145,23.395
2026-04-24 10:32:53,10040,0,1,2.271,0.0,7.954,1.493,0.349,12.568,24.585
2026-04-24 10:32:53,10041,1,1,2.467,211.46,8.284,1.604,0.332,225.029,22.535
2026-04-24 10:32:53,10042,0,1,2.208,0.0,8.137,1.938,0.489,13.297,23.827
2026-04-24 10:32:53,10043,0,1,2.904,0.0,6.761,1.779,0.456,12.387,24.733
2026-04-24 10:32:54,10044,1,1,1.824,289.925,7.854,1.755,0.456,302.995,22.571
2026-04-24 10:32:54,10045,0,1,8.513,0.0,7.961,1.984,0.332,19.419,23.887
2026-04-24 10:32:54,10046,0,1,8.344,0.0,7.999,1.72,0.443,19.013,24.967
2026-04-24 10:32:54,10047,1,1,4.453,221.719,18.623,1.842,0.398,247.997,22.867
2026-04-24 10:32:54,10048,0,1,2.71,0.0,12.588,1.579,0.359,17.742,23.15
2026-04-24 10:32:54,10049,0,1,1.956,0.0,8.922,1.756,0.395,13.53,23.539
2026-04-24 10:32:54,10050,1,1,9.168,217.126,8.66,1.804,0.361,238.198,21.59
2026-04-24 10:32:54,10051,0,1,1.859,0.0,8.317,1.817,0.424,12.906,22.709
2026-04-24 10:32:54,10052,0,1,1.927,0.0,7.125,1.603,0.412,11.574,23.651
2026-04-24 10:32:55,10053,1,1,2.293,290.517,8.001,1.787,0.38,304.022,21.596
2026-04-24 10:32:55,10054,0,1,5.673,0.0,8.256,1.809,0.447,16.958,23.049
2026-04-24 10:32:55,10055,0,1,2.7,0.0,21.323,1.795,0.363,26.709,24.003
2026-04-24 10:32:55,10056,1,1,1.913,252.456,11.918,1.756,0.382,269.435,21.939
2026-04-24 10:32:55,10057,0,1,1.698,0.0,23.039,1.7,0.417,27.309,22.508
2026-04-24 10:32:55,10058,0,1,2.178,0.0,8.324,1.607,0.438,12.943,22.462
2026-04-24 10:32:55,10059,1,1,2.426,234.213,29.469,1.797,0.462,269.34,20.59
2026-04-24 10:32:55,10060,0,1,9.016,0.0,8.043,1.583,0.425,19.668,20.706
2026-04-24 10:32:55,10061,0,1,7.356,0.0,8.133,1.551,0.423,18.383,22.316
2026-04-24 10:32:56,10062,1,1,1.657,240.413,7.973,1.716,0.4,253.204,20.453
2026-04-24 10:32:56,10063,0,1,1.805,0.0,22.364,2.38,0.394,27.434,21.538
2026-04-24 10:32:56,10064,0,1,1.748,0.0,22.873,1.689,0.366,27.301,21.627
2026-04-24 10:32:56,10065,1,1,1.747,276.766,7.88,1.883,0.408,289.684,19.775
2026-04-24 10:32:56,10066,0,1,1.808,0.0,7.475,1.904,0.455,12.126,21.319
2026-04-24 10:32:56,10067,0,1,10.118,0.0,22.463,1.712,0.377,35.11,22.38
2026-04-24 10:32:56,10068,1,1,1.916,176.948,7.912,1.734,0.42,190.79,20.596
2026-04-24 10:32:56,10069,0,1,9.614,0.0,12.754,1.591,0.373,24.786,22.804
2026-04-24 10:32:57,10070,0,1,3.365,0.0,21.282,1.703,0.377,27.164,25.327
2026-04-24 10:32:57,10071,1,1,2.727,305.168,7.519,1.836,0.367,318.564,23.092
2026-04-24 10:32:57,10072,0,1,1.64,0.0,7.374,1.834,0.45,11.714,24.07
2026-04-24 10:32:57,10073,0,1,1.901,0.0,7.985,1.895,0.432,12.715,25.098
2026-04-24 10:32:57,10074,1,1,1.956,181.924,22.899,1.86,0.426,210.089,23.056
2026-04-24 10:32:57,10075,0,1,1.628,0.0,24.242,1.43,0.326,28.111,22.922
2026-04-24 10:32:57,10076,0,1,2.137,0.0,23.351,1.728,0.374,28.08,22.885
2026-04-24 10:32:57,10077,1,1,3.969,234.266,8.2,1.877,0.411,249.729,20.952
2026-04-24 10:32:57,10078,0,1,1.758,0.0,9.575,1.704,0.391,13.982,22.551
2026-04-24 10:32:58,10079,0,1,2.473,0.0,7.674,2.386,0.536,13.62,23.387
2026-04-24 10:32:58,10080,1,1,1.708,236.402,7.616,1.676,0.42,248.821,21.44
2026-04-24 10:32:58,10081,0,1,1.68,0.0,8.726,1.737,0.394,13.018,22.584
2026-04-24 10:32:58,10082,0,1,2.312,0.0,7.613,1.578,0.414,12.331,23.566
2026-04-24 10:32:58,10083,1,1,1.72,280.493,7.372,1.686,0.366,292.788,21.53
2026-04-24 10:32:58,10084,0,1,4.381,0.0,7.603,1.502,0.353,14.248,22.942
2026-04-24 10:32:58,10085,0,1,6.676,0.0,7.372,2.246,0.383,17.106,24.408
2026-04-24 10:32:58,10086,1,1,1.977,211.531,7.981,1.812,0.43,224.782,22.381
2026-04-24 10:32:58,10087,0,1,1.909,0.0,7.802,1.576,0.409,12.214,23.421
2026-04-24 10:32:59,10088,0,1,1.923,0.0,7.561,1.637,0.339,11.902,24.412
2026-04-24 10:32:59,10089,1,1,1.808,176.293,7.846,1.815,0.418,189.214,22.456
2026-04-24 10:32:59,10090,0,1,8.361,0.0,6.864,1.734,0.364,17.764,23.684
2026-04-24 10:32:59,10091,0,1,1.587,0.0,7.073,1.533,0.358,11.044,25.158
2026-04-24 10:32:59,10092,1,1,2.073,176.054,7.52,1.625,0.326,188.55,23.123
2026-04-24 10:32:59,10093,0,1,7.535,0.0,8.255,1.804,0.392,18.465,24.586
2026-04-24 10:32:59,10094,0,1,1.642,0.0,24.776,1.981,0.416,29.179,25.228
2026-04-24 10:32:59,10095,1,1,2.082,210.362,7.988,1.489,0.382,239.434,23.091
2026-04-24 10:32:59,10096,0,1,1.75,0.0,8.479,1.806,0.396,13.512,23.908
2026-04-24 10:32:59,10097,0,1,2.186,0.0,23.992,1.752,0.395,28.862,27.314
2026-04-24 10:33:00,10098,1,1,2.629,357.241,8.063,1.83,0.349,371.351,24.839
2026-04-24 10:33:00,10099,0,1,7.919,0.0,7.39,1.582,0.394,17.756,25.716
2026-04-24 10:33:00,10100,0,1,8.487,0.0,8.989,1.516,0.351,19.843,26.804
2026-04-24 10:33:00,10101,1,1,1.816,247.627,29.432,2.05,0.513,282.566,24.496
2026-04-24 10:33:00,10102,0,1,1.89,0.0,36.518,1.724,0.41,41.055,25.147
2026-04-24 10:33:00,10103,0,1,1.553,0.0,20.432,1.384,0.314,24.173,24.39
2026-04-24 10:33:00,10104,1,1,15.336,214.971,7.661,1.589,0.415,241.028,22.34
2026-04-24 10:33:00,10105,0,1,1.738,0.0,22.441,1.6,0.344,26.656,23.716
2026-04-24 10:33:00,10106,0,1,2.037,0.0,22.485,2.122,0.362,27.484,23.664
2026-04-24 10:33:01,10107,1,1,2.234,305.11,8.48,1.996,0.415,319.377,21.582
2026-04-24 10:33:01,10108,0,1,1.942,0.0,7.797,1.704,0.367,12.404,22.938
2026-04-24 10:33:01,10109,0,1,2.65,0.0,7.598,1.798,0.355,12.846,24.032
2026-04-24 10:33:01,10110,1,1,9.402,541.154,8.004,2.006,0.409,562.139,21.806
2026-04-24 10:33:01,10111,0,1,2.544,0.0,7.703,1.48,0.351,12.512,22.962
2026-04-24 10:33:02,10112,0,1,1.919,0.0,6.969,1.953,0.528,11.762,23.987
2026-04-24 10:33:02,10113,1,1,8.196,244.668,7.926,1.815,0.414,263.993,21.954
2026-04-24 10:33:02,10114,0,1,1.976,0.0,7.912,2.059,0.397,12.859,23.155
2026-04-24 10:33:02,10115,0,1,9.95,0.0,8.719,1.656,0.386,21.178,23.863
2026-04-24 10:33:02,10116,1,1,9.575,225.855,7.869,1.667,0.423,246.426,21.866
2026-04-24 10:33:02,10117,0,1,2.392,0.0,8.529,1.636,0.406,13.444,23.238
2026-04-24 10:33:02,10118,0,1,2.482,0.0,7.284,1.67,0.436,12.416,23.949
2026-04-24 10:33:02,10119,1,1,2.195,174.002,22.837,1.77,0.404,202.343,22.039
2026-04-24 10:33:02,10120,0,1,1.866,0.0,6.847,1.62,0.446,11.269,22.063
2026-04-24 10:33:02,10121,0,1,1.734,0.0,7.225,1.535,0.371,11.374,23.282
2026-04-24 10:33:03,10122,1,1,1.972,149.077,7.587,1.801,0.381,161.686,21.514
2026-04-24 10:33:03,10123,0,1,2.786,0.0,6.808,1.492,0.392,11.889,23.027
2026-04-24 10:33:03,10124,0,1,2.126,0.0,6.483,1.501,0.368,10.958,24.263
2026-04-24 10:33:03,10125,1,1,2.011,169.445,8.513,1.752,0.397,183.126,22.338
2026-04-24 10:33:03,10126,0,1,2.637,0.0,23.121,1.699,0.405,28.301,23.524
2026-04-24 10:33:03,10127,0,1,1.783,0.0,8.016,2.114,0.501,13.075,23.367
2026-04-24 10:33:03,10128,1,1,1.804,151.358,7.667,1.726,0.393,163.868,21.581
2026-04-24 10:33:03,10129,0,1,9.852,0.0,7.903,1.793,0.398,20.438,22.89
2026-04-24 10:33:03,10130,0,1,2.043,0.0,7.711,1.866,0.429,12.533,23.765
2026-04-24 10:33:03,10131,1,1,2.736,172.58,7.248,1.46,0.329,185.276,21.873
2026-04-24 10:33:03,10132,0,1,1.716,0.0,7.9,1.786,0.419,12.299,23.59
2026-04-24 10:33:03,10133,0,1,10.418,0.0,6.984,1.788,0.402,20.044,24.644
2026-04-24 10:33:04,10134,1,1,1.819,166.177,7.747,1.85,0.426,178.958,22.688
2026-04-24 10:33:04,10135,0,1,2.023,0.0,6.808,1.544,0.383,11.22,24.024
2026-04-24 10:33:04,10136,0,1,2.002,0.0,7.662,1.725,0.423,12.328,25.318
2026-04-24 10:33:04,10137,1,1,2.066,168.124,7.521,1.752,0.372,180.84,23.285
2026-04-24 10:33:04,10138,0,1,1.678,0.0,7.704,1.938,0.415,12.229,24.549
2026-04-24 10:33:04,10139,0,1,16.345,0.0,6.593,1.46,0.342,25.21,24.913
2026-04-24 10:33:04,10140,1,1,5.977,161.06,7.088,1.445,0.356,176.895,22.934
2026-04-24 10:33:04,10141,0,1,1.634,0.0,7.534,1.592,0.446,11.686,24.326
2026-04-24 10:33:04,10142,0,1,11.194,0.0,7.265,1.636,0.453,20.939,25.335
2026-04-24 10:33:04,10143,1,1,1.786,194.307,7.289,1.824,0.322,206.514,23.244
2026-04-24 10:33:04,10144,0,1,2.338,0.0,7.476,1.817,0.411,12.527,24.445
2026-04-24 10:33:05,10145,0,1,1.992,0.0,6.825,1.558,0.393,11.285,25.332
2026-04-24 10:33:05,10146,1,1,1.879,180.228,7.49,1.85,0.399,192.933,23.269
2026-04-24 10:33:05,10147,0,1,1.725,0.0,7.103,1.578,0.386,11.27,24.105
2026-04-24 10:33:05,10148,0,1,8.816,0.0,7.954,1.853,0.444,19.557,25.228
2026-04-24 10:33:05,10149,1,1,1.862,164.125,7.477,1.432,0.381,176.233,23.218
2026-04-24 10:33:05,10150,0,1,1.831,0.0,20.781,1.503,0.386,25.01,24.498
2026-04-24 10:33:05,10151,0,1,1.713,0.0,18.095,1.343,0.315,22.036,24.479
